{
  "total": 2000,
  "succeeded": 1560,
  "skipped": 3,
  "failed": 437,
  "retry_exhausted": 0,
  "items": [
    {
      "url": "https://news.qq.com/rain/a/20260903A076TW00",
      "title": "",
      "collection_id": null,
      "insert_len": 0,
      "status": "failed",
      "error": "EOF occurred in violation of protocol (_ssl.c:1006)"
    },
    {
      "url": "https://news.qq.com/rain/a/20260903A0769C00",
      "title": "小米18 Fold搭载徕卡专业三摄 支持3.5倍光学变焦",
      "collection_id": "6a9a3b58462e4bbfa78e6463",
      "insert_len": 0,
      "status": "success"
    },
    {
      "url": "https://news.qq.com/rain/a/20260903A0769W00",
      "title": "",
      "collection_id": null,
      "insert_len": 0,
      "status": "failed",
      "error": "EOF occurred in violation of protocol (_ssl.c:1006)"
    },
    {
      "url": "https://news.qq.com/rain/a/20260903A075YU00",
      "title": "",
      "collection_id": null,
      "insert_len": 0,
      "status": "failed",
      "error": "EOF occurred in violation of protocol (_ssl.c:1006)"
    },
    {
      "url": "https://news.qq.com/rain/a/20260903A075YS00",
      "title": "43天6证，网签破百套！这个楼盘提前把“金九银十”过了？",
      "collection_id": "6a9a3b58462e4bbfa78e6585",
      "insert_len": 0,
      "status": "success"
    },
    {
      "url": "https://news.qq.com/rain/a/20260903A076AE00",
      "title": "斯诺克英国公开赛：赵心童晋级32强 丁俊晖无缘1/8决赛",
      "collection_id": "6a9a3b59462e4bbfa78e65b9",
      "insert_len": 0,
      "status": "success"
    },
    {
      "url": "https://news.qq.com/rain/a/20260903A076HY00",
      "title": "国科光芯完成数亿元B+轮融资",
      "collection_id": "6a9a3b59462e4bbfa78e6603",
      "insert_len": 0,
      "status": "success"
    },
    {
      "url": "https://news.qq.com/rain/a/20260903A076N500",
      "title": "韩旭谈世界杯目标：队友们都很年轻，我们就是尽己所能打好",
      "collection_id": "6a9a3b5a462e4bbfa78e6633",
      "insert_len": 0,
      "status": "success"
    },
    {
      "url": "https://news.qq.com/rain/a/20260903A076JP00",
      "title": "尹烨&邢立达：中国深潜器去了马里亚纳海沟，发现了什么？",
      "collection_id": "6a9a3b5a462e4bbfa78e6663",
      "insert_len": 0,
      "status": "success"
    },
    {
      "url": "https://news.qq.com/rain/a/20260903A075W400",
      "title": "液冷火热！603270“四天三板”",
      "collection_id": "6a9a3b5b462e4bbfa78e66a3",
      "insert_len": 0,
      "status": "success"
    },
    {
      "url": "https://news.qq.com/rain/a/20260903A076AG00",
      "title": "台积电设备采购预估值近乎翻倍，AI驱动晶圆厂大规模扩产",
      "collection_id": "6a9a3b5b462e4bbfa78e66e5",
      "insert_len": 0,
      "status": "success"
    },
    {
      "url": "https://news.qq.com/rain/a/20260903A075BK00",
      "title": "公开招聘！又一波岗位来了",
      "collection_id": "6a9a3b5c462e4bbfa78e6712",
      "insert_len": 0,
      "status": "success"
    },
    {
      "url": "https://news.qq.com/rain/a/20260903A076LB00",
      "title": "“创新智造看新疆”主题采访活动走进克拉玛依",
      "collection_id": "6a9a3b5d462e4bbfa78e67b2",
      "insert_len": 0,
      "status": "success"
    },
    {
      "url": "https://news.qq.com/rain/a/20260903A076E300",
      "title": "重构安全防护新范式！第七届天津国际反病毒大会在滨海新区召开",
      "collection_id": "6a9a3b5d462e4bbfa78e67df",
      "insert_len": 0,
      "status": "success"
    },
    {
      "url": "https://news.qq.com/rain/a/20260903A076HP00",
      "title": "“拐点”信号渐近：养殖ETF万家(159023)如何锚定猪周期反转窗口",
      "collection_id": "6a9a3b5d462e4bbfa78e677a",
      "insert_len": 0,
      "status": "success"
    },
    {
      "url": "https://news.qq.com/rain/a/20260903A076LY00",
      "title": "世界报：皇马青训球员只卖50%策略大成功，今夏收益达2.16亿",
      "collection_id": "6a9a3b5d462e4bbfa78e680d",
      "insert_len": 0,
      "status": "success"
    },
    {
      "url": "https://news.qq.com/rain/a/20260903A06QU000",
      "title": "无座票与二等座票价持平，12306 称改不了，票价困局真的无解吗？",
      "collection_id": "6a9a3b5d462e4bbfa78e683a",
      "insert_len": 0,
      "status": "success"
    },
    {
      "url": "https://news.qq.com/rain/a/20260903A076LK00",
      "title": "",
      "collection_id": null,
      "insert_len": 0,
      "status": "failed",
      "error": "新闻内容过短。"
    },
    {
      "url": "https://news.qq.com/rain/a/20260903A076LF00",
      "title": "老人与保姆结婚，未满两年离世，遗嘱几乎将全部财产留给女方，法院：遗嘱无效",
      "collection_id": "6a9a3b5d462e4bbfa78e68a4",
      "insert_len": 0,
      "status": "success"
    },
    {
      "url": "https://news.qq.com/rain/a/20260903A075BC00",
      "title": "贷款、提取、缴存……2026红河州公积金新政热点问答来了",
      "collection_id": "6a9a3b5d462e4bbfa78e6909",
      "insert_len": 0,
      "status": "success"
    },
    {
      "url": "https://news.qq.com/rain/a/20260903A076M600",
      "title": "谷歌Googlebook新应用Look up短暂上架",
      "collection_id": "6a9a3b5d462e4bbfa78e68d3",
      "insert_len": 0,
      "status": "success"
    },
    {
      "url": "https://news.qq.com/rain/a/20260903A076HS00",
      "title": "",
      "collection_id": null,
      "insert_len": 0,
      "status": "failed",
      "error": "EOF occurred in violation of protocol (_ssl.c:1006)"
    },
    {
      "url": "https://news.qq.com/rain/a/20260903A076JA00",
      "title": "虚拟艺人灰产调查续：处方药视频已不可见，有账号主页被清空",
      "collection_id": "6a9a3b5e462e4bbfa78e69e8",
      "insert_len": 0,
      "status": "success"
    },
    {
      "url": "https://news.qq.com/rain/a/20260903A076HJ00",
      "title": "科创半导体设备ETF鹏华备受关注，国际晶圆代工龙头设备采购预估值翻倍",
      "collection_id": "6a9a3b5e462e4bbfa78e69a1",
      "insert_len": 0,
      "status": "success"
    },
    {
      "url": "https://news.qq.com/rain/a/20260903A074O800",
      "title": "银河基金210亿“扛把子”有新动向？",
      "collection_id": "6a9a3b5e462e4bbfa78e6a21",
      "insert_len": 0,
      "status": "success"
    },
    {
      "url": "https://news.qq.com/rain/a/20260903A0768U00",
      "title": "从三个价值切面看中信银行的“稳”与“远”",
      "collection_id": "6a9a3b5e462e4bbfa78e6a87",
      "insert_len": 0,
      "status": "success"
    },
    {
      "url": "https://news.qq.com/rain/a/20260903A0764Q00",
      "title": "周五来这里！在四方坪夜市，看“湘超”衡阳队VS长沙队！",
      "collection_id": "6a9a3b5f462e4bbfa78e6b1b",
      "insert_len": 0,
      "status": "success"
    },
    {
      "url": "https://news.qq.com/rain/a/20260903A076M900",
      "title": "卢克巴基奥留在本菲卡；尤文询价过特鲁宾，被4000万欧吓退",
      "collection_id": "6a9a3b5f462e4bbfa78e6ac7",
      "insert_len": 0,
      "status": "success"
    },
    {
      "url": "https://news.qq.com/rain/a/20260903A076XJ00",
      "title": "2026年日照市亚太森博杯“技亮前程”浆纸产业链职工职业技能大赛开始报名",
      "collection_id": "6a9a3b5f462e4bbfa78e6b77",
      "insert_len": 0,
      "status": "success"
    },
    {
      "url": "https://news.qq.com/rain/a/20260903A076XD00",
      "title": "莒县莒安路（淄博路以北潍坊路以南）路段将实行全封闭施工",
      "collection_id": "6a9a3b5f462e4bbfa78e6bb2",
      "insert_len": 0,
      "status": "success"
    },
    {
      "url": "https://news.qq.com/rain/a/20260903A075VW00",
      "title": "1.75亿股股份将“上架”，000056控制权或生变",
      "collection_id": "6a9a3b60462e4bbfa78e6cbb",
      "insert_len": 0,
      "status": "success"
    },
    {
      "url": "https://news.qq.com/rain/a/20260903A0769200",
      "title": "奇麟正维完成数千万元A轮融资，加速氢医学新材料在美妆等场景的应用",
      "collection_id": "6a9a3b5f462e4bbfa78e6c01",
      "insert_len": 0,
      "status": "success"
    },
    {
      "url": "https://news.qq.com/rain/a/20260903A077AC00",
      "title": "近150亿美元交易提速，优步收购Delivery Hero获董事会放行",
      "collection_id": "6a9a3b5f462e4bbfa78e6c69",
      "insert_len": 0,
      "status": "success"
    },
    {
      "url": "https://news.qq.com/rain/a/20260903A076ZE00",
      "title": "通缩根源不在别处，就在你我身上背着的巨量债务",
      "collection_id": "6a9a3b60462e4bbfa78e6d16",
      "insert_len": 0,
      "status": "success"
    },
    {
      "url": "https://news.qq.com/rain/a/20260903A06OLD00",
      "title": "防不胜防！缅甸小镇上演精准扒窃，食客随身财物被洗劫",
      "collection_id": "6a9a3b60462e4bbfa78e6d4a",
      "insert_len": 0,
      "status": "success"
    },
    {
      "url": "https://news.qq.com/rain/a/20260903A076LW00",
      "title": "值班员发现火情层层报告再层层转达处置？新规明确处置规程",
      "collection_id": "6a9a3b60462e4bbfa78e6d7b",
      "insert_len": 0,
      "status": "success"
    },
    {
      "url": "https://news.qq.com/rain/a/20260903A075CW00",
      "title": "（外代二线）法国：收获葡萄",
      "collection_id": "6a9a3b60462e4bbfa78e6dab",
      "insert_len": 0,
      "status": "success"
    },
    {
      "url": "https://news.qq.com/rain/a/20260903A076MR00",
      "title": "美军强行检测睾酮水平遭质疑",
      "collection_id": "6a9a3b61462e4bbfa78e6e4b",
      "insert_len": 0,
      "status": "success"
    },
    {
      "url": "https://news.qq.com/rain/a/20260903A076XG00",
      "title": "金家岭街道组织开展公共卫生参观交流活动",
      "collection_id": "6a9a3b60462e4bbfa78e6dea",
      "insert_len": 0,
      "status": "success"
    },
    {
      "url": "https://news.qq.com/rain/a/20260903A056HW00",
      "title": "《醒来》杨小仙假死被揭穿！原来，金宝一句话暗示了杨小仙的结局",
      "collection_id": "6a9a3b61462e4bbfa78e6e43",
      "insert_len": 0,
      "status": "success"
    },
    {
      "url": "https://news.qq.com/rain/a/20260903A076R500",
      "title": "泰国议员瓦隆叫停国家灾害保险 质问政府400亿泰铢数据从何而来",
      "collection_id": "6a9a3b61462e4bbfa78e6e92",
      "insert_len": 0,
      "status": "success"
    },
    {
      "url": "https://news.qq.com/rain/a/20260903A076X700",
      "title": "多彩活动绘就基层治理新画卷，金家岭街道文化“两创”之“金”彩课堂走进社区",
      "collection_id": "6a9a3b61462e4bbfa78e6ed9",
      "insert_len": 0,
      "status": "success"
    },
    {
      "url": "https://news.qq.com/rain/a/20260903A076WP00",
      "title": "因社保证明材料伪造 北旺集团有限公司被警告并罚款5万元",
      "collection_id": "6a9a3b61462e4bbfa78e6ed3",
      "insert_len": 0,
      "status": "success"
    },
    {
      "url": "https://news.qq.com/rain/a/20260903A076KJ00",
      "title": "今天，纪念这场伟大胜利！",
      "collection_id": "6a9a3b61462e4bbfa78e6f22",
      "insert_len": 0,
      "status": "success"
    },
    {
      "url": "https://news.qq.com/rain/a/20260903A0746D00",
      "title": "国家开放大学余庆开放教育学院2026年秋季招生简章",
      "collection_id": "6a9a3b62462e4bbfa78e6f64",
      "insert_len": 0,
      "status": "success"
    },
    {
      "url": "https://news.qq.com/rain/a/20260903A076PD00",
      "title": "",
      "collection_id": null,
      "insert_len": 0,
      "status": "failed",
      "error": "EOF occurred in violation of protocol (_ssl.c:1006)"
    },
    {
      "url": "https://news.qq.com/rain/a/20260903A076X200",
      "title": "聚焦青少年成长需求，青大麦岛社区暑期托管班多彩绽放",
      "collection_id": "6a9a3b62462e4bbfa78e6f94",
      "insert_len": 0,
      "status": "success"
    },
    {
      "url": "https://news.qq.com/rain/a/20260903A075ZU00",
      "title": "社恐人别划走！你缺的不是胆量，是装出来的底气！",
      "collection_id": "6a9a3b62462e4bbfa78e6fd4",
      "insert_len": 0,
      "status": "success"
    },
    {
      "url": "https://news.qq.com/rain/a/20260903A0779I00",
      "title": "高盛：银河娱乐世界杯后赌收复苏势头健康 维持“买入”评级",
      "collection_id": "6a9a3b62462e4bbfa78e7005",
      "insert_len": 0,
      "status": "success"
    },
    {
      "url": "https://news.qq.com/rain/a/20260903A0776P00",
      "title": "",
      "collection_id": null,
      "insert_len": 0,
      "status": "failed",
      "error": "EOF occurred in violation of protocol (_ssl.c:1006)"
    },
    {
      "url": "https://news.qq.com/rain/a/20260903A076X100",
      "title": "激活社区文化阵地活力，金家岭街道小埠东、海青路社区文化书院顺利结业",
      "collection_id": "6a9a3b63462e4bbfa78e7036",
      "insert_len": 0,
      "status": "success"
    },
    {
      "url": "https://news.qq.com/rain/a/20260903A076WY00",
      "title": "文明实践润童心，文化赋能伴成长！颐都社区“颐心少年营”亮点纷呈",
      "collection_id": "6a9a3b63462e4bbfa78e70f3",
      "insert_len": 0,
      "status": "success"
    },
    {
      "url": "https://news.qq.com/rain/a/20260903A075VP00",
      "title": "",
      "collection_id": null,
      "insert_len": 0,
      "status": "failed",
      "error": "新闻内容过短。"
    },
    {
      "url": "https://news.qq.com/rain/a/20260903A0779T00",
      "title": "",
      "collection_id": null,
      "insert_len": 0,
      "status": "failed",
      "error": "EOF occurred in violation of protocol (_ssl.c:1006)"
    },
    {
      "url": "https://news.qq.com/rain/a/20260903A0771X00",
      "title": "",
      "collection_id": null,
      "insert_len": 0,
      "status": "failed",
      "error": "EOF occurred in violation of protocol (_ssl.c:1006)"
    },
    {
      "url": "https://news.qq.com/rain/a/20260903A0776C00",
      "title": "",
      "collection_id": null,
      "insert_len": 0,
      "status": "failed",
      "error": "新闻内容过短。"
    },
    {
      "url": "https://news.qq.com/rain/a/20260903A0779C00",
      "title": "阿梅利亚：德赫亚是顶级门将，接下来的比赛会帮助球队回升",
      "collection_id": "6a9a3b68462e4bbfa78e72ce",
      "insert_len": 0,
      "status": "success"
    },
    {
      "url": "https://news.qq.com/rain/a/20260903A0775X00",
      "title": "告别大折痕！谷歌Pixel 12 Pro Fold将采用双层UTG玻璃方案",
      "collection_id": "6a9a3b68462e4bbfa78e72ed",
      "insert_len": 0,
      "status": "success"
    },
    {
      "url": "https://news.qq.com/rain/a/20260903A077IX00",
      "title": "",
      "collection_id": null,
      "insert_len": 0,
      "status": "failed",
      "error": "新闻内容过短。"
    },
    {
      "url": "https://news.qq.com/rain/a/20260903A05I9U00",
      "title": "特朗普提出将霍尔木兹海峡更名为“特朗普海峡”",
      "collection_id": "6a9a3b68462e4bbfa78e7322",
      "insert_len": 0,
      "status": "success"
    },
    {
      "url": "https://news.qq.com/rain/a/20260903A075YX00",
      "title": "把酒店住成垃圾场，这年头奇葩房客越来越多",
      "collection_id": "6a9a3b69462e4bbfa78e737d",
      "insert_len": 0,
      "status": "success"
    },
    {
      "url": "https://news.qq.com/rain/a/20260903A077HZ00",
      "title": "福建省水文水资源勘测中心发布洪水橙色预警",
      "collection_id": "6a9a3b69462e4bbfa78e73d9",
      "insert_len": 0,
      "status": "success"
    },
    {
      "url": "https://news.qq.com/rain/a/20260903A076LQ00",
      "title": "吴易昺直落三盘再进美网32强，周杰伦发照祝贺，黄雅琼留言：帅哥加油",
      "collection_id": "6a9a3b69462e4bbfa78e73ac",
      "insert_len": 0,
      "status": "success"
    },
    {
      "url": "https://news.qq.com/rain/a/20260903A077AF00",
      "title": "彩民支持率：皇家社会vs塞尔塔，主胜方向支持率显著偏热",
      "collection_id": "6a9a3b69462e4bbfa78e7406",
      "insert_len": 0,
      "status": "success"
    },
    {
      "url": "https://news.qq.com/rain/a/20260903A075UE00",
      "title": "深中通道通车两年，中山马鞍岛房价腰斩给炒房客上了一课",
      "collection_id": "6a9a3b69462e4bbfa78e7438",
      "insert_len": 0,
      "status": "success"
    },
    {
      "url": "https://news.qq.com/rain/a/20260903A077E000",
      "title": "福瑞泰克宣布摄像头矩阵方案“再下一城 ”",
      "collection_id": "6a9a3b69462e4bbfa78e7458",
      "insert_len": 0,
      "status": "success"
    },
    {
      "url": "https://news.qq.com/rain/a/20260903A0770C00",
      "title": "",
      "collection_id": null,
      "insert_len": 0,
      "status": "failed",
      "error": "EOF occurred in violation of protocol (_ssl.c:1006)"
    },
    {
      "url": "https://news.qq.com/rain/a/20260903A076XZ00",
      "title": "",
      "collection_id": null,
      "insert_len": 0,
      "status": "failed",
      "error": "EOF occurred in violation of protocol (_ssl.c:1006)"
    },
    {
      "url": "https://news.qq.com/rain/a/20260903A077DY00",
      "title": "好望角科学沙龙|专家：新一轮技术突破正沿着五大方向演进",
      "collection_id": "6a9a3b6a462e4bbfa78e748e",
      "insert_len": 0,
      "status": "success"
    },
    {
      "url": "https://news.qq.com/rain/a/20260903A05HCE00",
      "title": "",
      "collection_id": null,
      "insert_len": 0,
      "status": "failed",
      "error": "EOF occurred in violation of protocol (_ssl.c:1006)"
    },
    {
      "url": "https://news.qq.com/rain/a/20260903A076XO00",
      "title": "金家岭街道2026年“青鸟计划”暑假大学生“返家乡”社会实践活动圆满结束",
      "collection_id": "6a9a3b6b462e4bbfa78e74bb",
      "insert_len": 0,
      "status": "success"
    },
    {
      "url": "https://news.qq.com/rain/a/20260903A0779K00",
      "title": "彩经前瞻：新未来城体育vs赛哈特海湾，预计主队一球小胜",
      "collection_id": "6a9a3b6c462e4bbfa78e752b",
      "insert_len": 0,
      "status": "success"
    },
    {
      "url": "https://news.qq.com/rain/a/20260903A076VQ00",
      "title": "什么情况？与歼-16对抗演练之后，埃及却选择增购24架“阵风”战机！",
      "collection_id": "6a9a3b6c462e4bbfa78e75c3",
      "insert_len": 0,
      "status": "success"
    },
    {
      "url": "https://news.qq.com/rain/a/20260903A05H7800",
      "title": "",
      "collection_id": null,
      "insert_len": 0,
      "status": "failed",
      "error": "新闻正文为空。"
    },
    {
      "url": "https://news.qq.com/rain/a/20260903A077D500",
      "title": "",
      "collection_id": null,
      "insert_len": 0,
      "status": "failed",
      "error": "新闻内容过短。"
    },
    {
      "url": "https://news.qq.com/rain/a/20260903A077IR00",
      "title": "“我们的共同期待”中美关系交流会在纽约举行",
      "collection_id": "6a9a3b6f462e4bbfa78e784f",
      "insert_len": 0,
      "status": "success"
    },
    {
      "url": "https://news.qq.com/rain/a/20260903A076XB00",
      "title": "以特色文化活动激活基层治理活力，金家岭四社区顺利结业",
      "collection_id": "6a9a3b6f462e4bbfa78e78b4",
      "insert_len": 0,
      "status": "success"
    },
    {
      "url": "https://news.qq.com/rain/a/20260903A075VX00",
      "title": "超3100只个股下跌！航运、液冷、证券、培育钻石板块走强，高位人气股盘中持续下挫，多股跌停",
      "collection_id": "6a9a3b6f462e4bbfa78e78e8",
      "insert_len": 0,
      "status": "success"
    },
    {
      "url": "https://news.qq.com/rain/a/20260903A076ZD00",
      "title": "特朗普肖像首登美国货币后，椭圆形办公室又现定制款“金色电话”",
      "collection_id": "6a9a3b70462e4bbfa78e7978",
      "insert_len": 0,
      "status": "success"
    },
    {
      "url": "https://news.qq.com/rain/a/20260903A077Y100",
      "title": "澳大利亚S&P/ASX 200指数收盘上涨0.5%，至9020.10点",
      "collection_id": "6a9a3b6f462e4bbfa78e7948",
      "insert_len": 0,
      "status": "success"
    },
    {
      "url": "https://news.qq.com/rain/a/20260903A077WU00",
      "title": "",
      "collection_id": null,
      "insert_len": 0,
      "status": "failed",
      "error": "新闻内容过短。"
    },
    {
      "url": "https://news.qq.com/rain/a/20260903A076MD00",
      "title": "2026品牌供应链创新私董会暨“中通云仓之夜”品牌沙龙在杭州举办",
      "collection_id": "6a9a3b70462e4bbfa78e79f2",
      "insert_len": 0,
      "status": "success"
    },
    {
      "url": "https://news.qq.com/rain/a/20260903A077J700",
      "title": "WTT常规赛：混双8强诞生！方博一轮游被逆转，日本2对组合晋级",
      "collection_id": "6a9a3b70462e4bbfa78e7a8c",
      "insert_len": 0,
      "status": "success"
    },
    {
      "url": "https://news.qq.com/rain/a/20260903A077F800",
      "title": "娄艺潇杨玏积压了12年的剧终于播出，网友留言“当时的眼光放到现在，还能看吗？”",
      "collection_id": "6a9a3b70462e4bbfa78e7a86",
      "insert_len": 0,
      "status": "success"
    },
    {
      "url": "https://news.qq.com/rain/a/20260903A0777300",
      "title": "电动自行车“解速”依然泛滥，溯源查处商家已势在必行",
      "collection_id": "6a9a3b70462e4bbfa78e7add",
      "insert_len": 0,
      "status": "success"
    },
    {
      "url": "https://news.qq.com/rain/a/20260903A077KQ00",
      "title": "孩子开学容易生病？",
      "collection_id": "6a9a3b71462e4bbfa78e7b8b",
      "insert_len": 0,
      "status": "success"
    },
    {
      "url": "https://news.qq.com/rain/a/20260903A0788100",
      "title": "",
      "collection_id": null,
      "insert_len": 0,
      "status": "failed",
      "error": "EOF occurred in violation of protocol (_ssl.c:1006)"
    },
    {
      "url": "https://news.qq.com/rain/a/20260903A077VL00",
      "title": "",
      "collection_id": null,
      "insert_len": 0,
      "status": "failed",
      "error": "新闻内容过短。"
    },
    {
      "url": "https://news.qq.com/rain/a/20260903A077RG00",
      "title": "高盛喊中国房价2026年底触底，别被机构预测带了节奏",
      "collection_id": "6a9a3b71462e4bbfa78e7bc3",
      "insert_len": 0,
      "status": "success"
    },
    {
      "url": "https://news.qq.com/rain/a/20260903A077AQ00",
      "title": "山东省2026年高职（专科）注册入学9月22日填报志愿，系今年最后一次统招上大学机会",
      "collection_id": "6a9a3b71462e4bbfa78e7c5b",
      "insert_len": 0,
      "status": "success"
    },
    {
      "url": "https://news.qq.com/rain/a/20260903A077KK00",
      "title": "重庆等多地小学老师转教初中",
      "collection_id": "6a9a3b71462e4bbfa78e7c27",
      "insert_len": 0,
      "status": "success"
    },
    {
      "url": "https://news.qq.com/rain/a/20260903A076Y500",
      "title": "家长群自报干部身份，教育公平岂容权力“打招呼”",
      "collection_id": "6a9a3b72462e4bbfa78e7ccf",
      "insert_len": 0,
      "status": "success"
    },
    {
      "url": "https://news.qq.com/rain/a/20260903A076KE00",
      "title": "快快评 | 有些领导为啥觉得在家长群亮身份有用",
      "collection_id": "6a9a3b72462e4bbfa78e7d21",
      "insert_len": 0,
      "status": "success"
    },
    {
      "url": "https://news.qq.com/rain/a/20260903A077XG00",
      "title": "从1100到546：宇树科技股价腰斩，折损的不只是市值",
      "collection_id": "6a9a3b73462e4bbfa78e7df2",
      "insert_len": 0,
      "status": "success"
    },
    {
      "url": "https://news.qq.com/rain/a/20260903A076LP00",
      "title": "篆刻艺术周 来这里，在方寸之间望见世界",
      "collection_id": "6a9a3b73462e4bbfa78e7da8",
      "insert_len": 0,
      "status": "success"
    },
    {
      "url": "https://news.qq.com/rain/a/20260903A075HU00",
      "title": "以军突袭哈马斯高官，停火协议面临极限考验",
      "collection_id": "6a9a3b73462e4bbfa78e7df6",
      "insert_len": 0,
      "status": "success"
    },
    {
      "url": "https://news.qq.com/rain/a/20260903A074XK00",
      "title": "被投企业利润大增477倍，它为何急着离场？",
      "collection_id": "6a9a3b73462e4bbfa78e7e97",
      "insert_len": 0,
      "status": "success"
    },
    {
      "url": "https://news.qq.com/rain/a/20260903A077V300",
      "title": "",
      "collection_id": null,
      "insert_len": 0,
      "status": "failed",
      "error": "EOF occurred in violation of protocol (_ssl.c:1006)"
    },
    {
      "url": "https://news.qq.com/rain/a/20260903A077GM00",
      "title": "华科大周雪/吴洋等Nature子刊：胃吸附与肠截留，新材料有效清除微塑料 | 热心肠日报",
      "collection_id": "6a9a3b73462e4bbfa78e7ede",
      "insert_len": 0,
      "status": "success"
    },
    {
      "url": "https://news.qq.com/rain/a/20260903A0782M00",
      "title": "12：00午间金价：涨势喜人！钯金涨3.26%领涨",
      "collection_id": "6a9a3b74462e4bbfa78e7f41",
      "insert_len": 0,
      "status": "success"
    },
    {
      "url": "https://news.qq.com/rain/a/20260903A074BW00",
      "title": "全场景智享硬核SUV，传祺越7预售权益价17.18万起",
      "collection_id": "6a9a3b74462e4bbfa78e7f78",
      "insert_len": 0,
      "status": "success"
    },
    {
      "url": "https://news.qq.com/rain/a/20260903A076YD00",
      "title": "",
      "collection_id": null,
      "insert_len": 0,
      "status": "failed",
      "error": "EOF occurred in violation of protocol (_ssl.c:1006)"
    },
    {
      "url": "https://news.qq.com/rain/a/20260903A0788J00",
      "title": "以防长：以军占领加沙后，摧毁了地面所有房屋；今天加沙70%的区域已成废墟，没有居民、没有房屋、没有隧道，但我们还有工作要做",
      "collection_id": "6a9a3b75462e4bbfa78e7fbb",
      "insert_len": 0,
      "status": "success"
    },
    {
      "url": "https://news.qq.com/rain/a/20260903A077JQ00",
      "title": "通风井变身微美术馆！浦东周家渡绿谷微更新让城市空间更有温度",
      "collection_id": "6a9a3b75462e4bbfa78e8009",
      "insert_len": 0,
      "status": "success"
    },
    {
      "url": "https://news.qq.com/rain/a/20260903A077Y400",
      "title": "财中ETF风向标｜创新药ETF国泰(517110) 盘中涨1.54%",
      "collection_id": "6a9a3b76462e4bbfa78e803e",
      "insert_len": 0,
      "status": "success"
    },
    {
      "url": "https://news.qq.com/rain/a/20260903A078BI00",
      "title": "美国调查驾照信息泄露事件 或涉及上千万人",
      "collection_id": "6a9a3b76462e4bbfa78e806e",
      "insert_len": 0,
      "status": "success"
    },
    {
      "url": "https://news.qq.com/rain/a/20260903A075QS00",
      "title": "屡教不改！皇马天才帝星恐遭穆里尼奥严惩，零容忍或直接解约走人",
      "collection_id": "6a9a3b76462e4bbfa78e80ba",
      "insert_len": 0,
      "status": "success"
    },
    {
      "url": "https://news.qq.com/rain/a/20260903A077RB00",
      "title": "CCTV5直播！女篮迎战世界第一，李月汝意外缺阵，张子宇挑大梁，宫鲁鸣面临三难题",
      "collection_id": "6a9a3b76462e4bbfa78e80ea",
      "insert_len": 0,
      "status": "success"
    },
    {
      "url": "https://news.qq.com/rain/a/20260903A077WA00",
      "title": "急拐弯！18号台风沙德尔携巨量水上岸，特大暴雨不停，24号台风科罗旺360度大回转，新一轮5省强降雨来袭",
      "collection_id": "6a9a3b77462e4bbfa78e8156",
      "insert_len": 0,
      "status": "success"
    },
    {
      "url": "https://news.qq.com/rain/a/20260903A077D100",
      "title": "",
      "collection_id": null,
      "insert_len": 0,
      "status": "failed",
      "error": "新闻内容过短。"
    },
    {
      "url": "https://news.qq.com/rain/a/20260903A078A700",
      "title": "790亿！包点赛道稳增长，烧卖迎来崛起机遇",
      "collection_id": "6a9a3b77462e4bbfa78e81b5",
      "insert_len": 0,
      "status": "success"
    },
    {
      "url": "https://news.qq.com/rain/a/20260903A077XF00",
      "title": "沪深两市成交额突破1.5万亿元",
      "collection_id": "6a9a3b77462e4bbfa78e8201",
      "insert_len": 0,
      "status": "success"
    },
    {
      "url": "https://news.qq.com/rain/a/20260903A077XL00",
      "title": "盐城市亭湖区南洋镇开展2026年秋季“迎老兵返乡”接站服务工作",
      "collection_id": "6a9a3b78462e4bbfa78e8273",
      "insert_len": 0,
      "status": "success"
    },
    {
      "url": "https://news.qq.com/rain/a/20260903A0781300",
      "title": "“老虎”伍兹认罪，此前涉嫌“药驾”拒绝尿检，在事故现场对警察挥舞手机：我刚刚在跟特朗普通话",
      "collection_id": "6a9a3b78462e4bbfa78e82a3",
      "insert_len": 0,
      "status": "success"
    },
    {
      "url": "https://news.qq.com/rain/a/20260903A077WY00",
      "title": "盐城市东台市许河镇：医疗阵地“焕新颜”，智慧服务“暖民心”",
      "collection_id": "6a9a3b78462e4bbfa78e833b",
      "insert_len": 0,
      "status": "success"
    },
    {
      "url": "https://news.qq.com/rain/a/20260903A0789W00",
      "title": "净利暴增163%派息35亿 中国船舶重组红利进入兑现期",
      "collection_id": "6a9a3b78462e4bbfa78e82fa",
      "insert_len": 0,
      "status": "success"
    },
    {
      "url": "https://news.qq.com/rain/a/20260903A077DL00",
      "title": "苏州楼市翻篇了，苏州园区的待售二手房从1.6万套变成1.5万套",
      "collection_id": "6a9a3b78462e4bbfa78e839f",
      "insert_len": 0,
      "status": "success"
    },
    {
      "url": "https://news.qq.com/rain/a/20260903A06LOU00",
      "title": "央行行长潘功胜：持续推进货币政策框架转型，继续实施好适度宽松的货币政策｜快讯",
      "collection_id": "6a9a3b79462e4bbfa78e83fd",
      "insert_len": 0,
      "status": "success"
    },
    {
      "url": "https://news.qq.com/rain/a/20260903A06LYM00",
      "title": "",
      "collection_id": null,
      "insert_len": 0,
      "status": "failed",
      "error": "新闻内容过短。"
    },
    {
      "url": "https://news.qq.com/rain/a/20260903A06LS500",
      "title": "",
      "collection_id": null,
      "insert_len": 0,
      "status": "failed",
      "error": "新闻内容过短。"
    },
    {
      "url": "https://news.qq.com/rain/a/20260903A06LX000",
      "title": "",
      "collection_id": null,
      "insert_len": 0,
      "status": "failed",
      "error": "新闻内容过短。"
    },
    {
      "url": "https://news.qq.com/rain/a/20260903A06LZE00",
      "title": "",
      "collection_id": null,
      "insert_len": 0,
      "status": "failed",
      "error": "新闻内容过短。"
    },
    {
      "url": "https://news.qq.com/rain/a/20260903A06LXO00",
      "title": "",
      "collection_id": null,
      "insert_len": 0,
      "status": "failed",
      "error": "新闻内容过短。"
    },
    {
      "url": "https://news.qq.com/rain/a/20260903A06M0L00",
      "title": "",
      "collection_id": null,
      "insert_len": 0,
      "status": "failed",
      "error": "EOF occurred in violation of protocol (_ssl.c:1006)"
    },
    {
      "url": "https://news.qq.com/rain/a/20260903A06LXM00",
      "title": "",
      "collection_id": null,
      "insert_len": 0,
      "status": "failed",
      "error": "新闻内容过短。"
    },
    {
      "url": "https://news.qq.com/rain/a/20260903A06L6E00",
      "title": "最后一天！记得领取2026博乐城市健康跑号码布！",
      "collection_id": "6a9a3b79462e4bbfa78e852a",
      "insert_len": 0,
      "status": "success"
    },
    {
      "url": "https://news.qq.com/rain/a/20260903A06LZG00",
      "title": "",
      "collection_id": null,
      "insert_len": 0,
      "status": "failed",
      "error": "EOF occurred in violation of protocol (_ssl.c:1006)"
    },
    {
      "url": "https://news.qq.com/rain/a/20260903A06LZ300",
      "title": "",
      "collection_id": null,
      "insert_len": 0,
      "status": "failed",
      "error": "新闻内容过短。"
    },
    {
      "url": "https://news.qq.com/rain/a/20260903A06LZA00",
      "title": "",
      "collection_id": null,
      "insert_len": 0,
      "status": "failed",
      "error": "新闻内容过短。"
    },
    {
      "url": "https://news.qq.com/rain/a/20260903A06LYQ00",
      "title": "",
      "collection_id": null,
      "insert_len": 0,
      "status": "failed",
      "error": "新闻内容过短。"
    },
    {
      "url": "https://news.qq.com/rain/a/20260903A06LVF00",
      "title": "",
      "collection_id": null,
      "insert_len": 0,
      "status": "failed",
      "error": "新闻内容过短。"
    },
    {
      "url": "https://news.qq.com/rain/a/20260903A06M1J00",
      "title": "爱丽家居跌停，前一日发风险提示：跨界并购尚未完成，股价已暴涨250%",
      "collection_id": "6a9a3b7b462e4bbfa78e8748",
      "insert_len": 0,
      "status": "success"
    },
    {
      "url": "https://news.qq.com/rain/a/20260903A06LWP00",
      "title": "",
      "collection_id": null,
      "insert_len": 0,
      "status": "failed",
      "error": "新闻内容过短。"
    },
    {
      "url": "https://news.qq.com/rain/a/20260903A06K5W00",
      "title": "全国社保核算标准统一！企退视同工龄可复核，差额能补发",
      "collection_id": "6a9a3b7c462e4bbfa78e8847",
      "insert_len": 0,
      "status": "success"
    },
    {
      "url": "https://news.qq.com/rain/a/20260903A06M0G00",
      "title": "",
      "collection_id": null,
      "insert_len": 0,
      "status": "failed",
      "error": "新闻内容过短。"
    },
    {
      "url": "https://news.qq.com/rain/a/20260903A06JYV00",
      "title": "突发！刚刚，淘宝崩了！",
      "collection_id": "6a9a3b7c462e4bbfa78e88b9",
      "insert_len": 0,
      "status": "success"
    },
    {
      "url": "https://news.qq.com/rain/a/20260903A06M0000",
      "title": "",
      "collection_id": null,
      "insert_len": 0,
      "status": "failed",
      "error": "新闻内容过短。"
    },
    {
      "url": "https://news.qq.com/rain/a/20260903A06LV000",
      "title": "",
      "collection_id": null,
      "insert_len": 0,
      "status": "failed",
      "error": "新闻内容过短。"
    },
    {
      "url": "https://news.qq.com/rain/a/20260903A06LXX00",
      "title": "",
      "collection_id": null,
      "insert_len": 0,
      "status": "failed",
      "error": "新闻内容过短。"
    },
    {
      "url": "https://news.qq.com/rain/a/20260903A06LWK00",
      "title": "",
      "collection_id": null,
      "insert_len": 0,
      "status": "failed",
      "error": "新闻内容过短。"
    },
    {
      "url": "https://news.qq.com/rain/a/20260903A06LYJ00",
      "title": "",
      "collection_id": null,
      "insert_len": 0,
      "status": "failed",
      "error": "新闻内容过短。"
    },
    {
      "url": "https://news.qq.com/rain/a/20260903A06KL700",
      "title": "失业了、降薪了，房贷咋办？官方给了条新路子，但不是谁都能用",
      "collection_id": "6a9a3b7d462e4bbfa78e89ef",
      "insert_len": 0,
      "status": "success"
    },
    {
      "url": "https://news.qq.com/rain/a/20260903A06LVR00",
      "title": "",
      "collection_id": null,
      "insert_len": 0,
      "status": "failed",
      "error": "EOF occurred in violation of protocol (_ssl.c:1006)"
    },
    {
      "url": "https://news.qq.com/rain/a/20260903A06LX800",
      "title": "",
      "collection_id": null,
      "insert_len": 0,
      "status": "failed",
      "error": "新闻内容过短。"
    },
    {
      "url": "https://news.qq.com/rain/a/20260903A06M2L00",
      "title": "现役23岁以下球员生涯单场30+场次：文班亚马41场断档第一",
      "collection_id": "6a9a3b7e462e4bbfa78e8a47",
      "insert_len": 0,
      "status": "success"
    },
    {
      "url": "https://news.qq.com/rain/a/20260903A06LW700",
      "title": "",
      "collection_id": null,
      "insert_len": 0,
      "status": "failed",
      "error": "新闻内容过短。"
    },
    {
      "url": "https://news.qq.com/rain/a/20260903A06LWF00",
      "title": "",
      "collection_id": null,
      "insert_len": 0,
      "status": "failed",
      "error": "EOF occurred in violation of protocol (_ssl.c:1006)"
    },
    {
      "url": "https://news.qq.com/rain/a/20260903A06LZ600",
      "title": "",
      "collection_id": null,
      "insert_len": 0,
      "status": "failed",
      "error": "新闻内容过短。"
    },
    {
      "url": "https://news.qq.com/rain/a/20260903A04GGX00",
      "title": "64岁何超琼播客澄清父亲当年没逼她弃读专业，一句「现实社会才是更大舞台」让网友重新认识赌王千金",
      "collection_id": "6a9a3b7f462e4bbfa78e8aee",
      "insert_len": 0,
      "status": "success"
    },
    {
      "url": "https://news.qq.com/rain/a/20260903A06M0A00",
      "title": "",
      "collection_id": null,
      "insert_len": 0,
      "status": "failed",
      "error": "新闻内容过短。"
    },
    {
      "url": "https://news.qq.com/rain/a/20260903A06LYG00",
      "title": "央行连续21个月购金，高盛喊多金价年底有望涨至4900美元，有色矿业ETF招商(159690)标的指数涨逾1%",
      "collection_id": "6a9a3b7f462e4bbfa78e8b53",
      "insert_len": 0,
      "status": "success"
    },
    {
      "url": "https://news.qq.com/rain/a/20260903A06J8S00",
      "title": "",
      "collection_id": null,
      "insert_len": 0,
      "status": "failed",
      "error": "EOF occurred in violation of protocol (_ssl.c:1006)"
    },
    {
      "url": "https://news.qq.com/rain/a/20260903A06LO800",
      "title": "",
      "collection_id": null,
      "insert_len": 0,
      "status": "failed",
      "error": "EOF occurred in violation of protocol (_ssl.c:1006)"
    },
    {
      "url": "https://news.qq.com/rain/a/20260903A06LP500",
      "title": "银行理财大洗牌，信银理财净利润首次登顶，光大理财首次跻身两万亿元阵营",
      "collection_id": "6a9a3b93462e4bbfa78e95a6",
      "insert_len": 0,
      "status": "success"
    },
    {
      "url": "https://news.qq.com/rain/a/20260903A06LZ100",
      "title": "",
      "collection_id": null,
      "insert_len": 0,
      "status": "failed",
      "error": "新闻内容过短。"
    },
    {
      "url": "https://news.qq.com/rain/a/20260903A06LWJ00",
      "title": "",
      "collection_id": null,
      "insert_len": 0,
      "status": "failed",
      "error": "新闻内容过短。"
    },
    {
      "url": "https://news.qq.com/rain/a/20260903A06M3200",
      "title": "韩旭：重回国家队的比赛很棒，我们就是需要找回默契",
      "collection_id": "6a9a3b84462e4bbfa78e8bcb",
      "insert_len": 0,
      "status": "success"
    },
    {
      "url": "https://news.qq.com/rain/a/20260903A06LX200",
      "title": "",
      "collection_id": null,
      "insert_len": 0,
      "status": "failed",
      "error": "新闻内容过短。"
    },
    {
      "url": "https://news.qq.com/rain/a/20260903A06KRU00",
      "title": "人到中年才醒悟：最高级的活法不是争，而是躲",
      "collection_id": "6a9a3b85462e4bbfa78e8bfb",
      "insert_len": 0,
      "status": "success"
    },
    {
      "url": "https://news.qq.com/rain/a/20260903A06M3Z00",
      "title": "巴航工业交付第2000架E-Jet",
      "collection_id": "6a9a3b85462e4bbfa78e8c9b",
      "insert_len": 0,
      "status": "success"
    },
    {
      "url": "https://news.qq.com/rain/a/20260903A06M9M00",
      "title": "泰国前总理佩通坦发帖称亲历演唱会座椅坍塌事故",
      "collection_id": "6a9a3b85462e4bbfa78e8c63",
      "insert_len": 0,
      "status": "success"
    },
    {
      "url": "https://news.qq.com/rain/a/20260903A06LAR00",
      "title": "马上评｜星宇股份的“人力资源总监”到底是谁",
      "collection_id": "6a9a3b85462e4bbfa78e8d25",
      "insert_len": 0,
      "status": "success"
    },
    {
      "url": "https://news.qq.com/rain/a/20260903A06M6100",
      "title": "缅甸仰光多镇区继续“禁摩”！",
      "collection_id": "6a9a3b85462e4bbfa78e8cde",
      "insert_len": 0,
      "status": "success"
    },
    {
      "url": "https://news.qq.com/rain/a/20260903A06M2X00",
      "title": "",
      "collection_id": null,
      "insert_len": 0,
      "status": "failed",
      "error": "EOF occurred in violation of protocol (_ssl.c:1006)"
    },
    {
      "url": "https://news.qq.com/rain/a/20260903A06LYA00",
      "title": "",
      "collection_id": null,
      "insert_len": 0,
      "status": "failed",
      "error": "新闻内容过短。"
    },
    {
      "url": "https://news.qq.com/rain/a/20260903A06M5O00",
      "title": "Q4展望不及预期，汇丰下调博通目标价",
      "collection_id": "6a9a3b86462e4bbfa78e8d6d",
      "insert_len": 0,
      "status": "success"
    },
    {
      "url": "https://news.qq.com/rain/a/20260903A06LWO00",
      "title": "",
      "collection_id": null,
      "insert_len": 0,
      "status": "failed",
      "error": "EOF occurred in violation of protocol (_ssl.c:1006)"
    },
    {
      "url": "https://news.qq.com/rain/a/20260903A06KTS00",
      "title": "“他在那！”青岛民警果断跳海救下轻生少年",
      "collection_id": "6a9a3b86462e4bbfa78e8da5",
      "insert_len": 0,
      "status": "success"
    },
    {
      "url": "https://news.qq.com/rain/a/20260903A06M2D00",
      "title": "四大特色专班助力学子“毕业即上岗”，济南信息工程学校举办校企专班宣讲会",
      "collection_id": "6a9a3b87462e4bbfa78e8ddc",
      "insert_len": 0,
      "status": "success"
    },
    {
      "url": "https://news.qq.com/rain/a/20260903A06LVX00",
      "title": "",
      "collection_id": null,
      "insert_len": 0,
      "status": "failed",
      "error": "新闻内容过短。"
    },
    {
      "url": "https://news.qq.com/rain/a/20260903A06K1500",
      "title": "到了70岁，还能快乐的秘诀：饭吃七分饱，话说三分软，事看五分淡",
      "collection_id": "6a9a3b88462e4bbfa78e8e7c",
      "insert_len": 0,
      "status": "success"
    },
    {
      "url": "https://news.qq.com/rain/a/20260903A06MC600",
      "title": "中建翡翠天序丨星屿“社区配套”维度测评：近1300㎡精装泛会所，在克而瑞好房点评网竞品组展现全龄生活场景",
      "collection_id": "6a9a3b89462e4bbfa78e8ec0",
      "insert_len": 0,
      "status": "success"
    },
    {
      "url": "https://news.qq.com/rain/a/20260903A06ISF00",
      "title": "",
      "collection_id": null,
      "insert_len": 0,
      "status": "failed",
      "error": "EOF occurred in violation of protocol (_ssl.c:1006)"
    },
    {
      "url": "https://news.qq.com/rain/a/20260903A06LVL00",
      "title": "",
      "collection_id": null,
      "insert_len": 0,
      "status": "failed",
      "error": "新闻内容过短。"
    },
    {
      "url": "https://news.qq.com/rain/a/20260903A06LXS00",
      "title": "四川红原：共商草原畜牧业新发展",
      "collection_id": "6a9a3b8b462e4bbfa78e8fb6",
      "insert_len": 0,
      "status": "success"
    },
    {
      "url": "https://news.qq.com/rain/a/20260903A06LUV00",
      "title": "一段“杀妻拜将”的故事，被北京人艺新剧《画眉》以柔情之笔重现",
      "collection_id": "6a9a3b8c462e4bbfa78e9022",
      "insert_len": 0,
      "status": "success"
    },
    {
      "url": "https://news.qq.com/rain/a/20260903A06LZP00",
      "title": "",
      "collection_id": null,
      "insert_len": 0,
      "status": "failed",
      "error": "新闻内容过短。"
    },
    {
      "url": "https://news.qq.com/rain/a/20260903A06LZD00",
      "title": "",
      "collection_id": null,
      "insert_len": 0,
      "status": "failed",
      "error": "新闻内容过短。"
    },
    {
      "url": "https://news.qq.com/rain/a/20260903A06M0O00",
      "title": "",
      "collection_id": null,
      "insert_len": 0,
      "status": "failed",
      "error": "新闻内容过短。"
    },
    {
      "url": "https://news.qq.com/rain/a/20260903A06LWB00",
      "title": "",
      "collection_id": null,
      "insert_len": 0,
      "status": "failed",
      "error": "新闻内容过短。"
    },
    {
      "url": "https://news.qq.com/rain/a/20260903A06LZL00",
      "title": "今年最魔幻台风，“沙德尔”连造登陆“帽子戏法”，广州雨势渐大",
      "collection_id": "6a9a3b8d462e4bbfa78e9164",
      "insert_len": 0,
      "status": "success"
    },
    {
      "url": "https://news.qq.com/rain/a/20260903A06LW600",
      "title": "",
      "collection_id": null,
      "insert_len": 0,
      "status": "failed",
      "error": "新闻内容过短。"
    },
    {
      "url": "https://news.qq.com/rain/a/20260903A06LV200",
      "title": "",
      "collection_id": null,
      "insert_len": 0,
      "status": "failed",
      "error": "新闻内容过短。"
    },
    {
      "url": "https://news.qq.com/rain/a/20260903A06M0700",
      "title": "",
      "collection_id": null,
      "insert_len": 0,
      "status": "failed",
      "error": "新闻内容过短。"
    },
    {
      "url": "https://news.qq.com/rain/a/20260903A05HZ800",
      "title": "比列茨基、雷迪斯与马扎尔齐聚斯拉维扬斯克城下，大战即将上演",
      "collection_id": "6a9a3b8d462e4bbfa78e9263",
      "insert_len": 0,
      "status": "success"
    },
    {
      "url": "https://news.qq.com/rain/a/20260903A06LZW00",
      "title": "",
      "collection_id": null,
      "insert_len": 0,
      "status": "failed",
      "error": "新闻内容过短。"
    },
    {
      "url": "https://news.qq.com/rain/a/20260903A06M9K00",
      "title": "泰国政府加速无门牌号房屋普查 落实内阁新批灾害基金补助",
      "collection_id": "6a9a3b8e462e4bbfa78e930b",
      "insert_len": 0,
      "status": "success"
    },
    {
      "url": "https://news.qq.com/rain/a/20260903A06LXK00",
      "title": "",
      "collection_id": null,
      "insert_len": 0,
      "status": "failed",
      "error": "EOF occurred in violation of protocol (_ssl.c:1006)"
    },
    {
      "url": "https://news.qq.com/rain/a/20260903A06LWY00",
      "title": "",
      "collection_id": null,
      "insert_len": 0,
      "status": "failed",
      "error": "新闻内容过短。"
    },
    {
      "url": "https://news.qq.com/rain/a/20260903A06M8700",
      "title": "消费贷政策扩围利好，可选消费ETF华夏涨1.03%",
      "collection_id": "6a9a3b8e462e4bbfa78e937d",
      "insert_len": 0,
      "status": "success"
    },
    {
      "url": "https://news.qq.com/rain/a/20260903A06LNC00",
      "title": "“我是医院纪委书记，孩子妈是学院副处长”，家长在班级群自报干部身份，最新进展：保定市卫健委称纪检组已介入；保定教育局：系个人行为",
      "collection_id": "6a9a3b9d462e4bbfa78e9a30",
      "insert_len": 0,
      "status": "success"
    },
    {
      "url": "https://news.qq.com/rain/a/20260903A05HLH00",
      "title": "“12万港元三针，可预防20多种癌症”，专坑内地消费者！香港破获医疗欺诈案",
      "collection_id": "6a9a3b8f462e4bbfa78e93d3",
      "insert_len": 0,
      "status": "success"
    },
    {
      "url": "https://news.qq.com/rain/a/20260903A06LZM00",
      "title": "",
      "collection_id": null,
      "insert_len": 0,
      "status": "failed",
      "error": "新闻内容过短。"
    },
    {
      "url": "https://news.qq.com/rain/a/20260903A06M2600",
      "title": "扣好从教“第一粒扣子”——济南信息工程学校2026年新入职教师岗前培训纪实",
      "collection_id": "6a9a3b90462e4bbfa78e940d",
      "insert_len": 0,
      "status": "success"
    },
    {
      "url": "https://news.qq.com/rain/a/20260903A06LVG00",
      "title": "",
      "collection_id": null,
      "insert_len": 0,
      "status": "failed",
      "error": "新闻内容过短。"
    },
    {
      "url": "https://news.qq.com/rain/a/20260903A06LYP00",
      "title": "开福区召开重点项目建设及经济运行分析会",
      "collection_id": "6a9a3b91462e4bbfa78e9445",
      "insert_len": 0,
      "status": "success"
    },
    {
      "url": "https://news.qq.com/rain/a/20260903A06JRN00",
      "title": "5个北大玩家为赢率土邀请赛，竟手搓数学模型，结果引来一群卧底",
      "collection_id": "6a9a3b91462e4bbfa78e9482",
      "insert_len": 0,
      "status": "success"
    },
    {
      "url": "https://news.qq.com/rain/a/20260903A06KTA00",
      "title": "活力中国调研行｜给土地“精准投喂” 播种也有科技含量",
      "collection_id": "6a9a3b92462e4bbfa78e94b4",
      "insert_len": 0,
      "status": "success"
    },
    {
      "url": "https://news.qq.com/rain/a/20260903A06MJG00",
      "title": "利雅得航空首架A321进入总装阶段",
      "collection_id": "6a9a3b92462e4bbfa78e94ed",
      "insert_len": 0,
      "status": "success"
    },
    {
      "url": "https://news.qq.com/rain/a/20260903A06LV100",
      "title": "AI当起“生态哨兵”，东滩鸟类保护区有了“数智大脑”，破解三大管护难题",
      "collection_id": "6a9a3b92462e4bbfa78e9520",
      "insert_len": 0,
      "status": "success"
    },
    {
      "url": "https://news.qq.com/rain/a/20260903A06M8W00",
      "title": "韩国综合股价指数抹去涨幅",
      "collection_id": "6a9a3b93462e4bbfa78e956b",
      "insert_len": 0,
      "status": "success"
    },
    {
      "url": "https://news.qq.com/rain/a/20260903A06M7K00",
      "title": "",
      "collection_id": null,
      "insert_len": 0,
      "status": "failed",
      "error": "EOF occurred in violation of protocol (_ssl.c:1006)"
    },
    {
      "url": "https://news.qq.com/rain/a/20260903A06MA000",
      "title": "科普院线电影《逢生：直面癌症》以镜头传递癌症防治知识",
      "collection_id": "6a9a3b93462e4bbfa78e95f4",
      "insert_len": 0,
      "status": "success"
    },
    {
      "url": "https://news.qq.com/rain/a/20260903A06LW100",
      "title": "",
      "collection_id": null,
      "insert_len": 0,
      "status": "failed",
      "error": "EOF occurred in violation of protocol (_ssl.c:1006)"
    },
    {
      "url": "https://news.qq.com/rain/a/20260903A06LWG00",
      "title": "",
      "collection_id": null,
      "insert_len": 0,
      "status": "failed",
      "error": "新闻内容过短。"
    },
    {
      "url": "https://news.qq.com/rain/a/20260903A06LY700",
      "title": "减肥不反弹的“黄金步数”！早上这样走走，还能养肾养心，身体年轻态",
      "collection_id": "6a9a3b94462e4bbfa78e9682",
      "insert_len": 0,
      "status": "success"
    },
    {
      "url": "https://news.qq.com/rain/a/20260903A06LYO00",
      "title": "",
      "collection_id": null,
      "insert_len": 0,
      "status": "failed",
      "error": "EOF occurred in violation of protocol (_ssl.c:1006)"
    },
    {
      "url": "https://news.qq.com/rain/a/20260903A06MQ400",
      "title": "身边人：小埃梅里太喜欢巴黎了，就算踢不喜欢的位置也不想走",
      "collection_id": "6a9a3b98462e4bbfa78e97a8",
      "insert_len": 0,
      "status": "success"
    },
    {
      "url": "https://news.qq.com/rain/a/20260903A06M2W00",
      "title": "CBA夏季联赛青岛站：山东高速男篮大胜辽篮，王岚嵚战旧主拿下13分",
      "collection_id": "6a9a3b98462e4bbfa78e97ed",
      "insert_len": 0,
      "status": "success"
    },
    {
      "url": "https://news.qq.com/rain/a/20260903A017WN00",
      "title": "",
      "collection_id": null,
      "insert_len": 0,
      "status": "failed",
      "error": "EOF occurred in violation of protocol (_ssl.c:1006)"
    },
    {
      "url": "https://news.qq.com/rain/a/20260903A06MR700",
      "title": "A股三大指数转跌",
      "collection_id": "6a9a3b99462e4bbfa78e9826",
      "insert_len": 0,
      "status": "success"
    },
    {
      "url": "https://news.qq.com/rain/a/20260903A06MQH00",
      "title": "泉城便民超市：鲜菜满满惠民生",
      "collection_id": "6a9a3b99462e4bbfa78e985e",
      "insert_len": 0,
      "status": "success"
    },
    {
      "url": "https://news.qq.com/rain/a/20260903A06MSZ00",
      "title": "纽约禁止8年级以下学生使用生成式AI，“保护批判性思维能力”",
      "collection_id": "6a9a3b9a462e4bbfa78e9895",
      "insert_len": 0,
      "status": "success"
    },
    {
      "url": "https://news.qq.com/rain/a/20260903A06MOB00",
      "title": "",
      "collection_id": null,
      "insert_len": 0,
      "status": "failed",
      "error": "新闻内容过短。"
    },
    {
      "url": "https://news.qq.com/rain/a/20260903A06MTD00",
      "title": "福建省莆田市气象台发布雷电黄色预警信号",
      "collection_id": "6a9a3b9a462e4bbfa78e98c5",
      "insert_len": 0,
      "status": "success"
    },
    {
      "url": "https://news.qq.com/rain/a/20260903A06KN200",
      "title": "“医保规定只能住15”？关于医保怎么说 ？",
      "collection_id": "6a9a3b9a462e4bbfa78e98f6",
      "insert_len": 0,
      "status": "success"
    },
    {
      "url": "https://news.qq.com/rain/a/20260903A06LS300",
      "title": "开学第一天，30多名家长被骗",
      "collection_id": "6a9a3b9a462e4bbfa78e993d",
      "insert_len": 0,
      "status": "success"
    },
    {
      "url": "https://news.qq.com/rain/a/20260903A06N0Y00",
      "title": "西门子能源国内首台重型燃机轮盘锻件发运",
      "collection_id": "6a9a3b9b462e4bbfa78e9990",
      "insert_len": 0,
      "status": "success"
    },
    {
      "url": "https://news.qq.com/rain/a/20260903A06MYL00",
      "title": "",
      "collection_id": null,
      "insert_len": 0,
      "status": "failed",
      "error": "EOF occurred in violation of protocol (_ssl.c:1006)"
    },
    {
      "url": "https://news.qq.com/rain/a/20260903A06MYP00",
      "title": "沃什鹰派发言提振加息预期，美债收益率小幅走低，中东局势升温油价急涨",
      "collection_id": "6a9a3b9c462e4bbfa78e99c8",
      "insert_len": 0,
      "status": "success"
    },
    {
      "url": "https://news.qq.com/rain/a/20260903A06LZR00",
      "title": "",
      "collection_id": null,
      "insert_len": 0,
      "status": "failed",
      "error": "EOF occurred in violation of protocol (_ssl.c:1006)"
    },
    {
      "url": "https://news.qq.com/rain/a/20260903A05I5X00",
      "title": "最高$1000，甚至坐牢！柬埔寨交通罚款明细出炉",
      "collection_id": "6a9a3b9e462e4bbfa78e9a91",
      "insert_len": 0,
      "status": "success"
    },
    {
      "url": "https://news.qq.com/rain/a/20260903A06MRW00",
      "title": "文化和旅游部：全面提升文旅领域消防安全意识和能力",
      "collection_id": "6a9a3b9e462e4bbfa78e9abc",
      "insert_len": 0,
      "status": "success"
    },
    {
      "url": "https://news.qq.com/rain/a/20260903A06MLC00",
      "title": "",
      "collection_id": null,
      "insert_len": 0,
      "status": "failed",
      "error": "EOF occurred in violation of protocol (_ssl.c:1006)"
    },
    {
      "url": "https://news.qq.com/rain/a/20260903A06NKJ00",
      "title": "缅甸小镇运石船江中倾覆、石料全沉了！幸运的是，10名船员全部生还",
      "collection_id": "6a9a3b9f462e4bbfa78e9afc",
      "insert_len": 0,
      "status": "success"
    },
    {
      "url": "https://news.qq.com/rain/a/20260903A06MFY00",
      "title": "婚姻幸福的真相：聪明的男人，都懂把妻子放首位",
      "collection_id": "6a9a3b9f462e4bbfa78e9b2e",
      "insert_len": 0,
      "status": "success"
    },
    {
      "url": "https://news.qq.com/rain/a/20260903A06MT600",
      "title": "“建囚室、高薪诱骗、戴上手铐拘禁青年！”缅甸仰光消防连长黑暗勾当曝光，人被抓",
      "collection_id": "6a9a3ba0462e4bbfa78e9b94",
      "insert_len": 0,
      "status": "success"
    },
    {
      "url": "https://news.qq.com/rain/a/20260903A06M8T00",
      "title": "",
      "collection_id": null,
      "insert_len": 0,
      "status": "failed",
      "error": "EOF occurred in violation of protocol (_ssl.c:1006)"
    },
    {
      "url": "https://news.qq.com/rain/a/20260903A06MM800",
      "title": "",
      "collection_id": null,
      "insert_len": 0,
      "status": "failed",
      "error": "新闻正文为空。"
    },
    {
      "url": "https://news.qq.com/rain/a/20260903A06MQF00",
      "title": "秋实满枝，果树飘香！好一派生机盎然的秋日景象",
      "collection_id": "6a9a3ba1462e4bbfa78e9ced",
      "insert_len": 0,
      "status": "success"
    },
    {
      "url": "https://news.qq.com/rain/a/20260903A06N0X00",
      "title": "山东省“十链百群万企”融链固链投融资对接交流活动在德州举行",
      "collection_id": "6a9a3ba2462e4bbfa78e9d66",
      "insert_len": 0,
      "status": "success"
    },
    {
      "url": "https://news.qq.com/rain/a/20260903A06N0K00",
      "title": "健康上门送温暖，惠山区钱桥街道西漳社区开展健康服务",
      "collection_id": "6a9a3ba2462e4bbfa78e9da7",
      "insert_len": 0,
      "status": "success"
    },
    {
      "url": "https://news.qq.com/rain/a/20260903A06MLB00",
      "title": "民政部：到年底前实现养老机构从业人员消防安全培训全覆盖",
      "collection_id": "6a9a3ba3462e4bbfa78e9e46",
      "insert_len": 0,
      "status": "success"
    },
    {
      "url": "https://news.qq.com/rain/a/20260903A06MQ100",
      "title": "“非常罕见”强厄尔尼诺现象助推，太平洋或同时出现三个飓风",
      "collection_id": "6a9a3ba2462e4bbfa78e9e16",
      "insert_len": 0,
      "status": "success"
    },
    {
      "url": "https://news.qq.com/rain/a/20260903A06LHL00",
      "title": "全球媒体聚焦 | “这是深化埃中全面战略伙伴关系的新里程碑”",
      "collection_id": "6a9a3ba3462e4bbfa78e9edd",
      "insert_len": 0,
      "status": "success"
    },
    {
      "url": "https://news.qq.com/rain/a/20260903A06N0N00",
      "title": "呵护银发健康，惠山区堰桥街道牌楼社区开展康养主题活动",
      "collection_id": "6a9a3ba3462e4bbfa78e9f22",
      "insert_len": 0,
      "status": "success"
    },
    {
      "url": "https://news.qq.com/rain/a/20260903A06MGR00",
      "title": "贵州 2026 养老金计发基数落地，1‑7 月新退休人员，差额补发怎么算",
      "collection_id": "6a9a3ba4462e4bbfa78e9f9c",
      "insert_len": 0,
      "status": "success"
    },
    {
      "url": "https://news.qq.com/rain/a/20260903A06MQ800",
      "title": "FDE火了，企业会把钥匙交给外人吗？",
      "collection_id": "6a9a3ba4462e4bbfa78e9fe4",
      "insert_len": 0,
      "status": "success"
    },
    {
      "url": "https://news.qq.com/rain/a/20260903A06MZK00",
      "title": "“我是医院纪委书记，孩子妈是学院副处长”，一家长在班级群自报干部身份",
      "collection_id": "6a9a3ba4462e4bbfa78ea01c",
      "insert_len": 0,
      "status": "success"
    },
    {
      "url": "https://news.qq.com/rain/a/20260903A06MZ600",
      "title": "重庆永川一小学拟收“餐盘清洗费”，当地教委通报",
      "collection_id": "6a9a3ba4462e4bbfa78ea04c",
      "insert_len": 0,
      "status": "success"
    },
    {
      "url": "https://news.qq.com/rain/a/20260903A06N6000",
      "title": "徐州日报：牵起你的手，陪你走进院外学校",
      "collection_id": "6a9a3ba4462e4bbfa78ea091",
      "insert_len": 0,
      "status": "success"
    },
    {
      "url": "https://news.qq.com/rain/a/20260903A06NHV00",
      "title": "",
      "collection_id": null,
      "insert_len": 0,
      "status": "failed",
      "error": "EOF occurred in violation of protocol (_ssl.c:1006)"
    },
    {
      "url": "https://news.qq.com/rain/a/20260903A06KEK00",
      "title": "全球最火的AI，终于出手「管孩子」了",
      "collection_id": "6a9a3ba5462e4bbfa78ea113",
      "insert_len": 0,
      "status": "success"
    },
    {
      "url": "https://news.qq.com/rain/a/20260903A06MP600",
      "title": "现场直击！福州部分路段出现路面积水、树木倒伏、道路溜方，这群人为福州撑起“安全伞”",
      "collection_id": "6a9a3ba5462e4bbfa78ea157",
      "insert_len": 0,
      "status": "success"
    },
    {
      "url": "https://news.qq.com/rain/a/20260903A05AV100",
      "title": "",
      "collection_id": null,
      "insert_len": 0,
      "status": "failed",
      "error": "EOF occurred in violation of protocol (_ssl.c:1006)"
    },
    {
      "url": "https://news.qq.com/rain/a/20260903A06JRX00",
      "title": "OpenAI新Transformer火了！Astra架构首次曝光",
      "collection_id": "6a9a3ba5462e4bbfa78ea1a1",
      "insert_len": 0,
      "status": "success"
    },
    {
      "url": "https://news.qq.com/rain/a/20260903A06N4Q00",
      "title": "",
      "collection_id": null,
      "insert_len": 0,
      "status": "failed",
      "error": "新闻内容过短。"
    },
    {
      "url": "https://news.qq.com/rain/a/20260903A06MQO00",
      "title": "MiniMax、阿里同时布局视频Agent，拼完模型开始拼工作流？",
      "collection_id": "6a9a3ba6462e4bbfa78ea22b",
      "insert_len": 0,
      "status": "success"
    },
    {
      "url": "https://news.qq.com/rain/a/20260903A06MWV00",
      "title": "",
      "collection_id": null,
      "insert_len": 0,
      "status": "failed",
      "error": "EOF occurred in violation of protocol (_ssl.c:1006)"
    },
    {
      "url": "https://news.qq.com/rain/a/20260903A06N6400",
      "title": "家校同心 守望花开 ，惠山区天一第二实验小学召开家庭教育指导会",
      "collection_id": "6a9a3ba7462e4bbfa78ea28b",
      "insert_len": 0,
      "status": "success"
    },
    {
      "url": "https://news.qq.com/rain/a/20260903A06NIV00",
      "title": "",
      "collection_id": null,
      "insert_len": 0,
      "status": "failed",
      "error": "新闻正文为空。"
    },
    {
      "url": "https://news.qq.com/rain/a/20260903A06M1W00",
      "title": "朱一明，加速逼近三星",
      "collection_id": "6a9a3ba8462e4bbfa78ea2f8",
      "insert_len": 0,
      "status": "success"
    },
    {
      "url": "https://news.qq.com/rain/a/20260903A06N7900",
      "title": "芙蓉国评论 | 为了和平，守护真相",
      "collection_id": "6a9a3ba9462e4bbfa78ea333",
      "insert_len": 0,
      "status": "success"
    },
    {
      "url": "https://news.qq.com/rain/a/20260903A06MS200",
      "title": "福建省泉州市气象台发布暴雨红色预警信号",
      "collection_id": "6a9a3ba9462e4bbfa78ea375",
      "insert_len": 0,
      "status": "success"
    },
    {
      "url": "https://news.qq.com/rain/a/20260903A06NT000",
      "title": "日经225指数向下跌破64000点",
      "collection_id": "6a9a3ba9462e4bbfa78ea3df",
      "insert_len": 0,
      "status": "success"
    },
    {
      "url": "https://news.qq.com/rain/a/20260903A06NIR00",
      "title": "",
      "collection_id": null,
      "insert_len": 0,
      "status": "failed",
      "error": "新闻正文为空。"
    },
    {
      "url": "https://news.qq.com/rain/a/20260903A06MY100",
      "title": "五华区关于鼓励社会资助城乡居民基本养老保险参保缴费的倡议书",
      "collection_id": "6a9a3baa462e4bbfa78ea47f",
      "insert_len": 0,
      "status": "success"
    },
    {
      "url": "https://news.qq.com/rain/a/20260903A06NKE00",
      "title": "市场监管总局：整治“内卷式”竞争 反垄断执法护企专项行动持续推进",
      "collection_id": "6a9a3baa462e4bbfa78ea447",
      "insert_len": 0,
      "status": "success"
    },
    {
      "url": "https://news.qq.com/rain/a/20260903A06NIN00",
      "title": "Meta批量整治改装智能眼镜，封堵静默偷拍漏洞",
      "collection_id": "6a9a3baa462e4bbfa78ea4b8",
      "insert_len": 0,
      "status": "success"
    },
    {
      "url": "https://news.qq.com/rain/a/20260903A06NMJ00",
      "title": "",
      "collection_id": null,
      "insert_len": 0,
      "status": "failed",
      "error": "新闻正文为空。"
    },
    {
      "url": "https://news.qq.com/rain/a/20260903A06N7E00",
      "title": "每9辆欧洲新车就有1辆中国车，MG为何能守住中国品牌第一？",
      "collection_id": "6a9a3baa462e4bbfa78ea4f1",
      "insert_len": 0,
      "status": "success"
    },
    {
      "url": "https://news.qq.com/rain/a/20260903A06N4G00",
      "title": "9月利好，2025年社保基金大赚近4000亿，为养老金上涨筑底气？",
      "collection_id": "6a9a3bab462e4bbfa78ea587",
      "insert_len": 0,
      "status": "success"
    },
    {
      "url": "https://news.qq.com/rain/a/20260903A06NGR00",
      "title": "乔迪找到约尼查最佳副手 段刘愚：在玉昆渐入佳境",
      "collection_id": "6a9a3bab462e4bbfa78ea5bf",
      "insert_len": 0,
      "status": "success"
    },
    {
      "url": "https://news.qq.com/rain/a/20260903A06NHZ00",
      "title": "蚂蚁集团入股风时健康",
      "collection_id": "6a9a3bab462e4bbfa78ea616",
      "insert_len": 0,
      "status": "success"
    },
    {
      "url": "https://news.qq.com/rain/a/20260903A06N0U00",
      "title": "安泽农商银行精细管理强根基",
      "collection_id": "6a9a3bab462e4bbfa78ea6b3",
      "insert_len": 0,
      "status": "success"
    },
    {
      "url": "https://news.qq.com/rain/a/20260903A06MM600",
      "title": "再就业！威少正式加盟Project B联赛，起步年薪200万，中国球员李梦早已签约！",
      "collection_id": "6a9a3bab462e4bbfa78ea6f0",
      "insert_len": 0,
      "status": "success"
    },
    {
      "url": "https://news.qq.com/rain/a/20260903A06NIQ00",
      "title": "孩子到底要不要上“延时课”？两年亲身经历，发现上和不上差距还挺大",
      "collection_id": "6a9a3bab462e4bbfa78ea713",
      "insert_len": 0,
      "status": "success"
    },
    {
      "url": "https://news.qq.com/rain/a/20260903A06NH200",
      "title": "冯彦哲/黄东萍逆转对手 惊险晋级中国大师赛八强",
      "collection_id": "6a9a3bac462e4bbfa78ea79c",
      "insert_len": 0,
      "status": "success"
    },
    {
      "url": "https://news.qq.com/rain/a/20260903A06NVD00",
      "title": "成都大病保险新规：最高能报80%，但这五类费用以后不报了",
      "collection_id": "6a9a3bac462e4bbfa78ea7c9",
      "insert_len": 0,
      "status": "success"
    },
    {
      "url": "https://news.qq.com/rain/a/20260903A06N8000",
      "title": "迪娜·谢哈塔：中国不输出模式，但正在打破西方的“唯一答案”",
      "collection_id": "6a9a3bad462e4bbfa78ea914",
      "insert_len": 0,
      "status": "success"
    },
    {
      "url": "https://news.qq.com/rain/a/20260903A06O0600",
      "title": "隆指导！隆多11-12赛季场均11.9分11.7助，入选最佳阵容三阵",
      "collection_id": "6a9a3bac462e4bbfa78ea83f",
      "insert_len": 0,
      "status": "success"
    },
    {
      "url": "https://news.qq.com/rain/a/20260903A06LKH00",
      "title": "9月16日 | 国内著名神经内科专家韩璎教授将于张家港会诊",
      "collection_id": "6a9a3bac462e4bbfa78ea8e4",
      "insert_len": 0,
      "status": "success"
    },
    {
      "url": "https://news.qq.com/rain/a/20260903A06NS400",
      "title": "高端铜箔需求暴涨260%！相关企业订单已排至年底，科创新材料ETF博时(588010)最新资金净流入超3000万元",
      "collection_id": "6a9a3bad462e4bbfa78ea951",
      "insert_len": 0,
      "status": "success"
    },
    {
      "url": "https://news.qq.com/rain/a/20260903A06NIW00",
      "title": "老树发新芽！科创加持，看南昌工业如何焕发全新活力！",
      "collection_id": "6a9a3bad462e4bbfa78ea9bb",
      "insert_len": 0,
      "status": "success"
    },
    {
      "url": "https://news.qq.com/rain/a/20260903A06LXV00",
      "title": "这样的豆瓣9.1，很难再看到了",
      "collection_id": "6a9a3bad462e4bbfa78eaa4b",
      "insert_len": 0,
      "status": "success"
    },
    {
      "url": "https://news.qq.com/rain/a/20260903A06NNO00",
      "title": "“沙德尔”第三次登陆！交通运输部调度重点地区",
      "collection_id": "6a9a3bad462e4bbfa78eaaa9",
      "insert_len": 0,
      "status": "success"
    },
    {
      "url": "https://news.qq.com/rain/a/20260903A06NX700",
      "title": "河北一家长在班级群自报干部身份，当地卫健委：纪检组已介入此事，医院确实有这个人",
      "collection_id": "6a9a3bad462e4bbfa78eaa6d",
      "insert_len": 0,
      "status": "success"
    },
    {
      "url": "https://news.qq.com/rain/a/20260903A06OLU00",
      "title": "",
      "collection_id": null,
      "insert_len": 0,
      "status": "failed",
      "error": "新闻正文为空。"
    },
    {
      "url": "https://news.qq.com/rain/a/20260903A06OA400",
      "title": "FILA助力中国香港代表团出征2026亚洲体育盛事",
      "collection_id": "6a9a3bae462e4bbfa78eab5f",
      "insert_len": 0,
      "status": "success"
    },
    {
      "url": "https://news.qq.com/rain/a/20260903A06N9U00",
      "title": "赌王女儿何超盈获聘艺术学院教授！金发优雅出席活动被赞“最潮教授”",
      "collection_id": "6a9a3bae462e4bbfa78eab5d",
      "insert_len": 0,
      "status": "success"
    },
    {
      "url": "https://news.qq.com/rain/a/20260903A06NZR00",
      "title": "泽连斯基回应“乌两大情报机构街头枪战”",
      "collection_id": "6a9a3bae462e4bbfa78eab9c",
      "insert_len": 0,
      "status": "success"
    },
    {
      "url": "https://news.qq.com/rain/a/20260903A06NW900",
      "title": "14岁女孩开学首日遭车祸左腿截肢，众网友纷纷为她互助献血，父亲：孩子还没醒，右腿情况还不好说",
      "collection_id": "6a9a3bae462e4bbfa78eacdd",
      "insert_len": 0,
      "status": "success"
    },
    {
      "url": "https://news.qq.com/rain/a/20260903A06NWX00",
      "title": "爬封禁野山屡禁不止，五问“野爬”热背后的法律风险",
      "collection_id": "6a9a3bae462e4bbfa78eac79",
      "insert_len": 0,
      "status": "success"
    },
    {
      "url": "https://news.qq.com/rain/a/20260903A05J4Q00",
      "title": "爱沙尼亚情报局局长警告：俄罗斯巨变可能一夜发生",
      "collection_id": "6a9a3bae462e4bbfa78eac7b",
      "insert_len": 0,
      "status": "success"
    },
    {
      "url": "https://news.qq.com/rain/a/20260903A06N1P00",
      "title": "",
      "collection_id": null,
      "insert_len": 0,
      "status": "failed",
      "error": "EOF occurred in violation of protocol (_ssl.c:1006)"
    },
    {
      "url": "https://news.qq.com/rain/a/20260903A06NYG00",
      "title": "“餐盘清洗费”，被叫停",
      "collection_id": "6a9a3baf462e4bbfa78ead6a",
      "insert_len": 0,
      "status": "success"
    },
    {
      "url": "https://news.qq.com/rain/a/20260903A06O1O00",
      "title": "泰国今日金价公布：大涨超1000泰铢",
      "collection_id": "6a9a3baf462e4bbfa78eadc0",
      "insert_len": 0,
      "status": "success"
    },
    {
      "url": "https://news.qq.com/rain/a/20260903A06NZV00",
      "title": "",
      "collection_id": null,
      "insert_len": 0,
      "status": "failed",
      "error": "EOF occurred in violation of protocol (_ssl.c:1006)"
    },
    {
      "url": "https://news.qq.com/rain/a/20260903A06NYF00",
      "title": "",
      "collection_id": null,
      "insert_len": 0,
      "status": "failed",
      "error": "EOF occurred in violation of protocol (_ssl.c:1006)"
    },
    {
      "url": "https://news.qq.com/rain/a/20260903A06KEV00",
      "title": "魏德尔明确表态：“我不会派军舰去中国家门口晃悠，也不会在台湾海峡刷存在感，欧洲应当把重心放回自身利益”",
      "collection_id": "6a9a3baf462e4bbfa78eae72",
      "insert_len": 0,
      "status": "success"
    },
    {
      "url": "https://news.qq.com/rain/a/20260903A06OFV00",
      "title": "罗素投资：预计非农就业会给美联储带来好消息",
      "collection_id": "6a9a3bb0462e4bbfa78eaed4",
      "insert_len": 0,
      "status": "success"
    },
    {
      "url": "https://news.qq.com/rain/a/20260903A06OGB00",
      "title": "机构：近期各国债券市场走势背后的驱动因素略有不同",
      "collection_id": "6a9a3bb0462e4bbfa78eaf4d",
      "insert_len": 0,
      "status": "success"
    },
    {
      "url": "https://news.qq.com/rain/a/20260903A06MQ300",
      "title": "上头AI裁员的老板里，超过一半都后悔了",
      "collection_id": "6a9a3bb1462e4bbfa78eafc5",
      "insert_len": 0,
      "status": "success"
    },
    {
      "url": "https://news.qq.com/rain/a/20260903A06OO700",
      "title": "到2030年我国体育产业总规模力争超7万亿元",
      "collection_id": "6a9a3bb1462e4bbfa78eb015",
      "insert_len": 0,
      "status": "success"
    },
    {
      "url": "https://news.qq.com/rain/a/20260903A06O7900",
      "title": "深圳校服“真香”！规则是最好的“校服设计师”",
      "collection_id": "6a9a3bb2462e4bbfa78eb076",
      "insert_len": 0,
      "status": "success"
    },
    {
      "url": "https://news.qq.com/rain/a/20260903A06O9H00",
      "title": "AI当起“生态哨兵”，东滩鸟类保护区有了“数智大脑”，破解三大管护难题",
      "collection_id": "6a9a3bb2462e4bbfa78eb0b2",
      "insert_len": 0,
      "status": "success"
    },
    {
      "url": "https://news.qq.com/rain/a/20260903A06OJG00",
      "title": "中国经济样本观察·企业样本篇丨“三大动力”有了“新动力”——哈电集团转型突围观察",
      "collection_id": "6a9a3bb3462e4bbfa78eb0f1",
      "insert_len": 0,
      "status": "success"
    },
    {
      "url": "https://news.qq.com/rain/a/20260903A06OGV00",
      "title": "",
      "collection_id": null,
      "insert_len": 0,
      "status": "failed",
      "error": "EOF occurred in violation of protocol (_ssl.c:1006)"
    },
    {
      "url": "https://news.qq.com/rain/a/20260903A06OFO00",
      "title": "奇瑞控股董事长：犀牛电池固态电芯能量密度达400Wh/kg",
      "collection_id": "6a9a3bb3462e4bbfa78eb14b",
      "insert_len": 0,
      "status": "success"
    },
    {
      "url": "https://news.qq.com/rain/a/20260903A06LTU00",
      "title": "",
      "collection_id": null,
      "insert_len": 0,
      "status": "failed",
      "error": "新闻内容过短。"
    },
    {
      "url": "https://news.qq.com/rain/a/20260903A06OOA00",
      "title": "",
      "collection_id": null,
      "insert_len": 0,
      "status": "failed",
      "error": "新闻内容过短。"
    },
    {
      "url": "https://news.qq.com/rain/a/20260903A06OAN00",
      "title": "三星Exynos 2700参数曝光！10核CPU+24MB大缓存，堆料够猛",
      "collection_id": "6a9a3bb4462e4bbfa78eb1a0",
      "insert_len": 0,
      "status": "success"
    },
    {
      "url": "https://news.qq.com/rain/a/20260903A06NS900",
      "title": "",
      "collection_id": null,
      "insert_len": 0,
      "status": "failed",
      "error": "EOF occurred in violation of protocol (_ssl.c:1006)"
    },
    {
      "url": "https://news.qq.com/rain/a/20260903A06OQ900",
      "title": "",
      "collection_id": null,
      "insert_len": 0,
      "status": "failed",
      "error": "新闻正文为空。"
    },
    {
      "url": "https://news.qq.com/rain/a/20260903A06NKX00",
      "title": "纯电续航900km/插混综合1650km，海狮08上市22.99万元起",
      "collection_id": "6a9a3bb6462e4bbfa78eb327",
      "insert_len": 0,
      "status": "success"
    },
    {
      "url": "https://news.qq.com/rain/a/20260903A06O0R00",
      "title": "泰国清迈议员帕塔蓬指出上议院版清洁空气法遭否决三大原因，称偏袒资本，将继续抗争",
      "collection_id": "6a9a3bb6462e4bbfa78eb393",
      "insert_len": 0,
      "status": "success"
    },
    {
      "url": "https://news.qq.com/rain/a/20260903A06OB300",
      "title": "伯克希尔CEO：巴菲特参与对Alphabet投资，AI数据中心成能源业务重大机遇",
      "collection_id": "6a9a3bb7462e4bbfa78eb40a",
      "insert_len": 0,
      "status": "success"
    },
    {
      "url": "https://news.qq.com/rain/a/20260903A06OGX00",
      "title": "维尔利在贵州成立煤层气开发公司",
      "collection_id": "6a9a3bb7462e4bbfa78eb48d",
      "insert_len": 0,
      "status": "success"
    },
    {
      "url": "https://news.qq.com/rain/a/20260903A06OG300",
      "title": "多重因素致欧债承压 各国融资成本或攀升",
      "collection_id": "6a9a3bb7462e4bbfa78eb4ff",
      "insert_len": 0,
      "status": "success"
    },
    {
      "url": "https://news.qq.com/rain/a/20260903A06OGE00",
      "title": "优必选等成立科技新公司，含卫星遥感数据处理业务",
      "collection_id": "6a9a3bb7462e4bbfa78eb55f",
      "insert_len": 0,
      "status": "success"
    },
    {
      "url": "https://news.qq.com/rain/a/20260903A06NYK00",
      "title": "CP：快船几位关键球员的合同也将到期，未来将何去何从？",
      "collection_id": "6a9a3bb8462e4bbfa78eb5e9",
      "insert_len": 0,
      "status": "success"
    },
    {
      "url": "https://news.qq.com/rain/a/20260903A06OFP00",
      "title": "净利半年飙涨超9倍，A股“股王”股价大涨",
      "collection_id": "6a9a3bb8462e4bbfa78eb619",
      "insert_len": 0,
      "status": "success"
    },
    {
      "url": "https://news.qq.com/rain/a/20260903A06OQH00",
      "title": "",
      "collection_id": null,
      "insert_len": 0,
      "status": "failed",
      "error": "新闻内容过短。"
    },
    {
      "url": "https://news.qq.com/rain/a/20260903A06OJZ00",
      "title": "多只热门股，直线封板涨停",
      "collection_id": "6a9a3bb8462e4bbfa78eb6a9",
      "insert_len": 0,
      "status": "success"
    },
    {
      "url": "https://news.qq.com/rain/a/20260903A06O1K00",
      "title": "",
      "collection_id": null,
      "insert_len": 0,
      "status": "failed",
      "error": "EOF occurred in violation of protocol (_ssl.c:1006)"
    },
    {
      "url": "https://news.qq.com/rain/a/20260903A049D000",
      "title": "",
      "collection_id": null,
      "insert_len": 0,
      "status": "failed",
      "error": "EOF occurred in violation of protocol (_ssl.c:1006)"
    },
    {
      "url": "https://news.qq.com/rain/a/20260903A06NK300",
      "title": "哈密医保好故事 | 医保“六支付”看病更轻松——哈密医保便捷支付让群众就医“少跑腿”",
      "collection_id": "6a9a3bb9462e4bbfa78eb724",
      "insert_len": 0,
      "status": "success"
    },
    {
      "url": "https://news.qq.com/rain/a/20260903A05EZP00",
      "title": "女子收到“前同事”微博私信，请其帮查快递垫付尾款，并发毒誓：我要骗你出门被车撞死！转账6万多元后，她得知前同事早已被盗号",
      "collection_id": "6a9a3bb9462e4bbfa78eb7e4",
      "insert_len": 0,
      "status": "success"
    },
    {
      "url": "https://news.qq.com/rain/a/20260903A06OGQ00",
      "title": "机构：债券市场一直在替美联储发挥部分政策作用",
      "collection_id": "6a9a3bb9462e4bbfa78eb7bb",
      "insert_len": 0,
      "status": "success"
    },
    {
      "url": "https://news.qq.com/rain/a/20260903A06OGI00",
      "title": "伯恩斯坦：阳光电源回调背后，是情绪恐慌/还是基本面拐点？",
      "collection_id": "6a9a3bba462e4bbfa78eb856",
      "insert_len": 0,
      "status": "success"
    },
    {
      "url": "https://news.qq.com/rain/a/20260903A06O6W00",
      "title": "",
      "collection_id": null,
      "insert_len": 0,
      "status": "failed",
      "error": "新闻内容过短。"
    },
    {
      "url": "https://news.qq.com/rain/a/20260903A06OO600",
      "title": "国家体育总局：体育“饭圈”乱象治理取得积极进展",
      "collection_id": "6a9a3bba462e4bbfa78eb8b7",
      "insert_len": 0,
      "status": "success"
    },
    {
      "url": "https://news.qq.com/rain/a/20260903A06ODB00",
      "title": "市值骤减千亿，净利下降9成，影石迎来成长关键考验",
      "collection_id": "6a9a3bbb462e4bbfa78eb8ec",
      "insert_len": 0,
      "status": "success"
    },
    {
      "url": "https://news.qq.com/rain/a/20260903A06OST00",
      "title": "穆帅激活贝林厄姆巴尔韦德卡马文加，皇马能摆脱四大皆空吗？",
      "collection_id": "6a9a3bbb462e4bbfa78eb942",
      "insert_len": 0,
      "status": "success"
    },
    {
      "url": "https://news.qq.com/rain/a/20260903A06P6D00",
      "title": "规避饮食误区，筑牢胃肠屏障，全方位防范消化道病变",
      "collection_id": "6a9a3bbb462e4bbfa78eb9b1",
      "insert_len": 0,
      "status": "success"
    },
    {
      "url": "https://news.qq.com/rain/a/20260903A06OO800",
      "title": "新一代理想MEGA上市 全国统一零售价50.98万元",
      "collection_id": "6a9a3bbb462e4bbfa78eba09",
      "insert_len": 0,
      "status": "success"
    },
    {
      "url": "https://news.qq.com/rain/a/20260903A06LFN00",
      "title": "",
      "collection_id": null,
      "insert_len": 0,
      "status": "failed",
      "error": "新闻正文为空。"
    },
    {
      "url": "https://news.qq.com/rain/a/20260903A06OG500",
      "title": "花旗：AI药物发现为行业下一重大趋势，首选英矽智能",
      "collection_id": "6a9a3bbc462e4bbfa78ebacf",
      "insert_len": 0,
      "status": "success"
    },
    {
      "url": "https://news.qq.com/rain/a/20260903A06P5700",
      "title": "缅甸德林达依省联邦8号公路爆发激战！军方车队遭伏击，约15名士兵死亡",
      "collection_id": "6a9a3bbd462e4bbfa78ebb70",
      "insert_len": 0,
      "status": "success"
    },
    {
      "url": "https://news.qq.com/rain/a/20260903A06P9R00",
      "title": "黄金跌麻了！国际金价一夜暴跌123美元，现在是跑还是抄底？",
      "collection_id": "6a9a3bbd462e4bbfa78ebbd9",
      "insert_len": 0,
      "status": "success"
    },
    {
      "url": "https://news.qq.com/rain/a/20260903A06NBB00",
      "title": "",
      "collection_id": null,
      "insert_len": 0,
      "status": "failed",
      "error": "EOF occurred in violation of protocol (_ssl.c:1006)"
    },
    {
      "url": "https://news.qq.com/rain/a/20260903A06NDT00",
      "title": "当康复训练遇上“do re mi”：那些听障孩子正在舞台上歌唱",
      "collection_id": "6a9a3bbd462e4bbfa78ebc17",
      "insert_len": 0,
      "status": "success"
    },
    {
      "url": "https://news.qq.com/rain/a/20260903A06P6200",
      "title": "把医保政策讲明白！滨州这场主题党日活动为机关职工解疑释惑",
      "collection_id": "6a9a3bbd462e4bbfa78ebc4f",
      "insert_len": 0,
      "status": "success"
    },
    {
      "url": "https://news.qq.com/rain/a/20260903A06OYU00",
      "title": "VR Expert与Treeview携手，加速拓展XREAL Aura企业级应用场景",
      "collection_id": "6a9a3bbd462e4bbfa78ebc80",
      "insert_len": 0,
      "status": "success"
    },
    {
      "url": "https://news.qq.com/rain/a/20260903A06OJ800",
      "title": "",
      "collection_id": null,
      "insert_len": 0,
      "status": "failed",
      "error": "EOF occurred in violation of protocol (_ssl.c:1006)"
    },
    {
      "url": "https://news.qq.com/rain/a/20260903A06OFQ00",
      "title": "守住“双增长”的美的，顶住了一波下行压力",
      "collection_id": "6a9a3bbe462e4bbfa78ebcc8",
      "insert_len": 0,
      "status": "success"
    },
    {
      "url": "https://news.qq.com/rain/a/20260903A06PIT00",
      "title": "印度本土品牌Mivi将推出首款5G智能手机 本月发布！",
      "collection_id": "6a9a3bbe462e4bbfa78ebcfc",
      "insert_len": 0,
      "status": "success"
    },
    {
      "url": "https://news.qq.com/rain/a/20260903A06P5B00",
      "title": "",
      "collection_id": null,
      "insert_len": 0,
      "status": "failed",
      "error": "新闻正文为空。"
    },
    {
      "url": "https://news.qq.com/rain/a/20260903A06P4X00",
      "title": "山东企退与机关退休待遇有差距，专项补贴该怎么客观看待",
      "collection_id": "6a9a3bbe462e4bbfa78ebd2c",
      "insert_len": 0,
      "status": "success"
    },
    {
      "url": "https://news.qq.com/rain/a/20260903A06P5300",
      "title": "轰鸣再起！在陕西感受速度与激情",
      "collection_id": "6a9a3bbf462e4bbfa78ebd74",
      "insert_len": 0,
      "status": "success"
    },
    {
      "url": "https://news.qq.com/rain/a/20260903A06P3Y00",
      "title": "童趣泡泡迎开学 安全护航伴成长——仓前葛巷开展暑期末端应急安全科普活动",
      "collection_id": "6a9a3bbf462e4bbfa78ebda4",
      "insert_len": 0,
      "status": "success"
    },
    {
      "url": "https://news.qq.com/rain/a/20260903A06OG600",
      "title": "石榴云/新疆日报评论员文章丨厚重历史凝聚团结奋进力量",
      "collection_id": "6a9a3bbf462e4bbfa78ebdf9",
      "insert_len": 0,
      "status": "success"
    },
    {
      "url": "https://news.qq.com/rain/a/20260903A06PV200",
      "title": "借虚拟货币后逾期不还，能起诉要回吗？广州这一判决具有参考价值",
      "collection_id": "6a9a3bbf462e4bbfa78ebe24",
      "insert_len": 0,
      "status": "success"
    },
    {
      "url": "https://news.qq.com/rain/a/20260903A06P9400",
      "title": "话剧《寻味》9月11-12日在民族文化宫大剧院展演",
      "collection_id": "6a9a3bc1462e4bbfa78ebec4",
      "insert_len": 0,
      "status": "success"
    },
    {
      "url": "https://news.qq.com/rain/a/20260903A06PUR00",
      "title": "",
      "collection_id": null,
      "insert_len": 0,
      "status": "failed",
      "error": "新闻内容过短。"
    },
    {
      "url": "https://news.qq.com/rain/a/20260903A06PE100",
      "title": "新增涉诉2.4亿！*ST沐邦能否走出困局？",
      "collection_id": "6a9a3bc1462e4bbfa78ebe8e",
      "insert_len": 0,
      "status": "success"
    },
    {
      "url": "https://news.qq.com/rain/a/20260903A06OFX00",
      "title": "坚定马克思主义“五观” 正本清源 以史为鉴 ——《中国新疆地区历史》《中国新疆地区宗教史》发布侧记",
      "collection_id": "6a9a3bc1462e4bbfa78ebef5",
      "insert_len": 0,
      "status": "success"
    },
    {
      "url": "https://news.qq.com/rain/a/20260903A06PGI00",
      "title": "卖爆之后，AI服务器盈利与供应链迎来考验",
      "collection_id": "6a9a3bc1462e4bbfa78ebf64",
      "insert_len": 0,
      "status": "success"
    },
    {
      "url": "https://news.qq.com/rain/a/20260903A06PTY00",
      "title": "FF与AIBOT签署合作协议",
      "collection_id": "6a9a3bc1462e4bbfa78ebf3b",
      "insert_len": 0,
      "status": "success"
    },
    {
      "url": "https://news.qq.com/rain/a/20260903A06PU200",
      "title": "阿布扎比AI企业G42据悉考虑融资数十亿美元",
      "collection_id": "6a9a3bc2462e4bbfa78ebfd3",
      "insert_len": 0,
      "status": "success"
    },
    {
      "url": "https://news.qq.com/rain/a/20260903A06ODE00",
      "title": "锚定新目标 奋进十五五！这场培训聚能开启新学期",
      "collection_id": "6a9a3bc2462e4bbfa78ec015",
      "insert_len": 0,
      "status": "success"
    },
    {
      "url": "https://news.qq.com/rain/a/20260903A06NK000",
      "title": "接连两个孩子生死一线，这个家庭为何这么信任她？",
      "collection_id": "6a9a3bc2462e4bbfa78ec077",
      "insert_len": 0,
      "status": "success"
    },
    {
      "url": "https://news.qq.com/rain/a/20260903A06OGD00",
      "title": "以史润心 以史聚力 ——“新疆两史”出版发行引发专家学者热烈反响",
      "collection_id": "6a9a3bc2462e4bbfa78ec0a8",
      "insert_len": 0,
      "status": "success"
    },
    {
      "url": "https://news.qq.com/rain/a/20260903A06PRE00",
      "title": "炎陵启动防汛Ⅱ级应急响应",
      "collection_id": "6a9a3bc3462e4bbfa78ec13d",
      "insert_len": 0,
      "status": "success"
    },
    {
      "url": "https://news.qq.com/rain/a/20260903A06PTN00",
      "title": "国家药监局批准芮特韦拜单抗注射液上市",
      "collection_id": "6a9a3bc3462e4bbfa78ec0fc",
      "insert_len": 0,
      "status": "success"
    },
    {
      "url": "https://news.qq.com/rain/a/20260903A04FO000",
      "title": "勒庞针对穆斯林女性强推面纱禁令，极右翼策略奏效，领跑法国大选",
      "collection_id": "6a9a3bc3462e4bbfa78ec1a0",
      "insert_len": 0,
      "status": "success"
    },
    {
      "url": "https://news.qq.com/rain/a/20260903A06OAD00",
      "title": "数智化重塑“宇宙行”——57万亿工行的AI「进化论」",
      "collection_id": "6a9a3bc3462e4bbfa78ec1ef",
      "insert_len": 0,
      "status": "success"
    },
    {
      "url": "https://news.qq.com/rain/a/20260903A06PC600",
      "title": "男团演唱会，粉丝狂打4.8万通12345举报施压，平台回应",
      "collection_id": "6a9a3bc3462e4bbfa78ec27c",
      "insert_len": 0,
      "status": "success"
    },
    {
      "url": "https://news.qq.com/rain/a/20260903A06N4V00",
      "title": "高平：实践促成长",
      "collection_id": "6a9a3bc3462e4bbfa78ec29e",
      "insert_len": 0,
      "status": "success"
    },
    {
      "url": "https://news.qq.com/rain/a/20260903A06PSK00",
      "title": "普华永道：2030年中国娱乐及媒体行业总收入预计达6135亿美元",
      "collection_id": "6a9a3bc3462e4bbfa78ec28a",
      "insert_len": 0,
      "status": "success"
    },
    {
      "url": "https://news.qq.com/rain/a/20260903A06PUE00",
      "title": "不要误读烟草的信号：销量放缓之下，行业正在主动求变",
      "collection_id": "6a9a3bc3462e4bbfa78ec302",
      "insert_len": 0,
      "status": "success"
    },
    {
      "url": "https://news.qq.com/rain/a/20260903A06PK400",
      "title": "持球大核+跑跳前锋！赛场细节拆解狼队新援鲍尔&库明加 | 查克解析",
      "collection_id": "6a9a3bc4462e4bbfa78ec3ab",
      "insert_len": 0,
      "status": "success"
    },
    {
      "url": "https://news.qq.com/rain/a/20260903A06NW800",
      "title": "《日喀则日报》20260903",
      "collection_id": "6a9a3bc4462e4bbfa78ec3dc",
      "insert_len": 0,
      "status": "success"
    },
    {
      "url": "https://news.qq.com/rain/a/20260903A06P9500",
      "title": "",
      "collection_id": null,
      "insert_len": 0,
      "status": "failed",
      "error": "EOF occurred in violation of protocol (_ssl.c:1006)"
    },
    {
      "url": "https://news.qq.com/rain/a/20260903A06Q5F00",
      "title": "映界科技完成千万级种子+轮融资，三位联合创始人平均年龄仅24岁",
      "collection_id": "6a9a3bc5462e4bbfa78ec47f",
      "insert_len": 0,
      "status": "success"
    },
    {
      "url": "https://news.qq.com/rain/a/20260903A06PZD00",
      "title": "泰国15岁少年遭17岁仇家当街连开3枪身亡",
      "collection_id": "6a9a3bc4462e4bbfa78ec416",
      "insert_len": 0,
      "status": "success"
    },
    {
      "url": "https://news.qq.com/rain/a/20260903A06PG600",
      "title": "退休后，我才明白一个道理：人，真的别太把自己当回事",
      "collection_id": "6a9a3bc5462e4bbfa78ec4e7",
      "insert_len": 0,
      "status": "success"
    },
    {
      "url": "https://news.qq.com/rain/a/20260903A06OAV00",
      "title": "RSI时代将至：谷歌、OpenAI、SSI正在发出同一个信号",
      "collection_id": "6a9a3bc5462e4bbfa78ec530",
      "insert_len": 0,
      "status": "success"
    },
    {
      "url": "https://news.qq.com/rain/a/20260903A06PZL00",
      "title": "按实际回款15%支付悬赏金！北京二中院征集被执行人财产线索",
      "collection_id": "6a9a3bc5462e4bbfa78ec53a",
      "insert_len": 0,
      "status": "success"
    },
    {
      "url": "https://news.qq.com/rain/a/20260903A06PVT00",
      "title": "广州这些水厂也可以发电啦！年减碳7960吨",
      "collection_id": "6a9a3bc5462e4bbfa78ec5cb",
      "insert_len": 0,
      "status": "success"
    },
    {
      "url": "https://news.qq.com/rain/a/20260903A06P2Y00",
      "title": "",
      "collection_id": null,
      "insert_len": 0,
      "status": "failed",
      "error": "EOF occurred in violation of protocol (_ssl.c:1006)"
    },
    {
      "url": "https://news.qq.com/rain/a/20260903A06PTS00",
      "title": "发改委部署加强“六张网”项目储备，多地密集展开谋划",
      "collection_id": "6a9a3bc6462e4bbfa78ec604",
      "insert_len": 0,
      "status": "success"
    },
    {
      "url": "https://news.qq.com/rain/a/20260903A06PYO00",
      "title": "",
      "collection_id": null,
      "insert_len": 0,
      "status": "failed",
      "error": "EOF occurred in violation of protocol (_ssl.c:1006)"
    },
    {
      "url": "https://news.qq.com/rain/a/20260903A06PVX00",
      "title": "",
      "collection_id": null,
      "insert_len": 0,
      "status": "failed",
      "error": "新闻正文为空。"
    },
    {
      "url": "https://news.qq.com/rain/a/20260903A06Q6U00",
      "title": "“关了店就等于没事了？”——越南新规告诉你：停业不办手续，后患比你想象的大",
      "collection_id": "6a9a3bc6462e4bbfa78ec6ba",
      "insert_len": 0,
      "status": "success"
    },
    {
      "url": "https://news.qq.com/rain/a/20260903A06Q4D00",
      "title": "",
      "collection_id": null,
      "insert_len": 0,
      "status": "failed",
      "error": "EOF occurred in violation of protocol (_ssl.c:1006)"
    },
    {
      "url": "https://news.qq.com/rain/a/20260903A06PU400",
      "title": "刘翔发文反映退役安置情况引关注，上海市竞体中心工作人员：刘翔目前还在该单位，后续会统一发布公告",
      "collection_id": "6a9a3bca462e4bbfa78ec758",
      "insert_len": 0,
      "status": "success"
    },
    {
      "url": "https://news.qq.com/rain/a/20260903A05NL200",
      "title": "幸运是命运的恩赐，布云朝克特爆冷12号种子霍达尔",
      "collection_id": "6a9a3bca462e4bbfa78ec790",
      "insert_len": 0,
      "status": "success"
    },
    {
      "url": "https://news.qq.com/rain/a/20260903A06PVH00",
      "title": "探访服贸会首钢园会址",
      "collection_id": "6a9a3bcb462e4bbfa78ec7c5",
      "insert_len": 0,
      "status": "success"
    },
    {
      "url": "https://news.qq.com/rain/a/20260903A06PXB00",
      "title": "乐福13-14赛季场均26.1分12.5板4.4助，入选最佳二阵+全明星",
      "collection_id": "6a9a3bcb462e4bbfa78ec7fe",
      "insert_len": 0,
      "status": "success"
    },
    {
      "url": "https://news.qq.com/rain/a/20260903A06Q6Y00",
      "title": "中建翡翠天序丨星屿“车位比”维度测评：人车分流+高标地库，在克而瑞好房点评网竞品组展现稳健停车价值",
      "collection_id": "6a9a3bcb462e4bbfa78ec836",
      "insert_len": 0,
      "status": "success"
    },
    {
      "url": "https://news.qq.com/rain/a/20260903A06Q6A00",
      "title": "成立航空IPO被问询：预计2027至2028年实现盈亏平衡的依据",
      "collection_id": "6a9a3bcb462e4bbfa78ec876",
      "insert_len": 0,
      "status": "success"
    },
    {
      "url": "https://news.qq.com/rain/a/20260903A06PHL00",
      "title": "黄金长牛逻辑不改，黄金ETF国泰（518800）跟踪标的盘中涨逾2%近30日资金净流入超16亿元",
      "collection_id": "6a9a3bcb462e4bbfa78ec8a6",
      "insert_len": 0,
      "status": "success"
    },
    {
      "url": "https://news.qq.com/rain/a/20260903A06Q2L00",
      "title": "补强投射资源！赛场细节拆解活塞新援——神射手以赛亚-乔 | 查克解析",
      "collection_id": "6a9a3bcc462e4bbfa78ec8e9",
      "insert_len": 0,
      "status": "success"
    },
    {
      "url": "https://news.qq.com/rain/a/20260903A06PYI00",
      "title": "辽篮发文：CBA夏季联赛（青岛）小组赛第二场，辽宁负于山东",
      "collection_id": "6a9a3bd2462e4bbfa78eca84",
      "insert_len": 0,
      "status": "success"
    },
    {
      "url": "https://news.qq.com/rain/a/20260903A06PH800",
      "title": "",
      "collection_id": null,
      "insert_len": 0,
      "status": "failed",
      "error": "EOF occurred in violation of protocol (_ssl.c:1006)"
    },
    {
      "url": "https://news.qq.com/rain/a/20260903A06PXI00",
      "title": "",
      "collection_id": null,
      "insert_len": 0,
      "status": "failed",
      "error": "EOF occurred in violation of protocol (_ssl.c:1006)"
    },
    {
      "url": "https://news.qq.com/rain/a/20260903A06Q0700",
      "title": "泰国那拉提瓦府村长助理在自家门前遭歹徒枪击身亡",
      "collection_id": "6a9a3bcc462e4bbfa78ec92a",
      "insert_len": 0,
      "status": "success"
    },
    {
      "url": "https://news.qq.com/rain/a/20260903A06OSL00",
      "title": "重磅罚单！快船被罚5首轮+3000万美金，伦纳德长文回应",
      "collection_id": "6a9a3bce462e4bbfa78ec962",
      "insert_len": 0,
      "status": "success"
    },
    {
      "url": "https://news.qq.com/rain/a/20260903A06PY400",
      "title": "CP：森林狼休赛期为爱德华兹打造了一支全新的核心阵容",
      "collection_id": "6a9a3bcf462e4bbfa78ec99a",
      "insert_len": 0,
      "status": "success"
    },
    {
      "url": "https://news.qq.com/rain/a/20260903A04DWZ00",
      "title": "",
      "collection_id": null,
      "insert_len": 0,
      "status": "failed",
      "error": "EOF occurred in violation of protocol (_ssl.c:1006)"
    },
    {
      "url": "https://news.qq.com/rain/a/20260903A06PZJ00",
      "title": "BBC王牌剧集《9号秘事》沉浸式悬念剧场10月登陆羊城",
      "collection_id": "6a9a3bd1462e4bbfa78eca0b",
      "insert_len": 0,
      "status": "success"
    },
    {
      "url": "https://news.qq.com/rain/a/20260903A06PT000",
      "title": "",
      "collection_id": null,
      "insert_len": 0,
      "status": "failed",
      "error": "新闻内容过短。"
    },
    {
      "url": "https://news.qq.com/rain/a/20260903A06PVP00",
      "title": "",
      "collection_id": null,
      "insert_len": 0,
      "status": "failed",
      "error": "EOF occurred in violation of protocol (_ssl.c:1006)"
    },
    {
      "url": "https://news.qq.com/rain/a/20260903A06Q6W00",
      "title": "2026上半年物企在管规模：4家破5亿方，经发物业增幅96%居首",
      "collection_id": "6a9a3bd1462e4bbfa78eca54",
      "insert_len": 0,
      "status": "success"
    },
    {
      "url": "https://news.qq.com/rain/a/20260903A06P6G00",
      "title": "大理暑期整治多给力？数据来了！",
      "collection_id": "6a9a3bd2462e4bbfa78ecab5",
      "insert_len": 0,
      "status": "success"
    },
    {
      "url": "https://news.qq.com/rain/a/20260903A06QAL00",
      "title": "加强3D侧翼储备！赛场细节拆解曼恩&篮网新援埃利斯 | 查克解析",
      "collection_id": "6a9a3bd2462e4bbfa78ecb06",
      "insert_len": 0,
      "status": "success"
    },
    {
      "url": "https://news.qq.com/rain/a/20260903A06P8G00",
      "title": "中国和新加坡海军将举行“海上合作-2026”联演",
      "collection_id": "6a9a3bd2462e4bbfa78ecb08",
      "insert_len": 0,
      "status": "success"
    },
    {
      "url": "https://news.qq.com/rain/a/20260903A06QGS00",
      "title": "",
      "collection_id": null,
      "insert_len": 0,
      "status": "failed",
      "error": "新闻内容过短。"
    },
    {
      "url": "https://news.qq.com/rain/a/20260903A06PZR00",
      "title": "缺人！4.9万个岗位！这些行业，招人了",
      "collection_id": "6a9a3bd3462e4bbfa78ecb6b",
      "insert_len": 0,
      "status": "success"
    },
    {
      "url": "https://news.qq.com/rain/a/20260903A06PYA00",
      "title": "",
      "collection_id": null,
      "insert_len": 0,
      "status": "failed",
      "error": "EOF occurred in violation of protocol (_ssl.c:1006)"
    },
    {
      "url": "https://news.qq.com/rain/a/20260903A06QL100",
      "title": "",
      "collection_id": null,
      "insert_len": 0,
      "status": "failed",
      "error": "新闻正文为空。"
    },
    {
      "url": "https://news.qq.com/rain/a/20260903A06QRX00",
      "title": "",
      "collection_id": null,
      "insert_len": 0,
      "status": "failed",
      "error": "EOF occurred in violation of protocol (_ssl.c:1006)"
    },
    {
      "url": "https://news.qq.com/rain/a/20260903A06PZW00",
      "title": "纵横点评︱91.11%！内蒙古治沙，这份成绩来之不易",
      "collection_id": "6a9a3bd4462e4bbfa78ecbdc",
      "insert_len": 0,
      "status": "success"
    },
    {
      "url": "https://news.qq.com/rain/a/20260903A06Q4700",
      "title": "",
      "collection_id": null,
      "insert_len": 0,
      "status": "failed",
      "error": "新闻内容过短。"
    },
    {
      "url": "https://news.qq.com/rain/a/20260903A06Q6D00",
      "title": "成都农博会9月28日至30日召开，首次组建“推荐官”推荐农博好物",
      "collection_id": "6a9a3bd5462e4bbfa78ecc15",
      "insert_len": 0,
      "status": "success"
    },
    {
      "url": "https://news.qq.com/rain/a/20260903A06PZT00",
      "title": "千年壁画破壁而来，舞剧《龟兹》首登羊城谱写丝路史诗",
      "collection_id": "6a9a3bd6462e4bbfa78ecc51",
      "insert_len": 0,
      "status": "success"
    },
    {
      "url": "https://news.qq.com/rain/a/20260903A06QSW00",
      "title": "",
      "collection_id": null,
      "insert_len": 0,
      "status": "failed",
      "error": "EOF occurred in violation of protocol (_ssl.c:1006)"
    },
    {
      "url": "https://news.qq.com/rain/a/20260903A06QJE00",
      "title": "彩民支持率：迪里耶vs胡拜尔库迪西亚，客胜支持率达84%",
      "collection_id": "6a9a3bd6462e4bbfa78eccce",
      "insert_len": 0,
      "status": "success"
    },
    {
      "url": "https://news.qq.com/rain/a/20260903A06OCX00",
      "title": "视频丨平陆运河举行船舶通航全要素综合演练",
      "collection_id": "6a9a3bd7462e4bbfa78ecd5a",
      "insert_len": 0,
      "status": "success"
    },
    {
      "url": "https://news.qq.com/rain/a/20260903A06QH500",
      "title": "",
      "collection_id": null,
      "insert_len": 0,
      "status": "failed",
      "error": "新闻内容过短。"
    },
    {
      "url": "https://news.qq.com/rain/a/20260903A06QF000",
      "title": "",
      "collection_id": null,
      "insert_len": 0,
      "status": "failed",
      "error": "新闻内容过短。"
    },
    {
      "url": "https://news.qq.com/rain/a/20260903A06PZI00",
      "title": "房贷新政来了！最长可贷40年 确保“能拿房、再还贷”",
      "collection_id": "6a9a3bd9462e4bbfa78ecf5b",
      "insert_len": 0,
      "status": "success"
    },
    {
      "url": "https://news.qq.com/rain/a/20260903A06Q6700",
      "title": "山河永记烽火岁月，边城芒市镌刻滇西抗战壮歌",
      "collection_id": "6a9a3bd8462e4bbfa78ece49",
      "insert_len": 0,
      "status": "success"
    },
    {
      "url": "https://news.qq.com/rain/a/20260903A06Q5C00",
      "title": "",
      "collection_id": null,
      "insert_len": 0,
      "status": "failed",
      "error": "EOF occurred in violation of protocol (_ssl.c:1006)"
    },
    {
      "url": "https://news.qq.com/rain/a/20260903A06QK600",
      "title": "",
      "collection_id": null,
      "insert_len": 0,
      "status": "failed",
      "error": "EOF occurred in violation of protocol (_ssl.c:1006)"
    },
    {
      "url": "https://news.qq.com/rain/a/20260903A06QH000",
      "title": "“林肯号”航母停靠泰国，近5000名美军涌入芭提雅，当地提前下禁令：不准进红灯区、不准吸大麻、不得开展任何水上活动",
      "collection_id": "6a9a3bda462e4bbfa78ed013",
      "insert_len": 0,
      "status": "success"
    },
    {
      "url": "https://news.qq.com/rain/a/20260903A06QJK00",
      "title": "上海竞体体训管理中心：刘翔还在单位，后续将统一发布公告",
      "collection_id": "6a9a3bdd462e4bbfa78ed3ab",
      "insert_len": 0,
      "status": "success"
    },
    {
      "url": "https://news.qq.com/rain/a/20260903A06Q9O00",
      "title": "陕西发布最新天气预报！7日起小到中雨、局地大雨来袭",
      "collection_id": "6a9a3bdc462e4bbfa78ed17f",
      "insert_len": 0,
      "status": "success"
    },
    {
      "url": "https://news.qq.com/rain/a/20260903A06PY000",
      "title": "餐谋长 | 绿叶菜+豆类！Cell发现了藏在肠道里的“健康工厂”",
      "collection_id": "6a9a3bdc462e4bbfa78ed236",
      "insert_len": 0,
      "status": "success"
    },
    {
      "url": "https://news.qq.com/rain/a/20260903A06Q9T00",
      "title": "陕西疾控9月食品安全风险与营养健康提示",
      "collection_id": "6a9a3bdd462e4bbfa78ed301",
      "insert_len": 0,
      "status": "success"
    },
    {
      "url": "https://news.qq.com/rain/a/20260903A06QSL00",
      "title": "西区开展易腐蔬菜甲醛检测",
      "collection_id": "6a9a3bdd462e4bbfa78ed370",
      "insert_len": 0,
      "status": "success"
    },
    {
      "url": "https://news.qq.com/rain/a/20260903A06Q0C00",
      "title": "澳门双乐团开启全新乐季，9月多元文体活动全城上线",
      "collection_id": "6a9a3bde462e4bbfa78ed446",
      "insert_len": 0,
      "status": "success"
    },
    {
      "url": "https://news.qq.com/rain/a/20260903A06QYD00",
      "title": "浙江省台州市温岭市气象台发布雷电黄色预警信号",
      "collection_id": "6a9a3bde462e4bbfa78ed4a3",
      "insert_len": 0,
      "status": "success"
    },
    {
      "url": "https://news.qq.com/rain/a/20260903A06QSM00",
      "title": "严把生产源头关 守护中秋团圆味――兰州市市场监督管理局开展月饼生产环节专项监督检查",
      "collection_id": "6a9a3bde462e4bbfa78ed4f1",
      "insert_len": 0,
      "status": "success"
    },
    {
      "url": "https://news.qq.com/rain/a/20260903A06LUN00",
      "title": "试驾广汽传祺越7：什么是“硬派方盒子家庭化”？17万级的它具象化了",
      "collection_id": "6a9a3bde462e4bbfa78ed524",
      "insert_len": 0,
      "status": "success"
    },
    {
      "url": "https://news.qq.com/rain/a/20260903A06Q7H00",
      "title": "招商1872深度测评：九龙坡核心TOD大城，值得入手吗？",
      "collection_id": "6a9a3bde462e4bbfa78ed5ff",
      "insert_len": 0,
      "status": "success"
    },
    {
      "url": "https://news.qq.com/rain/a/20260903A06QLJ00",
      "title": "好运接力！1212万元大乐透头奖，又是普兰店！",
      "collection_id": "6a9a3bde462e4bbfa78ed622",
      "insert_len": 0,
      "status": "success"
    },
    {
      "url": "https://news.qq.com/rain/a/20260903A06QKL00",
      "title": "数博会DATA之夜，看见贵州数字产业新叙事",
      "collection_id": "6a9a3bde462e4bbfa78ed665",
      "insert_len": 0,
      "status": "success"
    },
    {
      "url": "https://news.qq.com/rain/a/20260903A06QQD00",
      "title": "台风“沙德尔”影响 福建莆田停工、停产、停课、休市",
      "collection_id": "6a9a3bdf462e4bbfa78ed6d7",
      "insert_len": 0,
      "status": "success"
    },
    {
      "url": "https://news.qq.com/rain/a/20260903A06Q6500",
      "title": "成立航空创业板IPO：7名核心技术人员人均薪酬40万，任金茹等2人持股",
      "collection_id": "6a9a3bdf462e4bbfa78ed7df",
      "insert_len": 0,
      "status": "success"
    },
    {
      "url": "https://news.qq.com/rain/a/20260903A06PFE00",
      "title": "SKYLA V30全尺寸技术验证机在哈尔滨下线",
      "collection_id": "6a9a3bdf462e4bbfa78ed740",
      "insert_len": 0,
      "status": "success"
    },
    {
      "url": "https://news.qq.com/rain/a/20260903A06PYN00",
      "title": "【IPO前哨】玉柴船电更新招股书：高增长背后，关联交易、现金流等需留意",
      "collection_id": "6a9a3bdf462e4bbfa78ed76d",
      "insert_len": 0,
      "status": "success"
    },
    {
      "url": "https://news.qq.com/rain/a/20260903A06QUP00",
      "title": "第39届莫斯科国际书展举办中国主宾国活动",
      "collection_id": "6a9a3be0462e4bbfa78ed891",
      "insert_len": 0,
      "status": "success"
    },
    {
      "url": "https://news.qq.com/rain/a/20260903A06Q6600",
      "title": "立昂机器人完成千万级战略融资，核心团队来自优必选、普渡、戴盟等",
      "collection_id": "6a9a3be0462e4bbfa78ed88f",
      "insert_len": 0,
      "status": "success"
    },
    {
      "url": "https://news.qq.com/rain/a/20260903A06QBD00",
      "title": "手握通关剧本，出海新手在东南亚卖爆了",
      "collection_id": "6a9a3bdf462e4bbfa78ed825",
      "insert_len": 0,
      "status": "success"
    },
    {
      "url": "https://news.qq.com/rain/a/20260903A06RBF00",
      "title": "燃料油连续主力合约日内跌3%，现报3820元/吨",
      "collection_id": "6a9a3be0462e4bbfa78ed936",
      "insert_len": 0,
      "status": "success"
    },
    {
      "url": "https://news.qq.com/rain/a/20260903A06QB900",
      "title": "免费“出片”！“幸福照相馆”为海南教师送福利啦",
      "collection_id": "6a9a3be0462e4bbfa78ed96f",
      "insert_len": 0,
      "status": "success"
    },
    {
      "url": "https://news.qq.com/rain/a/20260903A06PVL00",
      "title": "",
      "collection_id": null,
      "insert_len": 0,
      "status": "failed",
      "error": "新闻内容过短。"
    },
    {
      "url": "https://news.qq.com/rain/a/20260903A06QVS00",
      "title": "马斯克预测全球人形机器人数量将突破10亿台，科创100ETF博时(588030)连续4天合计“吸金”4200万元",
      "collection_id": "6a9a3be0462e4bbfa78ed9db",
      "insert_len": 0,
      "status": "success"
    },
    {
      "url": "https://news.qq.com/rain/a/20260903A06QXT00",
      "title": "",
      "collection_id": null,
      "insert_len": 0,
      "status": "failed",
      "error": "EOF occurred in violation of protocol (_ssl.c:1006)"
    },
    {
      "url": "https://news.qq.com/rain/a/20260903A06RIK00",
      "title": "星链互联网服务正式进入阿联酋",
      "collection_id": "6a9a3be1462e4bbfa78eda20",
      "insert_len": 0,
      "status": "success"
    },
    {
      "url": "https://news.qq.com/rain/a/20260903A06RBI00",
      "title": "WTI原油期货跌幅扩大至1%，报90.098美元/桶",
      "collection_id": "6a9a3be1462e4bbfa78eda60",
      "insert_len": 0,
      "status": "success"
    },
    {
      "url": "https://news.qq.com/rain/a/20260903A06RAU00",
      "title": "美元兑日元日内下跌0.7%至157.64，为近四周低点",
      "collection_id": "6a9a3be1462e4bbfa78eda90",
      "insert_len": 0,
      "status": "success"
    },
    {
      "url": "https://news.qq.com/rain/a/20260903A06R8Z00",
      "title": "航行警告！渤海北部部分海域执行军事演习 禁止驶入",
      "collection_id": "6a9a3be1462e4bbfa78edac0",
      "insert_len": 0,
      "status": "success"
    },
    {
      "url": "https://news.qq.com/rain/a/20260903A06PBG00",
      "title": "137人当场达成意向！李集镇一大批好岗位，正在招人",
      "collection_id": "6a9a3be1462e4bbfa78edaf0",
      "insert_len": 0,
      "status": "success"
    },
    {
      "url": "https://news.qq.com/rain/a/20260903A06PSS00",
      "title": "当 AI 开始理解「人不是标签」：阿里妈妈如何重构广告定向",
      "collection_id": "6a9a3be1462e4bbfa78edb51",
      "insert_len": 0,
      "status": "success"
    },
    {
      "url": "https://news.qq.com/rain/a/20260903A06LTY00",
      "title": "退休金到账的瞬间，我拉黑了催我带娃的亲戚群",
      "collection_id": "6a9a3be2462e4bbfa78edb90",
      "insert_len": 0,
      "status": "success"
    },
    {
      "url": "https://news.qq.com/rain/a/20260903A06RA000",
      "title": "",
      "collection_id": null,
      "insert_len": 0,
      "status": "failed",
      "error": "新闻正文为空。"
    },
    {
      "url": "https://news.qq.com/rain/a/20260903A06Q5M00",
      "title": "",
      "collection_id": null,
      "insert_len": 0,
      "status": "failed",
      "error": "新闻内容过短。"
    },
    {
      "url": "https://news.qq.com/rain/a/20260903A06REV00",
      "title": "上海市浦东新区气象台发布雷电黄色预警信号",
      "collection_id": "6a9a3be2462e4bbfa78edbc1",
      "insert_len": 0,
      "status": "success"
    },
    {
      "url": "https://news.qq.com/rain/a/20260903A06RAO00",
      "title": "现任律师申请动用许家印被托管资产支付120万港元诉讼费，被香港高院驳回",
      "collection_id": "6a9a3be3462e4bbfa78edc1b",
      "insert_len": 0,
      "status": "success"
    },
    {
      "url": "https://news.qq.com/rain/a/20260903A06RJ000",
      "title": "印度对原产于或进口自中国的草铵膦及其盐类作出反吸收肯定性终裁",
      "collection_id": "6a9a3be2462e4bbfa78edbee",
      "insert_len": 0,
      "status": "success"
    },
    {
      "url": "https://news.qq.com/rain/a/20260903A06RJ300",
      "title": "WTI原油期货跌幅扩大至1%",
      "collection_id": "6a9a3be3462e4bbfa78edca4",
      "insert_len": 0,
      "status": "success"
    },
    {
      "url": "https://news.qq.com/rain/a/20260903A06P4B00",
      "title": "莫迪拍桌怒斥无人应，巴铁转身接棒上合主席国，中方当场签下大单",
      "collection_id": "6a9a3be3462e4bbfa78edc76",
      "insert_len": 0,
      "status": "success"
    },
    {
      "url": "https://news.qq.com/rain/a/20260903A06PXR00",
      "title": "",
      "collection_id": null,
      "insert_len": 0,
      "status": "failed",
      "error": "EOF occurred in violation of protocol (_ssl.c:1006)"
    },
    {
      "url": "https://news.qq.com/rain/a/20260903A06QWC00",
      "title": "博通财报电话会实录：AI收入未来两年连续翻番，“实际需求甚至更高”",
      "collection_id": "6a9a3be4462e4bbfa78edd0c",
      "insert_len": 0,
      "status": "success"
    },
    {
      "url": "https://news.qq.com/rain/a/20260903A06R8900",
      "title": "联想、戴尔、慧与业绩齐超预期，三大AI基建商服务器订单激增",
      "collection_id": "6a9a3be4462e4bbfa78edcdf",
      "insert_len": 0,
      "status": "success"
    },
    {
      "url": "https://news.qq.com/rain/a/20260903A06RIO00",
      "title": "",
      "collection_id": null,
      "insert_len": 0,
      "status": "failed",
      "error": "新闻内容过短。"
    },
    {
      "url": "https://news.qq.com/rain/a/20260903A06RBV00",
      "title": "政策加码人工智能赛道，关注人工智能ETF易方达（159819）投资价值",
      "collection_id": "6a9a3be5462e4bbfa78edd8c",
      "insert_len": 0,
      "status": "success"
    },
    {
      "url": "https://news.qq.com/rain/a/20260903A06QY400",
      "title": "第三届上饶市“弋阳腔戏曲汇”开幕",
      "collection_id": "6a9a3be5462e4bbfa78eddd5",
      "insert_len": 0,
      "status": "success"
    },
    {
      "url": "https://news.qq.com/rain/a/20260903A06RFM00",
      "title": "锚定2030！上海国际贸易中心“十五五”规划发布 10项指标划定发展新坐标",
      "collection_id": "6a9a3be6462e4bbfa78edeff",
      "insert_len": 0,
      "status": "success"
    },
    {
      "url": "https://news.qq.com/rain/a/20260903A06RCA00",
      "title": "证券板块早盘走强，香港证券ETF易方达（513090）标的指数半日涨2%",
      "collection_id": "6a9a3be6462e4bbfa78ede78",
      "insert_len": 0,
      "status": "success"
    },
    {
      "url": "https://news.qq.com/rain/a/20260903A06RDG00",
      "title": "镭色回路 | 限定收信预告",
      "collection_id": "6a9a3be6462e4bbfa78eded2",
      "insert_len": 0,
      "status": "success"
    },
    {
      "url": "https://news.qq.com/rain/a/20260903A06RM600",
      "title": "最佳新秀！官方：弗拉格上赛季得分等五项数据均排新秀前三",
      "collection_id": "6a9a3be6462e4bbfa78edf9c",
      "insert_len": 0,
      "status": "success"
    },
    {
      "url": "https://news.qq.com/rain/a/20260903A06PH700",
      "title": "义乌新站即将投运！广大车主注意！",
      "collection_id": "6a9a3be7462e4bbfa78ee04c",
      "insert_len": 0,
      "status": "success"
    },
    {
      "url": "https://news.qq.com/rain/a/20260903A06RM500",
      "title": "克里斯-韦伯00-01赛季场均27.1分11.1板，70场拿到50次两双",
      "collection_id": "6a9a3be6462e4bbfa78ee01f",
      "insert_len": 0,
      "status": "success"
    },
    {
      "url": "https://news.qq.com/rain/a/20260903A06RNL00",
      "title": "极星Polestar 4 SUV官图发布，采用低趴运动的风格",
      "collection_id": "6a9a3be7462e4bbfa78ee0b5",
      "insert_len": 0,
      "status": "success"
    },
    {
      "url": "https://news.qq.com/rain/a/20260903A06RLE00",
      "title": "第十届世界奥赛之夜儋州站圆满落幕",
      "collection_id": "6a9a3be7462e4bbfa78ee0f4",
      "insert_len": 0,
      "status": "success"
    },
    {
      "url": "https://news.qq.com/rain/a/20260903A06QYB00",
      "title": "中国旅游报丨望仙谷缘何吸引外国游客？",
      "collection_id": "6a9a3be7462e4bbfa78ee152",
      "insert_len": 0,
      "status": "success"
    },
    {
      "url": "https://news.qq.com/rain/a/20260903A06RJL00",
      "title": "非法开挖销售被遗留的鹅卵石，数人被判刑",
      "collection_id": "6a9a3be7462e4bbfa78ee1c2",
      "insert_len": 0,
      "status": "success"
    },
    {
      "url": "https://news.qq.com/rain/a/20260903A06FJ300",
      "title": "锈迹斑斑、长满海藻的“林肯”号航母抵达泰国",
      "collection_id": "6a9a3be8462e4bbfa78ee2da",
      "insert_len": 0,
      "status": "success"
    },
    {
      "url": "https://news.qq.com/rain/a/20260903A06R9L00",
      "title": "杭州钱塘，从产业里“长”出新城",
      "collection_id": "6a9a3be8462e4bbfa78ee201",
      "insert_len": 0,
      "status": "success"
    },
    {
      "url": "https://news.qq.com/rain/a/20260903A06R9P00",
      "title": "AIGC走进上星剧集，影视板块或迎来新周期？",
      "collection_id": "6a9a3be8462e4bbfa78ee279",
      "insert_len": 0,
      "status": "success"
    },
    {
      "url": "https://news.qq.com/rain/a/20260903A06RB400",
      "title": "中国驻尼加拉瓜使馆发布领事证件大厅假期暂停对外办公的通知",
      "collection_id": "6a9a3be8462e4bbfa78ee314",
      "insert_len": 0,
      "status": "success"
    },
    {
      "url": "https://news.qq.com/rain/a/20260903A06RC000",
      "title": "芯片厂加速扩产释放半导体设备材料需求，半导体设备ETF易方达（159558）半日获7800万份净申购",
      "collection_id": "6a9a3be8462e4bbfa78ee355",
      "insert_len": 0,
      "status": "success"
    },
    {
      "url": "https://news.qq.com/rain/a/20260903A06OMT00",
      "title": "极度罕见！台风三次登陆  大到暴雨将抵江苏",
      "collection_id": "6a9a3bea462e4bbfa78ee472",
      "insert_len": 0,
      "status": "success"
    },
    {
      "url": "https://news.qq.com/rain/a/20260903A06RBW00",
      "title": "创业板指半日涨0.4%，创业板ETF易方达（159915）昨日净流入额居股票型ETF第一",
      "collection_id": "6a9a3bea462e4bbfa78ee517",
      "insert_len": 0,
      "status": "success"
    },
    {
      "url": "https://news.qq.com/rain/a/20260903A06RJI00",
      "title": "这条时速350公里高铁跨阳澄湖啦！通苏嘉甬高铁阳澄湖水域首榀箱梁成功架设",
      "collection_id": "6a9a3be9462e4bbfa78ee3c5",
      "insert_len": 0,
      "status": "success"
    },
    {
      "url": "https://news.qq.com/rain/a/20260903A06RJV00",
      "title": "录取分数比肩“985”，东莞这所高校迎来1301名新生",
      "collection_id": "6a9a3be9462e4bbfa78ee43b",
      "insert_len": 0,
      "status": "success"
    },
    {
      "url": "https://news.qq.com/rain/a/20260903A06RLF00",
      "title": "奇瑞全固态电池计划2027年启动上车验证",
      "collection_id": "6a9a3bea462e4bbfa78ee4a2",
      "insert_len": 0,
      "status": "success"
    },
    {
      "url": "https://news.qq.com/rain/a/20260903A06RVY00",
      "title": "身无分文走投无路？39岁中国男子越南杂货店持刀抢劫，5天就被抓",
      "collection_id": "6a9a3bea462e4bbfa78ee54e",
      "insert_len": 0,
      "status": "success"
    },
    {
      "url": "https://news.qq.com/rain/a/20260903A06Q4900",
      "title": "锈迹斑斑！“林肯”号航母在海上航行286天后，看起来像是经历了一场浩劫",
      "collection_id": "6a9a3bea462e4bbfa78ee57e",
      "insert_len": 0,
      "status": "success"
    },
    {
      "url": "https://news.qq.com/rain/a/20260903A06RJN00",
      "title": "王鸿海35年考察黄河文化，艺术展9月5日首次亮相广州",
      "collection_id": "6a9a3bea462e4bbfa78ee5bd",
      "insert_len": 0,
      "status": "success"
    },
    {
      "url": "https://news.qq.com/rain/a/20260903A06PK500",
      "title": "CAR-T受试者死亡：冲刺IPO的易慕峰，遭遇“生死”大考？",
      "collection_id": "6a9a3bea462e4bbfa78ee63b",
      "insert_len": 0,
      "status": "success"
    },
    {
      "url": "https://news.qq.com/rain/a/20260903A06RMU00",
      "title": "",
      "collection_id": null,
      "insert_len": 0,
      "status": "failed",
      "error": "新闻内容过短。"
    },
    {
      "url": "https://news.qq.com/rain/a/20260903A06RRT00",
      "title": "老人负重乘车大连公交司机主动搭把手帮扶",
      "collection_id": "6a9a3beb462e4bbfa78ee66c",
      "insert_len": 0,
      "status": "success"
    },
    {
      "url": "https://news.qq.com/rain/a/20260903A06RKR00",
      "title": "《给阿嬷的情书》伦敦公映收官！当地华人分享感受：像回家了",
      "collection_id": "6a9a3beb462e4bbfa78ee6a7",
      "insert_len": 0,
      "status": "success"
    },
    {
      "url": "https://news.qq.com/rain/a/20260903A06RWQ00",
      "title": "中国造EUV光刻机还要15年？蔡司高管：制裁反而加速追赶",
      "collection_id": "6a9a3beb462e4bbfa78ee720",
      "insert_len": 0,
      "status": "success"
    },
    {
      "url": "https://news.qq.com/rain/a/20260903A06RIR00",
      "title": "福建：多地暴雨超预报极值、河道水库超警超限",
      "collection_id": "6a9a3beb462e4bbfa78ee750",
      "insert_len": 0,
      "status": "success"
    },
    {
      "url": "https://news.qq.com/rain/a/20260903A06RQ500",
      "title": "40万亿回购落地！SK海力士领衔韩企分红回购潮，价值提升指数ETF规模达3.5万亿韩元",
      "collection_id": "6a9a3beb462e4bbfa78ee78a",
      "insert_len": 0,
      "status": "success"
    },
    {
      "url": "https://news.qq.com/rain/a/20260903A06REF00",
      "title": "存款放存折好，还是银行卡好？原来区别这么大，尽早清楚不吃亏",
      "collection_id": "6a9a3beb462e4bbfa78ee7db",
      "insert_len": 0,
      "status": "success"
    },
    {
      "url": "https://news.qq.com/rain/a/20260903A06RJW00",
      "title": "《杀死比尔：血色全传》海边首映，昆汀中国专属幕后短片首播",
      "collection_id": "6a9a3beb462e4bbfa78ee816",
      "insert_len": 0,
      "status": "success"
    },
    {
      "url": "https://news.qq.com/rain/a/20260903A06Q6G00",
      "title": "云英谷科技登陆港股三个月即启动回A，上半年业绩承压",
      "collection_id": "6a9a3beb462e4bbfa78ee846",
      "insert_len": 0,
      "status": "success"
    },
    {
      "url": "https://news.qq.com/rain/a/20260903A06PTX00",
      "title": "福建莆田：9月3日13时起停工（业）、停产、停课、休市",
      "collection_id": "6a9a3beb462e4bbfa78ee87d",
      "insert_len": 0,
      "status": "success"
    },
    {
      "url": "https://news.qq.com/rain/a/20260903A06RK300",
      "title": "",
      "collection_id": null,
      "insert_len": 0,
      "status": "failed",
      "error": "EOF occurred in violation of protocol (_ssl.c:1006)"
    },
    {
      "url": "https://news.qq.com/rain/a/20260903A060ZB00",
      "title": "纽约时报｜这就是“特朗普主义”的未来图景",
      "collection_id": "6a9a3bec462e4bbfa78ee9a5",
      "insert_len": 0,
      "status": "success"
    },
    {
      "url": "https://news.qq.com/rain/a/20260903A04OQL00",
      "title": "知识库≠资料堆，这6条学习法讲透建库核心思路",
      "collection_id": "6a9a3bec462e4bbfa78ee936",
      "insert_len": 0,
      "status": "success"
    },
    {
      "url": "https://news.qq.com/rain/a/20260903A06RAT00",
      "title": "",
      "collection_id": null,
      "insert_len": 0,
      "status": "failed",
      "error": "新闻内容过短。"
    },
    {
      "url": "https://news.qq.com/rain/a/20260903A06RLI00",
      "title": "眼压爆表、随时致盲！瑞金医院卢湾分院眼科极速抢救，守住患者光明",
      "collection_id": "6a9a3bed462e4bbfa78eea2c",
      "insert_len": 0,
      "status": "success"
    },
    {
      "url": "https://news.qq.com/rain/a/20260903A06RLC00",
      "title": "岭南文化新讲：客家人的浪漫，藏在一封封华侨“情书”里",
      "collection_id": "6a9a3bee462e4bbfa78eeacf",
      "insert_len": 0,
      "status": "success"
    },
    {
      "url": "https://news.qq.com/rain/a/20260903A06RLD00",
      "title": "一家没有“主理人”的咖啡店，为何吸引了一批又一批回头客？",
      "collection_id": "6a9a3bed462e4bbfa78eea95",
      "insert_len": 0,
      "status": "success"
    },
    {
      "url": "https://news.qq.com/rain/a/20260903A06RMN00",
      "title": "北控男篮官方分享外援抵达球队图集：外援抵京",
      "collection_id": "6a9a3bef462e4bbfa78eebc1",
      "insert_len": 0,
      "status": "success"
    },
    {
      "url": "https://news.qq.com/rain/a/20260903A06RZ400",
      "title": "",
      "collection_id": null,
      "insert_len": 0,
      "status": "failed",
      "error": "新闻正文为空。"
    },
    {
      "url": "https://news.qq.com/rain/a/20260903A06RGD00",
      "title": "",
      "collection_id": null,
      "insert_len": 0,
      "status": "failed",
      "error": "EOF occurred in violation of protocol (_ssl.c:1006)"
    },
    {
      "url": "https://news.qq.com/rain/a/20260903A06SEF00",
      "title": "泰国校园枪击案：初三学生持枪闯校，父称其患抑郁症，本人认错",
      "collection_id": "6a9a3bee462e4bbfa78eeb59",
      "insert_len": 0,
      "status": "success"
    },
    {
      "url": "https://news.qq.com/rain/a/20260903A06SED00",
      "title": "",
      "collection_id": null,
      "insert_len": 0,
      "status": "failed",
      "error": "EOF occurred in violation of protocol (_ssl.c:1006)"
    },
    {
      "url": "https://news.qq.com/rain/a/20260903A06SGU00",
      "title": "上有老下有小，中间夹着自己：越南“三明治一代”被榨干，69%退休后还得打工",
      "collection_id": "6a9a3bef462e4bbfa78eec4e",
      "insert_len": 0,
      "status": "success"
    },
    {
      "url": "https://news.qq.com/rain/a/20260903A06SPI00",
      "title": "浙江杭州一高中宿舍实现“拎包入住”，配备大床、定制人体工学椅，床上四件套均经过洗烘消毒并定时更换：网友：像五星级酒店",
      "collection_id": "6a9a3bf0462e4bbfa78eecb3",
      "insert_len": 0,
      "status": "success"
    },
    {
      "url": "https://news.qq.com/rain/a/20260903A06SJI00",
      "title": "人民币升值，老百姓手里钱值钱了！一大好处之外，还有一大压力",
      "collection_id": "6a9a3bf1462e4bbfa78eedde",
      "insert_len": 0,
      "status": "success"
    },
    {
      "url": "https://news.qq.com/rain/a/20260903A06RK100",
      "title": "",
      "collection_id": null,
      "insert_len": 0,
      "status": "failed",
      "error": "EOF occurred in violation of protocol (_ssl.c:1006)"
    },
    {
      "url": "https://news.qq.com/rain/a/20260903A06S8Q00",
      "title": "赵勇若下课谁来接手？郎平前弟子崔咏梅被提及，蔡斌也有望三进宫",
      "collection_id": "6a9a3bf2462e4bbfa78eee7e",
      "insert_len": 0,
      "status": "success"
    },
    {
      "url": "https://news.qq.com/rain/a/20260903A06R3G00",
      "title": "航运业重大突破！瑞典Oceanbird完成Wing560翼帆首船安装，风力推进技术迈入全球商业化阶段",
      "collection_id": "6a9a3bf2462e4bbfa78eef5f",
      "insert_len": 0,
      "status": "success"
    },
    {
      "url": "https://news.qq.com/rain/a/20260903A06QY000",
      "title": "卢小青在上饶调研：做好文旅融合文章 激活消费新动能",
      "collection_id": "6a9a3bf3462e4bbfa78ef032",
      "insert_len": 0,
      "status": "success"
    },
    {
      "url": "https://news.qq.com/rain/a/20260903A06RWX00",
      "title": "宅兹中国 礼乐西府——于宝鸡窥见中华文明",
      "collection_id": "6a9a3bf3462e4bbfa78ef0f3",
      "insert_len": 0,
      "status": "success"
    },
    {
      "url": "https://news.qq.com/rain/a/20260903A06SPQ00",
      "title": "",
      "collection_id": null,
      "insert_len": 0,
      "status": "failed",
      "error": "EOF occurred in violation of protocol (_ssl.c:1006)"
    },
    {
      "url": "https://news.qq.com/rain/a/20260903A06RLQ00",
      "title": "蜕变看得见！这场暑期健康训练营，让少年体态挺拔、活力满格迎开学",
      "collection_id": "6a9a3bf4462e4bbfa78ef1f2",
      "insert_len": 0,
      "status": "success"
    },
    {
      "url": "https://news.qq.com/rain/a/20260903A06RCH00",
      "title": "",
      "collection_id": null,
      "insert_len": 0,
      "status": "failed",
      "error": "EOF occurred in violation of protocol (_ssl.c:1006)"
    },
    {
      "url": "https://news.qq.com/rain/a/20260903A06QKW00",
      "title": "国内定存一点几，越南存款冲上9.2%！这波利率差，跟不跟？",
      "collection_id": "6a9a3bf4462e4bbfa78ef28e",
      "insert_len": 0,
      "status": "success"
    },
    {
      "url": "https://news.qq.com/rain/a/20260903A06QYC00",
      "title": "【上饶文旅周报202635】免门票、玩穿越、看夜游，这波福利别错过",
      "collection_id": "6a9a3bf4462e4bbfa78ef307",
      "insert_len": 0,
      "status": "success"
    },
    {
      "url": "https://news.qq.com/rain/a/20260903A06SEZ00",
      "title": "尼泊尔旅游部长呼吁外国游客赴尼旅游：你们的到来，将是对我们的巨大支持",
      "collection_id": "6a9a3bf5462e4bbfa78ef3f9",
      "insert_len": 0,
      "status": "success"
    },
    {
      "url": "https://news.qq.com/rain/a/20260903A06QVP00",
      "title": "女性可以35岁开始缴费，50岁退休，也可以40岁开始缴费，55岁退休",
      "collection_id": "6a9a3bf5462e4bbfa78ef483",
      "insert_len": 0,
      "status": "success"
    },
    {
      "url": "https://news.qq.com/rain/a/20260903A06SDL00",
      "title": "",
      "collection_id": null,
      "insert_len": 0,
      "status": "failed",
      "error": "EOF occurred in violation of protocol (_ssl.c:1006)"
    },
    {
      "url": "https://news.qq.com/rain/a/20260903A06P4A00",
      "title": "国家AAA级景区为何成了孩子的噩梦？记者探访如是书院，村民称“傻子才送孩子进去”",
      "collection_id": "6a9a3bf6462e4bbfa78ef548",
      "insert_len": 0,
      "status": "success"
    },
    {
      "url": "https://news.qq.com/rain/a/20260903A06QL500",
      "title": "",
      "collection_id": null,
      "insert_len": 0,
      "status": "failed",
      "error": "新闻内容过短。"
    },
    {
      "url": "https://news.qq.com/rain/a/20260903A06SON00",
      "title": "平潭紧急通知：下午停课",
      "collection_id": "6a9a3bf6462e4bbfa78ef5fe",
      "insert_len": 0,
      "status": "success"
    },
    {
      "url": "https://news.qq.com/rain/a/20260903A06SEC00",
      "title": "来了！泰国选举委员会接请愿解散人民党，查女议员“艾丝·拉差诺”捐20万欠债200万",
      "collection_id": "6a9a3bf7462e4bbfa78ef678",
      "insert_len": 0,
      "status": "success"
    },
    {
      "url": "https://news.qq.com/rain/a/20260903A06SJ200",
      "title": "",
      "collection_id": null,
      "insert_len": 0,
      "status": "failed",
      "error": "新闻内容过短。"
    },
    {
      "url": "https://news.qq.com/rain/a/20260903A06SOW00",
      "title": "酒泉市成功争取首个整合统筹使用教育领域转移支付资金竞争性项目",
      "collection_id": "6a9a3bf8462e4bbfa78ef723",
      "insert_len": 0,
      "status": "success"
    },
    {
      "url": "https://news.qq.com/rain/a/20260903A06SAZ00",
      "title": "阿贝尔从“股神”手中接过日本五大商社! “伯克希尔仓位效应”推动贸易板块股价起舞",
      "collection_id": "6a9a3bf8462e4bbfa78ef799",
      "insert_len": 0,
      "status": "success"
    },
    {
      "url": "https://news.qq.com/rain/a/20260903A06S8400",
      "title": "“12万港元三针，宣称可预防二十余种癌症”，香港破获一起针对内地消费者的医疗欺诈案件，香港卫生署：香港与内地均无该药剂的注册备案",
      "collection_id": "6a9a3bf9462e4bbfa78ef7ca",
      "insert_len": 0,
      "status": "success"
    },
    {
      "url": "https://news.qq.com/rain/a/20260903A06RJ900",
      "title": "",
      "collection_id": null,
      "insert_len": 0,
      "status": "failed",
      "error": "EOF occurred in violation of protocol (_ssl.c:1006)"
    },
    {
      "url": "https://news.qq.com/rain/a/20260903A06ST600",
      "title": "三星公布下一代存储路线图，HBM5与zHBM性能大幅跃升，科创芯片设计ETF易方达(589030)聚焦科创板芯片设计龙头",
      "collection_id": "6a9a3bf9462e4bbfa78ef854",
      "insert_len": 0,
      "status": "success"
    },
    {
      "url": "https://news.qq.com/rain/a/20260903A06SUL00",
      "title": "国家消防救援局：同样身处火场，消防演练的差异可能带来生死两隔",
      "collection_id": "6a9a3bf9462e4bbfa78ef88c",
      "insert_len": 0,
      "status": "success"
    },
    {
      "url": "https://news.qq.com/rain/a/20260903A06S3900",
      "title": "无须抢券、即碰即享！2026静安“乐享”夜间消费券今日启动！点亮精彩夜静安",
      "collection_id": "6a9a3bfa462e4bbfa78ef919",
      "insert_len": 0,
      "status": "success"
    },
    {
      "url": "https://news.qq.com/rain/a/20260903A06QCS00",
      "title": "连续两日股价异动！爱丽家居收购故事靠谱吗？",
      "collection_id": "6a9a3bfa462e4bbfa78ef950",
      "insert_len": 0,
      "status": "success"
    },
    {
      "url": "https://news.qq.com/rain/a/20260903A06T7P00",
      "title": "上市即巅峰？宇树科技首破550元关口，11天股价跌超50%",
      "collection_id": "6a9a3bfa462e4bbfa78ef9c2",
      "insert_len": 0,
      "status": "success"
    },
    {
      "url": "https://news.qq.com/rain/a/20260903A06T0300",
      "title": "",
      "collection_id": null,
      "insert_len": 0,
      "status": "failed",
      "error": "EOF occurred in violation of protocol (_ssl.c:1006)"
    },
    {
      "url": "https://news.qq.com/rain/a/20260903A06SPH00",
      "title": "线下课开不下去，他们把内部工具做成月入6万欧元的网站",
      "collection_id": "6a9a3bfa462e4bbfa78efa89",
      "insert_len": 0,
      "status": "success"
    },
    {
      "url": "https://news.qq.com/rain/a/20260903A06RJO00",
      "title": "一树三色，南京街头栾树悄悄“上妆”",
      "collection_id": "6a9a3bfb462e4bbfa78efb10",
      "insert_len": 0,
      "status": "success"
    },
    {
      "url": "https://news.qq.com/rain/a/20260903A06QZK00",
      "title": "",
      "collection_id": null,
      "insert_len": 0,
      "status": "failed",
      "error": "新闻内容过短。"
    },
    {
      "url": "https://news.qq.com/rain/a/20260903A06RWL00",
      "title": "致德新材启动IPO辅导未满3个月，招商证券替代了浙商证券",
      "collection_id": "6a9a3bfb462e4bbfa78efbea",
      "insert_len": 0,
      "status": "success"
    },
    {
      "url": "https://news.qq.com/rain/a/20260903A06SIV00",
      "title": "问政 | 大件路和西航港大道交汇处进展如何？回复来了",
      "collection_id": "6a9a3bfb462e4bbfa78efc1d",
      "insert_len": 0,
      "status": "success"
    },
    {
      "url": "https://news.qq.com/rain/a/20260903A06SQN00",
      "title": "黛丽斯国际(00333)、深纺，探讨出售合资公司深圳黛丽斯内衣全部股权",
      "collection_id": "6a9a3bfc462e4bbfa78efc55",
      "insert_len": 0,
      "status": "success"
    },
    {
      "url": "https://news.qq.com/rain/a/20260903A06SAJ00",
      "title": "30℃+高温即将返场！辽宁人注意！沈阳情况！",
      "collection_id": "6a9a3bfc462e4bbfa78efcce",
      "insert_len": 0,
      "status": "success"
    },
    {
      "url": "https://news.qq.com/rain/a/20260903A06SO000",
      "title": "全国首个餐饮外卖商户绿色包装地方标准实施 告别“套娃式”包装 北京为外卖餐盒“瘦身”",
      "collection_id": "6a9a3bfc462e4bbfa78efcfe",
      "insert_len": 0,
      "status": "success"
    },
    {
      "url": "https://news.qq.com/rain/a/20260903A06SIG00",
      "title": "冲刺开通！成都地铁18号线三期，最新进展",
      "collection_id": "6a9a3bfd462e4bbfa78efdac",
      "insert_len": 0,
      "status": "success"
    },
    {
      "url": "https://news.qq.com/rain/a/20260903A06PH900",
      "title": "北大荒风波不断：上任不足一年的高管被留置，刚经历14亿补税事件",
      "collection_id": "6a9a3bfd462e4bbfa78efd82",
      "insert_len": 0,
      "status": "success"
    },
    {
      "url": "https://news.qq.com/rain/a/20260903A05KU000",
      "title": "美媒：如果他们今天全部退役，哪位球员会率先入选名人堂？",
      "collection_id": "6a9a3bfe462e4bbfa78efe93",
      "insert_len": 0,
      "status": "success"
    },
    {
      "url": "https://news.qq.com/rain/a/20260903A06TBO00",
      "title": "国债期货涨幅扩大，30年期主力合约涨0.41%",
      "collection_id": "6a9a3bfd462e4bbfa78efe2b",
      "insert_len": 0,
      "status": "success"
    },
    {
      "url": "https://news.qq.com/rain/a/20260903A06STG00",
      "title": "闪电快讯 ｜ 新一代理想MEGA以50.98万元上市 新增右舵版本",
      "collection_id": "6a9a3bfe462e4bbfa78efec3",
      "insert_len": 0,
      "status": "success"
    },
    {
      "url": "https://news.qq.com/rain/a/20260903A06SAX00",
      "title": "沈阳中小学全面启用新教材，语数英有大变化！",
      "collection_id": "6a9a3bfe462e4bbfa78eff3c",
      "insert_len": 0,
      "status": "success"
    },
    {
      "url": "https://news.qq.com/rain/a/20260903A06SFI00",
      "title": "Gemini 3.8 Flash：谷歌把价格战打进了token消耗层",
      "collection_id": "6a9a3bfe462e4bbfa78eff70",
      "insert_len": 0,
      "status": "success"
    },
    {
      "url": "https://news.qq.com/rain/a/20260903A06SP600",
      "title": "高盛、花旗、摩根士丹利等，要求律所降低收费，分享AI带来的效益",
      "collection_id": "6a9a3bfe462e4bbfa78effbe",
      "insert_len": 0,
      "status": "success"
    },
    {
      "url": "https://news.qq.com/rain/a/20260903A06S0I00",
      "title": "臭气熏天！南宁一小区将几十个垃圾桶堆放在几百米外的幼儿园附近，园方称多次交涉无果",
      "collection_id": "6a9a3bff462e4bbfa78f0061",
      "insert_len": 0,
      "status": "success"
    },
    {
      "url": "https://news.qq.com/rain/a/20260903A06SME00",
      "title": "有惊无险 浙江文成60名施工人员“听指挥”躲过一劫",
      "collection_id": "6a9a3bff462e4bbfa78f00b6",
      "insert_len": 0,
      "status": "success"
    },
    {
      "url": "https://news.qq.com/rain/a/20260903A06TON00",
      "title": "网新软件东台医保项目获江苏数据要素大赛一等奖",
      "collection_id": "6a9a3bff462e4bbfa78f0096",
      "insert_len": 0,
      "status": "success"
    },
    {
      "url": "https://news.qq.com/rain/a/20260903A06TC300",
      "title": "燃料油连续主力合约日内跌5%，现报3771元/吨",
      "collection_id": "6a9a3bff462e4bbfa78f015a",
      "insert_len": 0,
      "status": "success"
    },
    {
      "url": "https://news.qq.com/rain/a/20260903A06SV700",
      "title": "",
      "collection_id": null,
      "insert_len": 0,
      "status": "failed",
      "error": "新闻正文为空。"
    },
    {
      "url": "https://news.qq.com/rain/a/20260903A06T9Z00",
      "title": "",
      "collection_id": null,
      "insert_len": 0,
      "status": "failed",
      "error": "新闻正文为空。"
    },
    {
      "url": "https://news.qq.com/rain/a/20260903A06S0T00",
      "title": "",
      "collection_id": null,
      "insert_len": 0,
      "status": "failed",
      "error": "EOF occurred in violation of protocol (_ssl.c:1006)"
    },
    {
      "url": "https://news.qq.com/rain/a/20260903A06T8C00",
      "title": "",
      "collection_id": null,
      "insert_len": 0,
      "status": "failed",
      "error": "EOF occurred in violation of protocol (_ssl.c:1006)"
    },
    {
      "url": "https://news.qq.com/rain/a/20260903A06ROS00",
      "title": "孙膑废于兄弟，伍子胥死于忠言：指望别人，是成年人最大的天真！",
      "collection_id": "6a9a3c00462e4bbfa78f020b",
      "insert_len": 0,
      "status": "success"
    },
    {
      "url": "https://news.qq.com/rain/a/20260903A06TSK00",
      "title": "深圳比亚迪龙岗储能产业园规划公布 年产值约200亿元",
      "collection_id": "6a9a3c00462e4bbfa78f01d4",
      "insert_len": 0,
      "status": "success"
    },
    {
      "url": "https://news.qq.com/rain/a/20260903A06TM100",
      "title": "遭遇火灾如何及时自救？国家消防救援局：树牢“三种意识”",
      "collection_id": "6a9a3c00462e4bbfa78f0288",
      "insert_len": 0,
      "status": "success"
    },
    {
      "url": "https://news.qq.com/rain/a/20260903A06TOS00",
      "title": "深圳261个项目发招标计划 光明高端仓储式会员制商店10亿招标",
      "collection_id": "6a9a3c00462e4bbfa78f02d9",
      "insert_len": 0,
      "status": "success"
    },
    {
      "url": "https://news.qq.com/rain/a/20260903A06SES00",
      "title": "医美上游最赚钱的逻辑，失效了",
      "collection_id": "6a9a3c00462e4bbfa78f037d",
      "insert_len": 0,
      "status": "success"
    },
    {
      "url": "https://news.qq.com/rain/a/20260903A06TRL00",
      "title": "纽欧申医药完成逾8000万美元B轮融资 礼来亚洲基金追加",
      "collection_id": "6a9a3c01462e4bbfa78f03d9",
      "insert_len": 0,
      "status": "success"
    },
    {
      "url": "https://news.qq.com/rain/a/20260903A06TBE00",
      "title": "液冷牛股斩获4连板，公司称尚未形成规模化订单｜快讯",
      "collection_id": "6a9a3c01462e4bbfa78f0477",
      "insert_len": 0,
      "status": "success"
    },
    {
      "url": "https://news.qq.com/rain/a/20260903A06TT800",
      "title": "中国平安上半年净利增36.1% 拟派息177.45亿元",
      "collection_id": "6a9a3c01462e4bbfa78f04a7",
      "insert_len": 0,
      "status": "success"
    },
    {
      "url": "https://news.qq.com/rain/a/20260903A06TSF00",
      "title": "阿里Qoder上线眼镜版 首批接入千问AI眼镜和乐奇AI眼镜",
      "collection_id": "6a9a3c01462e4bbfa78f051d",
      "insert_len": 0,
      "status": "success"
    },
    {
      "url": "https://news.qq.com/rain/a/20260903A06SQH00",
      "title": "云英谷科技(03310)，与广发证券签署A股上市辅导协议 | 港股公司A股上市",
      "collection_id": "6a9a3c01462e4bbfa78f0579",
      "insert_len": 0,
      "status": "success"
    },
    {
      "url": "https://news.qq.com/rain/a/20260903A06TQQ00",
      "title": "阿布扎比AI企业G42洽谈融资数十亿美元",
      "collection_id": "6a9a3c02462e4bbfa78f062c",
      "insert_len": 0,
      "status": "success"
    },
    {
      "url": "https://news.qq.com/rain/a/20260903A06TL900",
      "title": "巴西对原产于中国的家电用钢化玻璃发起反倾销调查",
      "collection_id": "6a9a3c02462e4bbfa78f066c",
      "insert_len": 0,
      "status": "success"
    },
    {
      "url": "https://news.qq.com/rain/a/20260903A06TMV00",
      "title": "奥林匹亚科斯官方：从维拉签下29岁牙买加边锋利昂-贝利",
      "collection_id": "6a9a3c03462e4bbfa78f0808",
      "insert_len": 0,
      "status": "success"
    },
    {
      "url": "https://news.qq.com/rain/a/20260903A06TS900",
      "title": "AI应用创业公司高增长难盈利 Kuse毛利微正Cursor毛利率-23%",
      "collection_id": "6a9a3c02462e4bbfa78f06eb",
      "insert_len": 0,
      "status": "success"
    },
    {
      "url": "https://news.qq.com/rain/a/20260903A06TAG00",
      "title": "A股三大指数震荡回升午盘收红，A500ETF易方达（159361）获资金关注",
      "collection_id": "6a9a3c03462e4bbfa78f07a9",
      "insert_len": 0,
      "status": "success"
    },
    {
      "url": "https://news.qq.com/rain/a/20260903A06TSJ00",
      "title": "比亚迪披露AI与机器人战略 未来两三年为智驾落地关键窗口期",
      "collection_id": "6a9a3c03462e4bbfa78f088c",
      "insert_len": 0,
      "status": "success"
    },
    {
      "url": "https://news.qq.com/rain/a/20260903A06TSR00",
      "title": "据报字节跳动获296亿美元贷款 为亚洲今年第二大",
      "collection_id": "6a9a3c04462e4bbfa78f08f0",
      "insert_len": 0,
      "status": "success"
    },
    {
      "url": "https://news.qq.com/rain/a/20260903A06RO100",
      "title": "",
      "collection_id": null,
      "insert_len": 0,
      "status": "failed",
      "error": "新闻内容过短。"
    },
    {
      "url": "https://news.qq.com/rain/a/20260903A06OIY00",
      "title": "",
      "collection_id": null,
      "insert_len": 0,
      "status": "failed",
      "error": "新闻正文为空。"
    },
    {
      "url": "https://news.qq.com/rain/a/20260903A06TR100",
      "title": "",
      "collection_id": null,
      "insert_len": 0,
      "status": "failed",
      "error": "新闻内容过短。"
    },
    {
      "url": "https://news.qq.com/rain/a/20260903A06TOP00",
      "title": "",
      "collection_id": null,
      "insert_len": 0,
      "status": "failed",
      "error": "EOF occurred in violation of protocol (_ssl.c:1006)"
    },
    {
      "url": "https://news.qq.com/rain/a/20260903A06TRV00",
      "title": "华润置地润BA2026收官 同期80.56亿拿地广州",
      "collection_id": "6a9a3c05462e4bbfa78f0a70",
      "insert_len": 0,
      "status": "success"
    },
    {
      "url": "https://news.qq.com/rain/a/20260903A06TRB00",
      "title": "",
      "collection_id": null,
      "insert_len": 0,
      "status": "failed",
      "error": "EOF occurred in violation of protocol (_ssl.c:1006)"
    },
    {
      "url": "https://news.qq.com/rain/a/20260903A06TSS00",
      "title": "万钢在世界动力电池大会建议加快全固态电池技术研发与产业化攻关",
      "collection_id": "6a9a3c06462e4bbfa78f0ae8",
      "insert_len": 0,
      "status": "success"
    },
    {
      "url": "https://news.qq.com/rain/a/20260903A06TP700",
      "title": "国家体育总局：严肃整治弄虚作假、操纵比赛、赛场暴力等行业乱象",
      "collection_id": "6a9a3c06462e4bbfa78f0b46",
      "insert_len": 0,
      "status": "success"
    },
    {
      "url": "https://news.qq.com/rain/a/20260903A06TS700",
      "title": "比亚迪海狮08上市 插混版22.99万起",
      "collection_id": "6a9a3c06462e4bbfa78f0be6",
      "insert_len": 0,
      "status": "success"
    },
    {
      "url": "https://news.qq.com/rain/a/20260903A06SAW00",
      "title": "午夜放克丨限时活动预告",
      "collection_id": "6a9a3c07462e4bbfa78f0c68",
      "insert_len": 0,
      "status": "success"
    },
    {
      "url": "https://news.qq.com/rain/a/20260903A06TPI00",
      "title": "A股银行股9月3日集体走强 成都银行等7家创历史新高",
      "collection_id": "6a9a3c07462e4bbfa78f0cdc",
      "insert_len": 0,
      "status": "success"
    },
    {
      "url": "https://news.qq.com/rain/a/20260903A06TSH00",
      "title": "清远阳清新能源4个分布式光伏项目备案通过 总投资3211万元",
      "collection_id": "6a9a3c07462e4bbfa78f0d36",
      "insert_len": 0,
      "status": "success"
    },
    {
      "url": "https://news.qq.com/rain/a/20260903A06U0000",
      "title": "威海经济技术开发区6家企业入选第二批“威海精品”区域公共品牌",
      "collection_id": "6a9a3c07462e4bbfa78f0da6",
      "insert_len": 0,
      "status": "success"
    },
    {
      "url": "https://news.qq.com/rain/a/20260903A065YI00",
      "title": "字节跳动获近300亿美元贷款，为今年亚洲第二大美元贷款",
      "collection_id": "6a9a3c08462e4bbfa78f0dd7",
      "insert_len": 0,
      "status": "success"
    },
    {
      "url": "https://news.qq.com/rain/a/20260903A06TN700",
      "title": "进化者杯第三幕今日赛事预告：BLG vs XLG；WOL vs KBG",
      "collection_id": "6a9a3c08462e4bbfa78f0e78",
      "insert_len": 0,
      "status": "success"
    },
    {
      "url": "https://news.qq.com/rain/a/20260903A06SG500",
      "title": "闻“汛”而动！福清各镇街筑牢安全防护网",
      "collection_id": "6a9a3c08462e4bbfa78f0ebe",
      "insert_len": 0,
      "status": "success"
    },
    {
      "url": "https://news.qq.com/rain/a/20260903A06TX000",
      "title": "",
      "collection_id": null,
      "insert_len": 0,
      "status": "failed",
      "error": "新闻内容过短。"
    },
    {
      "url": "https://news.qq.com/rain/a/20260903A06TRH00",
      "title": "名创优品与印力集团深化战略合作",
      "collection_id": "6a9a3c08462e4bbfa78f0fa2",
      "insert_len": 0,
      "status": "success"
    },
    {
      "url": "https://news.qq.com/rain/a/20260903A06TSN00",
      "title": "",
      "collection_id": null,
      "insert_len": 0,
      "status": "failed",
      "error": "EOF occurred in violation of protocol (_ssl.c:1006)"
    },
    {
      "url": "https://news.qq.com/rain/a/20260903A06TS300",
      "title": "英伟达拟在美投资近1万亿美元 黄仁勋G20呼吁加快AI基建",
      "collection_id": "6a9a3c09462e4bbfa78f105a",
      "insert_len": 0,
      "status": "success"
    },
    {
      "url": "https://news.qq.com/rain/a/20260903A06RZ700",
      "title": "全球首例，临床试验再突破！撬动150亿市场的未来产业迎关键拐点",
      "collection_id": "6a9a3c0a462e4bbfa78f112e",
      "insert_len": 0,
      "status": "success"
    },
    {
      "url": "https://news.qq.com/rain/a/20260903A06TS500",
      "title": "康方生物：依沃西一线治疗NSCLC三期研究达OS关键次要终点",
      "collection_id": "6a9a3c09462e4bbfa78f10e6",
      "insert_len": 0,
      "status": "success"
    },
    {
      "url": "https://news.qq.com/rain/a/20260903A06TIO00",
      "title": "福州闽侯、闽清宣布：实行“三停一休”！福清东张水库加大泄洪流量",
      "collection_id": "6a9a3c0a462e4bbfa78f11ec",
      "insert_len": 0,
      "status": "success"
    },
    {
      "url": "https://news.qq.com/rain/a/20260903A06TRX00",
      "title": "香港置地拟进军日本地产 物色逾10亿美元东京物业",
      "collection_id": "6a9a3c0a462e4bbfa78f1277",
      "insert_len": 0,
      "status": "success"
    },
    {
      "url": "https://news.qq.com/rain/a/20260903A06T7I00",
      "title": "知名健身房宣布再关1家店，此前在济南有近40家门店！店长：因结算方式变更，未与乐刻协商一致【山东商报·山海新闻】",
      "collection_id": "6a9a3c0a462e4bbfa78f11ea",
      "insert_len": 0,
      "status": "success"
    },
    {
      "url": "https://news.qq.com/rain/a/20260903A06TPS00",
      "title": "碧桂园服务IFM业务集团9月1日入驻杭州中控科技园项目",
      "collection_id": "6a9a3c0b462e4bbfa78f12cc",
      "insert_len": 0,
      "status": "success"
    },
    {
      "url": "https://news.qq.com/rain/a/20260903A06TKK00",
      "title": "美联储“褐皮书”：美经济前景面临更大不确定性",
      "collection_id": "6a9a3c0b462e4bbfa78f12fc",
      "insert_len": 0,
      "status": "success"
    },
    {
      "url": "https://news.qq.com/rain/a/20260903A06TZ800",
      "title": "停水通知！涉及烟台这些区域！",
      "collection_id": "6a9a3c0b462e4bbfa78f1363",
      "insert_len": 0,
      "status": "success"
    },
    {
      "url": "https://news.qq.com/rain/a/20260903A06SA500",
      "title": "人挤人！沈阳太原街终于火起来了？",
      "collection_id": "6a9a3c0b462e4bbfa78f13b2",
      "insert_len": 0,
      "status": "success"
    },
    {
      "url": "https://news.qq.com/rain/a/20260903A06SBR00",
      "title": "",
      "collection_id": null,
      "insert_len": 0,
      "status": "failed",
      "error": "新闻内容过短。"
    },
    {
      "url": "https://news.qq.com/rain/a/20260903A06TSD00",
      "title": "报道：DeepSeek结束Token价格战 V4-Flash定价不到GPT-4的1%",
      "collection_id": "6a9a3c0b462e4bbfa78f13e3",
      "insert_len": 0,
      "status": "success"
    },
    {
      "url": "https://news.qq.com/rain/a/20260903A06S5J00",
      "title": "星宇股份“解约应届生”事件发酵：海外客户启动审查，港股IPO或短期无望",
      "collection_id": "6a9a3c0c462e4bbfa78f1428",
      "insert_len": 0,
      "status": "success"
    },
    {
      "url": "https://news.qq.com/rain/a/20260903A04FWI00",
      "title": "伊朗释放重磅善意！总统公开表态：只要美国能履约，即刻重返停火",
      "collection_id": "6a9a3c0d462e4bbfa78f1536",
      "insert_len": 0,
      "status": "success"
    },
    {
      "url": "https://news.qq.com/rain/a/20260903A06TSG00",
      "title": "珠海比电科技新能源船用动力系统集成项目备案办结通过",
      "collection_id": "6a9a3c0c462e4bbfa78f146c",
      "insert_len": 0,
      "status": "success"
    },
    {
      "url": "https://news.qq.com/rain/a/20260903A06TPU00",
      "title": "智岩科技IPO经营模式被深交所问询 拟募资12.14亿元",
      "collection_id": "6a9a3c0c462e4bbfa78f14d6",
      "insert_len": 0,
      "status": "success"
    },
    {
      "url": "https://news.qq.com/rain/a/20260903A06TQM00",
      "title": "力挺蒋万安，国民党立委：选举不该选到攻击小孩",
      "collection_id": "6a9a3c0c462e4bbfa78f1506",
      "insert_len": 0,
      "status": "success"
    },
    {
      "url": "https://news.qq.com/rain/a/20260903A06SQP00",
      "title": "中际旭创(03308)实控人，质押部分股票",
      "collection_id": "6a9a3c0d462e4bbfa78f1580",
      "insert_len": 0,
      "status": "success"
    },
    {
      "url": "https://news.qq.com/rain/a/20260903A06TAZ00",
      "title": "机器人产业指数半日涨超1%，机器人ETF易方达（159530）近三月“吸金额”领跑机器人ETF",
      "collection_id": "6a9a3c0d462e4bbfa78f15b0",
      "insert_len": 0,
      "status": "success"
    },
    {
      "url": "https://news.qq.com/rain/a/20260903A06TO300",
      "title": "华源证券发布油运展望报告 海通发展凤凰航运涨停",
      "collection_id": "6a9a3c0d462e4bbfa78f15e1",
      "insert_len": 0,
      "status": "success"
    },
    {
      "url": "https://news.qq.com/rain/a/20260903A06U3M00",
      "title": "柯志恩登记选高雄市长，王金平率蓝军助阵",
      "collection_id": "6a9a3c0d462e4bbfa78f1629",
      "insert_len": 0,
      "status": "success"
    },
    {
      "url": "https://news.qq.com/rain/a/20260903A06TP500",
      "title": "嘉立创2025年营收102.3亿元 前五大客户收入占比1.16%",
      "collection_id": "6a9a3c0e462e4bbfa78f175b",
      "insert_len": 0,
      "status": "success"
    },
    {
      "url": "https://news.qq.com/rain/a/20260903A06SPB00",
      "title": "《战舰世界》大师赛终局战神！蒙茅斯疯狂骑脸，实战表现给到夯！",
      "collection_id": "6a9a3c0e462e4bbfa78f165a",
      "insert_len": 0,
      "status": "success"
    },
    {
      "url": "https://news.qq.com/rain/a/20260903A06TOO00",
      "title": "新赛股份遭证监会立案调查 连续涨停后早盘跌停",
      "collection_id": "6a9a3c0e462e4bbfa78f1691",
      "insert_len": 0,
      "status": "success"
    },
    {
      "url": "https://news.qq.com/rain/a/20260903A06TRK00",
      "title": "",
      "collection_id": null,
      "insert_len": 0,
      "status": "failed",
      "error": "EOF occurred in violation of protocol (_ssl.c:1006)"
    },
    {
      "url": "https://news.qq.com/rain/a/20260903A06RXZ00",
      "title": "突发重磅！钨业新规生效引爆行情，海外大涨70%，紧盯A股布局窗口",
      "collection_id": "6a9a3c0e462e4bbfa78f16d3",
      "insert_len": 0,
      "status": "success"
    },
    {
      "url": "https://news.qq.com/rain/a/20260903A06TRG00",
      "title": "",
      "collection_id": null,
      "insert_len": 0,
      "status": "failed",
      "error": "新闻内容过短。"
    },
    {
      "url": "https://news.qq.com/rain/a/20260903A06TOC00",
      "title": "台风“沙德尔”致福建沿海24条航线停运",
      "collection_id": "6a9a3c0e462e4bbfa78f1719",
      "insert_len": 0,
      "status": "success"
    },
    {
      "url": "https://news.qq.com/rain/a/20260903A06TSB00",
      "title": "京城佳业北宇物业党建引领老旧小区升级 慧忠里收缴率升至86%",
      "collection_id": "6a9a3c0e462e4bbfa78f17ab",
      "insert_len": 0,
      "status": "success"
    },
    {
      "url": "https://news.qq.com/rain/a/20260903A06TL400",
      "title": "突发印尼最大镍工业园惊爆减产40%，有色矿业ETF招商(159690)一度暴涨2%，金价重回4400引爆贵金属",
      "collection_id": "6a9a3c0f462e4bbfa78f17f9",
      "insert_len": 0,
      "status": "success"
    },
    {
      "url": "https://news.qq.com/rain/a/20260903A06SO900",
      "title": "盟委党校（行政学院）举行2026年秋季学期开学典礼 张佰成出席并讲授开学第一课",
      "collection_id": "6a9a3c0f462e4bbfa78f1841",
      "insert_len": 0,
      "status": "success"
    },
    {
      "url": "https://news.qq.com/rain/a/20260903A06T4R00",
      "title": "6.33亿五年大单！阳光股份转型胜算多大？",
      "collection_id": "6a9a3c0f462e4bbfa78f183a",
      "insert_len": 0,
      "status": "success"
    },
    {
      "url": "https://news.qq.com/rain/a/20260903A06TZC00",
      "title": "从“点状培育”转向“链式推进”，威海明确14条服务业重点产业链",
      "collection_id": "6a9a3c0f462e4bbfa78f18d2",
      "insert_len": 0,
      "status": "success"
    },
    {
      "url": "https://news.qq.com/rain/a/20260903A06RY800",
      "title": "晒职务求关照，校园容不下家长亮出的“权力名片” | 新京报快评",
      "collection_id": "6a9a3c0f462e4bbfa78f1935",
      "insert_len": 0,
      "status": "success"
    },
    {
      "url": "https://news.qq.com/rain/a/20260903A06SUI00",
      "title": "背叛的下场！阴阳合同最大输家，鲍尔默先裁的就是他，里外不是人",
      "collection_id": "6a9a3c0f462e4bbfa78f1904",
      "insert_len": 0,
      "status": "success"
    },
    {
      "url": "https://news.qq.com/rain/a/20260903A06TRY00",
      "title": "盈富基金(02800)盘中大手买卖 买入191.8万股卖出142.5万股",
      "collection_id": "6a9a3c10462e4bbfa78f196e",
      "insert_len": 0,
      "status": "success"
    },
    {
      "url": "https://news.qq.com/rain/a/20260903A06TR800",
      "title": "2026年前8个月A股累计新开2521.4万户 同比增长46%",
      "collection_id": "6a9a3c10462e4bbfa78f19da",
      "insert_len": 0,
      "status": "success"
    },
    {
      "url": "https://news.qq.com/rain/a/20260903A06TZ400",
      "title": "临朐县开展无障碍环境沉浸式体验活动",
      "collection_id": "6a9a3c10462e4bbfa78f1a1b",
      "insert_len": 0,
      "status": "success"
    },
    {
      "url": "https://news.qq.com/rain/a/20260903A06TV500",
      "title": "渣土车带上“身份证” 长春实现建筑垃圾处置全程溯源",
      "collection_id": "6a9a3c10462e4bbfa78f1a63",
      "insert_len": 0,
      "status": "success"
    },
    {
      "url": "https://news.qq.com/rain/a/20260903A06TXB00",
      "title": "蔚来销量翻番背后 前高管称李斌放下执念：车做大、冰箱彩电大沙发齐上",
      "collection_id": "6a9a3c10462e4bbfa78f1a9a",
      "insert_len": 0,
      "status": "success"
    },
    {
      "url": "https://news.qq.com/rain/a/20260903A06QL200",
      "title": "",
      "collection_id": null,
      "insert_len": 0,
      "status": "failed",
      "error": "EOF occurred in violation of protocol (_ssl.c:1006)"
    },
    {
      "url": "https://news.qq.com/rain/a/20260903A06TYG00",
      "title": "下周，烟台这里将开展水域救援综合实战演练",
      "collection_id": "6a9a3c11462e4bbfa78f1ae8",
      "insert_len": 0,
      "status": "success"
    },
    {
      "url": "https://news.qq.com/rain/a/20260903A06SPD00",
      "title": "香港IPO「香港律师」排行：高伟绅、达维、竞天公诚，位列前三 (过去两年: 截至2026年8月)",
      "collection_id": "6a9a3c11462e4bbfa78f1b18",
      "insert_len": 0,
      "status": "success"
    },
    {
      "url": "https://news.qq.com/rain/a/20260903A06Q6800",
      "title": "从李斯到和珅：活到最后才懂，人生真正属于你的，就两样东西！",
      "collection_id": "6a9a3c11462e4bbfa78f1b65",
      "insert_len": 0,
      "status": "success"
    },
    {
      "url": "https://news.qq.com/rain/a/20260903A06TZP00",
      "title": "青州市云驼风景区运行服务中心禁燃禁放倡议书",
      "collection_id": "6a9a3c12462e4bbfa78f1ba1",
      "insert_len": 0,
      "status": "success"
    },
    {
      "url": "https://news.qq.com/rain/a/20260903A06U7J00",
      "title": "EP01｜为什么我们越来越喜欢听观点？",
      "collection_id": "6a9a3c12462e4bbfa78f1c03",
      "insert_len": 0,
      "status": "success"
    },
    {
      "url": "https://news.qq.com/rain/a/20260903A06TQ300",
      "title": "温州瑞安暴雨后鞋厂被淹鞋盒飘满街头，市民冒雨捞鞋，当地回应：一企业成品鞋被冲走，已组织群众捡拾；律师：拒不归还构成不当得利",
      "collection_id": "6a9a3c13462e4bbfa78f1d08",
      "insert_len": 0,
      "status": "success"
    },
    {
      "url": "https://news.qq.com/rain/a/20260903A06URN00",
      "title": "绷紧纪律之弦 筑牢廉洁司法防线 滨州中院开展纪律教育专题培训",
      "collection_id": "6a9a3c12462e4bbfa78f1c3d",
      "insert_len": 0,
      "status": "success"
    },
    {
      "url": "https://news.qq.com/rain/a/20260903A06TZJ00",
      "title": "凝“新”聚力 逐光前行！临朐公安召开新警座谈交流会",
      "collection_id": "6a9a3c13462e4bbfa78f1c77",
      "insert_len": 0,
      "status": "success"
    },
    {
      "url": "https://news.qq.com/rain/a/20260903A06TK500",
      "title": "岂能让12345热线沦为饭圈对线工具",
      "collection_id": "6a9a3c13462e4bbfa78f1ca8",
      "insert_len": 0,
      "status": "success"
    },
    {
      "url": "https://news.qq.com/rain/a/20260903A06TU500",
      "title": "泰国议员帕里特赴警察委员会说明 指其重查泄密轻查上议院舞弊",
      "collection_id": "6a9a3c13462e4bbfa78f1d49",
      "insert_len": 0,
      "status": "success"
    },
    {
      "url": "https://news.qq.com/rain/a/20260903A06UF300",
      "title": "奥迪创新技术中心落户上海",
      "collection_id": "6a9a3c1c462e4bbfa78f2656",
      "insert_len": 0,
      "status": "success"
    },
    {
      "url": "https://news.qq.com/rain/a/20260903A06UEX00",
      "title": "极氪7X更新计划公布：新增电池版本，8月月销持续破万",
      "collection_id": "6a9a3c14462e4bbfa78f1d96",
      "insert_len": 0,
      "status": "success"
    },
    {
      "url": "https://news.qq.com/rain/a/20260903A06UG300",
      "title": "社媒：热苏斯英超进球65场60胜5平",
      "collection_id": "6a9a3c14462e4bbfa78f1dc6",
      "insert_len": 0,
      "status": "success"
    },
    {
      "url": "https://news.qq.com/rain/a/20260903A06UN200",
      "title": "​农业低碳转型视角下的数字农技服务体系：基于大晓智能无人农技服务平台的实证分析",
      "collection_id": "6a9a3c15462e4bbfa78f1eaa",
      "insert_len": 0,
      "status": "success"
    },
    {
      "url": "https://news.qq.com/rain/a/20260903A06UT100",
      "title": "开学致辞丨杭州第九中学党委书记袁立斌：笃学新知燃理想   奋楫青春启长征",
      "collection_id": "6a9a3c14462e4bbfa78f1e41",
      "insert_len": 0,
      "status": "success"
    },
    {
      "url": "https://news.qq.com/rain/a/20260903A06OPH00",
      "title": "提醒所有夫妻：房本写两人名字，一方去世，卖房大概率会遇到麻烦",
      "collection_id": "6a9a3c15462e4bbfa78f1f00",
      "insert_len": 0,
      "status": "success"
    },
    {
      "url": "https://news.qq.com/rain/a/20260903A06UEP00",
      "title": "极氪7X提前一个季度官宣改款，新增85kWh电池版本",
      "collection_id": "6a9a3c15462e4bbfa78f1f9c",
      "insert_len": 0,
      "status": "success"
    },
    {
      "url": "https://news.qq.com/rain/a/20260903A06UII00",
      "title": "半导体板块跌超1%",
      "collection_id": "6a9a3c16462e4bbfa78f202a",
      "insert_len": 0,
      "status": "success"
    },
    {
      "url": "https://news.qq.com/rain/a/20260903A06TNQ00",
      "title": "vivo X500影像配置曝光潜望长焦加持",
      "collection_id": "6a9a3c15462e4bbfa78f1feb",
      "insert_len": 0,
      "status": "success"
    },
    {
      "url": "https://news.qq.com/rain/a/20260903A06TRI00",
      "title": "",
      "collection_id": null,
      "insert_len": 0,
      "status": "failed",
      "error": "EOF occurred in violation of protocol (_ssl.c:1006)"
    },
    {
      "url": "https://news.qq.com/rain/a/20260903A06UFT00",
      "title": "贝蒂斯主席：巴勃罗-加西亚要求离队，与塞瓦略斯的加盟无关",
      "collection_id": "6a9a3c16462e4bbfa78f20db",
      "insert_len": 0,
      "status": "success"
    },
    {
      "url": "https://news.qq.com/rain/a/20260903A06PY200",
      "title": "健康日历 | 饭后百步走，这样走不伤胃!",
      "collection_id": "6a9a3c16462e4bbfa78f2143",
      "insert_len": 0,
      "status": "success"
    },
    {
      "url": "https://news.qq.com/rain/a/20260903A06TSI00",
      "title": "上海新天地天润吉安项目规划方案公示 拟建5.87万㎡住宅",
      "collection_id": "6a9a3c16462e4bbfa78f21cd",
      "insert_len": 0,
      "status": "success"
    },
    {
      "url": "https://news.qq.com/rain/a/20260903A06UES00",
      "title": "沉浸式体验开奖现场！2026“走进体彩”公信力活动 甘肃代表赴京实地观摩",
      "collection_id": "6a9a3c17462e4bbfa78f222d",
      "insert_len": 0,
      "status": "success"
    },
    {
      "url": "https://news.qq.com/rain/a/20260903A06UFH00",
      "title": "",
      "collection_id": null,
      "insert_len": 0,
      "status": "failed",
      "error": "EOF occurred in violation of protocol (_ssl.c:1006)"
    },
    {
      "url": "https://news.qq.com/rain/a/20260903A06LT600",
      "title": "很多临近退休或者已经办完退休的人都知道工龄直接影响养老金高低",
      "collection_id": "6a9a3c17462e4bbfa78f22e1",
      "insert_len": 0,
      "status": "success"
    },
    {
      "url": "https://news.qq.com/rain/a/20260903A06TCI00",
      "title": "香港举行抗日战争胜利81周年纪念仪式",
      "collection_id": "6a9a3c18462e4bbfa78f2394",
      "insert_len": 0,
      "status": "success"
    },
    {
      "url": "https://news.qq.com/rain/a/20260903A06UHV00",
      "title": "培育钻石板块涨超5%",
      "collection_id": "6a9a3c18462e4bbfa78f240d",
      "insert_len": 0,
      "status": "success"
    },
    {
      "url": "https://news.qq.com/rain/a/20260903A06RG600",
      "title": "前DeepSeek核心研究员魏浩然，出任百度文心多模态算法负责人",
      "collection_id": "6a9a3c1a462e4bbfa78f24bd",
      "insert_len": 0,
      "status": "success"
    },
    {
      "url": "https://news.qq.com/rain/a/20260903A06UIE00",
      "title": "互联网板块跌超1%",
      "collection_id": "6a9a3c1a462e4bbfa78f250a",
      "insert_len": 0,
      "status": "success"
    },
    {
      "url": "https://news.qq.com/rain/a/20260903A06TTC00",
      "title": "四连板，利润暴增214%！但七成利润来自卖股票！究竟谁在狂欢？",
      "collection_id": "6a9a3c1b462e4bbfa78f257e",
      "insert_len": 0,
      "status": "success"
    },
    {
      "url": "https://news.qq.com/rain/a/20260903A06V8100",
      "title": "",
      "collection_id": null,
      "insert_len": 0,
      "status": "failed",
      "error": "新闻内容过短。"
    },
    {
      "url": "https://news.qq.com/rain/a/20260903A06US800",
      "title": "",
      "collection_id": null,
      "insert_len": 0,
      "status": "failed",
      "error": "新闻内容过短。"
    },
    {
      "url": "https://news.qq.com/rain/a/20260903A06V7B00",
      "title": "黄仁勋G20发言：不要对人工智能过度恐惧和监管",
      "collection_id": "6a9a3c1b462e4bbfa78f25f6",
      "insert_len": 0,
      "status": "success"
    },
    {
      "url": "https://news.qq.com/rain/a/20260903A06URL00",
      "title": "2026年滨州市化工行业职业技能大赛举办",
      "collection_id": "6a9a3c1c462e4bbfa78f2693",
      "insert_len": 0,
      "status": "success"
    },
    {
      "url": "https://news.qq.com/rain/a/20260903A06V6H00",
      "title": "财中基金发行热点丨华夏长青多元配置六个月持有混合FOF启动发行，多元资产配置，基金经理超额收益显著",
      "collection_id": "6a9a3c1c462e4bbfa78f2720",
      "insert_len": 0,
      "status": "success"
    },
    {
      "url": "https://news.qq.com/rain/a/20260903A06UGB00",
      "title": "静安全民国防教育知识竞答活动火热开启！线上答题赢好礼！等你来参加！",
      "collection_id": "6a9a3c1c462e4bbfa78f26ec",
      "insert_len": 0,
      "status": "success"
    },
    {
      "url": "https://news.qq.com/rain/a/20260903A06UR600",
      "title": "",
      "collection_id": null,
      "insert_len": 0,
      "status": "failed",
      "error": "新闻内容过短。"
    },
    {
      "url": "https://news.qq.com/rain/a/20260903A06UVJ00",
      "title": "中国—上海合作组织口岸经济合作中心在天津揭牌成立",
      "collection_id": "6a9a3c1d462e4bbfa78f27d2",
      "insert_len": 0,
      "status": "success"
    },
    {
      "url": "https://news.qq.com/rain/a/20260903A06V7000",
      "title": "",
      "collection_id": null,
      "insert_len": 0,
      "status": "failed",
      "error": "EOF occurred in violation of protocol (_ssl.c:1006)"
    },
    {
      "url": "https://news.qq.com/rain/a/20260903A06V8I00",
      "title": "财中基金发行热点丨大成聚享6个月持有期混合启动发行，同类产品36只",
      "collection_id": "6a9a3c1d462e4bbfa78f27a2",
      "insert_len": 0,
      "status": "success"
    },
    {
      "url": "https://news.qq.com/rain/a/20260903A06V8S00",
      "title": "韩国KOSPI指数跌幅快速收窄至0.3%，午后一度跳水跌1.8%",
      "collection_id": "6a9a3c1d462e4bbfa78f2802",
      "insert_len": 0,
      "status": "success"
    },
    {
      "url": "https://news.qq.com/rain/a/20260903A06VIO00",
      "title": "热那亚官方：免签33岁沙拉维，前意大利国脚前锋重返母队",
      "collection_id": "6a9a3c1d462e4bbfa78f288c",
      "insert_len": 0,
      "status": "success"
    },
    {
      "url": "https://news.qq.com/rain/a/20260903A06V9500",
      "title": "特朗普提议将霍尔木兹海峡改名“特朗普海峡”，美参议员回应：这场冲突已被称作“特朗普的战争”",
      "collection_id": "6a9a3c1d462e4bbfa78f2890",
      "insert_len": 0,
      "status": "success"
    },
    {
      "url": "https://news.qq.com/rain/a/20260903A06V6S00",
      "title": "财中ETF风向标｜科创新能源板块盘中走弱，科创新能源ETF富国(588960)跌0.83%",
      "collection_id": "6a9a3c1d462e4bbfa78f284b",
      "insert_len": 0,
      "status": "success"
    },
    {
      "url": "https://news.qq.com/rain/a/20260903A06VH100",
      "title": "广东主帅谈外援：现市场窗口期较晚，但我们心里有不少名单",
      "collection_id": "6a9a3c1e462e4bbfa78f28ff",
      "insert_len": 0,
      "status": "success"
    },
    {
      "url": "https://news.qq.com/rain/a/20260903A06V8T00",
      "title": "宏昌科技(301008)盘中涨超11% 中期业绩增逾一倍",
      "collection_id": "6a9a3c1e462e4bbfa78f2916",
      "insert_len": 0,
      "status": "success"
    },
    {
      "url": "https://news.qq.com/rain/a/20260903A06UN500",
      "title": "“15分钟就业服务圈”活动预告请查收",
      "collection_id": "6a9a3c1e462e4bbfa78f2953",
      "insert_len": 0,
      "status": "success"
    },
    {
      "url": "https://news.qq.com/rain/a/20260903A06UQN00",
      "title": "中国人民抗日战争纪念馆举办纪念抗战胜利81周年主题教育活动",
      "collection_id": "6a9a3c1f462e4bbfa78f2a0c",
      "insert_len": 0,
      "status": "success"
    },
    {
      "url": "https://news.qq.com/rain/a/20260903A06V8N00",
      "title": "财中ETF风向标｜人形机器人订单爆发催化，机器人ETF大成（159048）盘中上涨",
      "collection_id": "6a9a3c1e462e4bbfa78f299a",
      "insert_len": 0,
      "status": "success"
    },
    {
      "url": "https://news.qq.com/rain/a/20260903A06V7Z00",
      "title": "山西太原：一间毛线小店里的“针”功夫与老手艺",
      "collection_id": "6a9a3c1f462e4bbfa78f29ca",
      "insert_len": 0,
      "status": "success"
    },
    {
      "url": "https://news.qq.com/rain/a/20260903A06V9D00",
      "title": "",
      "collection_id": null,
      "insert_len": 0,
      "status": "failed",
      "error": "EOF occurred in violation of protocol (_ssl.c:1006)"
    },
    {
      "url": "https://news.qq.com/rain/a/20260903A06ROJ00",
      "title": "",
      "collection_id": null,
      "insert_len": 0,
      "status": "failed",
      "error": "新闻内容过短。"
    },
    {
      "url": "https://news.qq.com/rain/a/20260903A06US300",
      "title": "",
      "collection_id": null,
      "insert_len": 0,
      "status": "failed",
      "error": "EOF occurred in violation of protocol (_ssl.c:1006)"
    },
    {
      "url": "https://news.qq.com/rain/a/20260903A06TKC00",
      "title": "",
      "collection_id": null,
      "insert_len": 0,
      "status": "failed",
      "error": "EOF occurred in violation of protocol (_ssl.c:1006)"
    },
    {
      "url": "https://news.qq.com/rain/a/20260903A06UNK00",
      "title": "卖车之外，蔚来的旧投入产生新收入丨电厂",
      "collection_id": "6a9a3c21462e4bbfa78f2a4f",
      "insert_len": 0,
      "status": "success"
    },
    {
      "url": "https://news.qq.com/rain/a/20260903A06UQC00",
      "title": "全球股市午后跳水，日韩半导体股下挫，SK海力士、三星电子跌超2%，美股三大期指集体走低，黄金直线拉升",
      "collection_id": "6a9a3c22462e4bbfa78f2a8f",
      "insert_len": 0,
      "status": "success"
    },
    {
      "url": "https://news.qq.com/rain/a/20260903A05ON400",
      "title": "情感心理：恋爱时没觉得对方多好，但分手后就是忘不了ta！？",
      "collection_id": "6a9a3c22462e4bbfa78f2ad8",
      "insert_len": 0,
      "status": "success"
    },
    {
      "url": "https://news.qq.com/rain/a/20260903A06VAC00",
      "title": "霍启刚、香港文体旅局局长，发文悼念",
      "collection_id": "6a9a3c23462e4bbfa78f2b1f",
      "insert_len": 0,
      "status": "success"
    },
    {
      "url": "https://news.qq.com/rain/a/20260903A06TPG00",
      "title": "快船目前从祖巴茨交易中拿回瓦格勒、杰克逊+28年次轮签",
      "collection_id": "6a9a3c23462e4bbfa78f2b66",
      "insert_len": 0,
      "status": "success"
    },
    {
      "url": "https://news.qq.com/rain/a/20260903A06VEE00",
      "title": "农业板块再迎政策支撑，政策明确加强农产品产销对接，生猪行业产能持续出清，养殖ETF万家(159023)捕捉“猪周期”反转机遇",
      "collection_id": "6a9a3c24462e4bbfa78f2b9d",
      "insert_len": 0,
      "status": "success"
    },
    {
      "url": "https://news.qq.com/rain/a/20260903A06V9C00",
      "title": "液冷服务器概念再度拉升 宏盛股份4天2板",
      "collection_id": "6a9a3c24462e4bbfa78f2bce",
      "insert_len": 0,
      "status": "success"
    },
    {
      "url": "https://news.qq.com/rain/a/20260903A06V7N00",
      "title": "财中ETF风向标｜算力硬件业绩强劲报喜 创业板人工智能ETF华宝(159363)盘中跌0.99%",
      "collection_id": "6a9a3c24462e4bbfa78f2c0f",
      "insert_len": 0,
      "status": "success"
    },
    {
      "url": "https://news.qq.com/rain/a/20260903A06UMO00",
      "title": "海底捞终于学会抢盒饭了",
      "collection_id": "6a9a3c24462e4bbfa78f2c3f",
      "insert_len": 0,
      "status": "success"
    },
    {
      "url": "https://news.qq.com/rain/a/20260903A06V7Q00",
      "title": "午评：缩量反弹暗藏分歧！超3100只个股下挫，多条主线局部躁动",
      "collection_id": "6a9a3c25462e4bbfa78f2c8a",
      "insert_len": 0,
      "status": "success"
    },
    {
      "url": "https://news.qq.com/rain/a/20260903A06SAP00",
      "title": "沈阳一网红店突然门口贴着封条闭店！这是咋回事？",
      "collection_id": "6a9a3c25462e4bbfa78f2cbf",
      "insert_len": 0,
      "status": "success"
    },
    {
      "url": "https://news.qq.com/rain/a/20260903A06VEG00",
      "title": "三星公布下一代存储路线图，HBM5与zHBM性能大幅跃升，科创芯片设计ETF易方达(589030)聚焦科创板芯片设计龙头",
      "collection_id": "6a9a3c31462e4bbfa78f3717",
      "insert_len": 0,
      "status": "success"
    },
    {
      "url": "https://news.qq.com/rain/a/20260903A06VKL00",
      "title": "男演员刘兆铭去世",
      "collection_id": "6a9a3c25462e4bbfa78f2cfe",
      "insert_len": 0,
      "status": "success"
    },
    {
      "url": "https://news.qq.com/rain/a/20260903A06VJH00",
      "title": "2027款极氪7X四季度上市新增85kWh电池版",
      "collection_id": "6a9a3c25462e4bbfa78f2d35",
      "insert_len": 0,
      "status": "success"
    },
    {
      "url": "https://news.qq.com/rain/a/20260903A06VJS00",
      "title": "历史第一！詹姆斯生涯共出战1924场比赛，仅11场没得分上双",
      "collection_id": "6a9a3c26462e4bbfa78f2d74",
      "insert_len": 0,
      "status": "success"
    },
    {
      "url": "https://news.qq.com/rain/a/20260903A06VJ800",
      "title": "8家！济南市第二批市级高品质住宅试点项目公示",
      "collection_id": "6a9a3c27462e4bbfa78f2e72",
      "insert_len": 0,
      "status": "success"
    },
    {
      "url": "https://news.qq.com/rain/a/20260903A06VS400",
      "title": "艾斐智药完成亿元天使轮融资",
      "collection_id": "6a9a3c26462e4bbfa78f2da4",
      "insert_len": 0,
      "status": "success"
    },
    {
      "url": "https://news.qq.com/rain/a/20260903A06VLH00",
      "title": "“无根”是地理上的漂泊，更是现代性的精神处境",
      "collection_id": "6a9a3c26462e4bbfa78f2ddb",
      "insert_len": 0,
      "status": "success"
    },
    {
      "url": "https://news.qq.com/rain/a/20260903A06VFR00",
      "title": "避险情绪升温、超跌反弹启动，南方基金旗下金ETF南方(159834)跟踪指数上海金早盘价涨2.02%，换手约5%交投活跃",
      "collection_id": "6a9a3c26462e4bbfa78f2e17",
      "insert_len": 0,
      "status": "success"
    },
    {
      "url": "https://news.qq.com/rain/a/20260903A06VED00",
      "title": "2026年8月新能源乘用车批发销量预估达151万辆，同比增长16%",
      "collection_id": "6a9a3c27462e4bbfa78f2e70",
      "insert_len": 0,
      "status": "success"
    },
    {
      "url": "https://news.qq.com/rain/a/20260903A06V8D00",
      "title": "",
      "collection_id": null,
      "insert_len": 0,
      "status": "failed",
      "error": "EOF occurred in violation of protocol (_ssl.c:1006)"
    },
    {
      "url": "https://news.qq.com/rain/a/20260903A06VK600",
      "title": "“餐盘清洗费”，被叫停",
      "collection_id": "6a9a3c27462e4bbfa78f2ecd",
      "insert_len": 0,
      "status": "success"
    },
    {
      "url": "https://news.qq.com/rain/a/20260903A06VIP00",
      "title": "兴业银行2026年半年报：产业金融驱动结构优化 资产质量稳中提质",
      "collection_id": "6a9a3c27462e4bbfa78f2efe",
      "insert_len": 0,
      "status": "success"
    },
    {
      "url": "https://news.qq.com/rain/a/20260903A06VKI00",
      "title": "星宇股份107名应届生解约再调查：被通报停职的“人力总监”，查无此岗",
      "collection_id": "6a9a3c28462e4bbfa78f2f85",
      "insert_len": 0,
      "status": "success"
    },
    {
      "url": "https://news.qq.com/rain/a/20260903A06VPN00",
      "title": "曝本田拟在4年内降本逾90亿美元，已要求供应商降价",
      "collection_id": "6a9a3c28462e4bbfa78f2f4e",
      "insert_len": 0,
      "status": "success"
    },
    {
      "url": "https://news.qq.com/rain/a/20260903A06VB400",
      "title": "王岚嵚反戈旧主，23分大胜，力压6中1的鄢手骐",
      "collection_id": "6a9a3c28462e4bbfa78f2fe2",
      "insert_len": 0,
      "status": "success"
    },
    {
      "url": "https://news.qq.com/rain/a/20260903A06VJ000",
      "title": "台风“沙德尔”影响，福建莆田停工、停产、停课、休市",
      "collection_id": "6a9a3c28462e4bbfa78f3012",
      "insert_len": 0,
      "status": "success"
    },
    {
      "url": "https://news.qq.com/rain/a/20260903A06VHA00",
      "title": "泽连斯基回应“乌两大情报机构街头枪战”",
      "collection_id": "6a9a3c29462e4bbfa78f3052",
      "insert_len": 0,
      "status": "success"
    },
    {
      "url": "https://news.qq.com/rain/a/20260903A06UEI00",
      "title": "马杜罗抓住了美国最尴尬的逻辑漏洞：不承认我，却承认她？",
      "collection_id": "6a9a3c29462e4bbfa78f30bb",
      "insert_len": 0,
      "status": "success"
    },
    {
      "url": "https://news.qq.com/rain/a/20260903A06VHE00",
      "title": "福州市教育局今晨紧急通知",
      "collection_id": "6a9a3c29462e4bbfa78f308b",
      "insert_len": 0,
      "status": "success"
    },
    {
      "url": "https://news.qq.com/rain/a/20260903A06VGJ00",
      "title": "",
      "collection_id": null,
      "insert_len": 0,
      "status": "failed",
      "error": "新闻内容过短。"
    },
    {
      "url": "https://news.qq.com/rain/a/20260903A06VCE00",
      "title": "受台风“沙德尔”影响，福州多处景区、公园临时关闭，6号线、滨海快线高架区段列车限速运行；广东强降雨，饶平已紧急转移超7000人",
      "collection_id": "6a9a3c2a462e4bbfa78f30fd",
      "insert_len": 0,
      "status": "success"
    },
    {
      "url": "https://news.qq.com/rain/a/20260903A06V8J00",
      "title": "财中ETF风向标｜港股通创新药ETF易方达(159316)盘中涨1.57%",
      "collection_id": "6a9a3c2a462e4bbfa78f312f",
      "insert_len": 0,
      "status": "success"
    },
    {
      "url": "https://news.qq.com/rain/a/20260903A06VIR00",
      "title": "2026世界动力电池大会开幕 西班牙主宾国国家馆开馆",
      "collection_id": "6a9a3c2b462e4bbfa78f316f",
      "insert_len": 0,
      "status": "success"
    },
    {
      "url": "https://news.qq.com/rain/a/20260903A06V8200",
      "title": "财中ETF风向标｜港股创新药ETF博时(520690)盘中涨1.64% 政策利好催化创新药行情",
      "collection_id": "6a9a3c2b462e4bbfa78f31a0",
      "insert_len": 0,
      "status": "success"
    },
    {
      "url": "https://news.qq.com/rain/a/20260903A06W6V00",
      "title": "穆迪：云计算仍是人工智能变现的主要渠道",
      "collection_id": "6a9a3c2b462e4bbfa78f31d8",
      "insert_len": 0,
      "status": "success"
    },
    {
      "url": "https://news.qq.com/rain/a/20260903A06VOF00",
      "title": "泰国下议院警察委员会就上议院选举舞弊案文件传唤帕里特与英奇普",
      "collection_id": "6a9a3c2b462e4bbfa78f3210",
      "insert_len": 0,
      "status": "success"
    },
    {
      "url": "https://news.qq.com/rain/a/20260903A06W6300",
      "title": "",
      "collection_id": null,
      "insert_len": 0,
      "status": "failed",
      "error": "EOF occurred in violation of protocol (_ssl.c:1006)"
    },
    {
      "url": "https://news.qq.com/rain/a/20260903A06VGX00",
      "title": "今天聊个扎心的话题，光通信、芯片存储几个板块，接下来大概率退",
      "collection_id": "6a9a3c2c462e4bbfa78f3251",
      "insert_len": 0,
      "status": "success"
    },
    {
      "url": "https://news.qq.com/rain/a/20260903A06VYM00",
      "title": "世界最长跨海铁路大桥建设重大进展！杭州湾跨海铁路大桥中航道桥主塔全部封顶",
      "collection_id": "6a9a3c2e462e4bbfa78f336d",
      "insert_len": 0,
      "status": "success"
    },
    {
      "url": "https://news.qq.com/rain/a/20260903A06VY700",
      "title": "从“看得见管不着”到“家门口有人管” 永登县多部门协同靶向破解小区治理难题",
      "collection_id": "6a9a3c2c462e4bbfa78f328c",
      "insert_len": 0,
      "status": "success"
    },
    {
      "url": "https://news.qq.com/rain/a/20260903A06VYI00",
      "title": "深耕土地潜能 铺就富民坦途 榆中县以高标准农田建设为抓手赋能乡村振兴",
      "collection_id": "6a9a3c2d462e4bbfa78f32c6",
      "insert_len": 0,
      "status": "success"
    },
    {
      "url": "https://news.qq.com/rain/a/20260903A06VOG00",
      "title": "泰国总理阿努廷·参威拉恭宣布“泰国向世界的邀约”，力推泰国成为全球投资伙伴",
      "collection_id": "6a9a3c2d462e4bbfa78f3301",
      "insert_len": 0,
      "status": "success"
    },
    {
      "url": "https://news.qq.com/rain/a/20260903A06WCZ00",
      "title": "彩民支持率：米亚尔比vs尤尔加登，客胜支持率68%",
      "collection_id": "6a9a3c2e462e4bbfa78f333c",
      "insert_len": 0,
      "status": "success"
    },
    {
      "url": "https://news.qq.com/rain/a/20260903A06UGX00",
      "title": "超燃！总决赛开幕在即！",
      "collection_id": "6a9a3c2e462e4bbfa78f33a8",
      "insert_len": 0,
      "status": "success"
    },
    {
      "url": "https://news.qq.com/rain/a/20260903A06WC800",
      "title": "黄仁勋G20再谈“AI基建”：当算力成为基础设施，中国需要怎样的“AI工厂”？",
      "collection_id": "6a9a3c2f462e4bbfa78f33ef",
      "insert_len": 0,
      "status": "success"
    },
    {
      "url": "https://news.qq.com/rain/a/20260903A06WB300",
      "title": "专家提醒：企业须警惕“不报税”的信用风险",
      "collection_id": "6a9a3c2f462e4bbfa78f3424",
      "insert_len": 0,
      "status": "success"
    },
    {
      "url": "https://news.qq.com/rain/a/20260903A06W6Y00",
      "title": "算力扩容带动散热需求上行，液冷概念午后再度拉升，宏盛股份4天2板，多股涨停",
      "collection_id": "6a9a3c2f462e4bbfa78f345c",
      "insert_len": 0,
      "status": "success"
    },
    {
      "url": "https://news.qq.com/rain/a/20260903A06SQ100",
      "title": "欧税通，递交IPO招股书，拟赴香港上市，中金公司、申万宏源联席保荐",
      "collection_id": "6a9a3c2f462e4bbfa78f34a4",
      "insert_len": 0,
      "status": "success"
    },
    {
      "url": "https://news.qq.com/rain/a/20260903A06W5W00",
      "title": "宏盛股份4天2板！液冷服务器概念再度拉升",
      "collection_id": "6a9a3c2f462e4bbfa78f34d5",
      "insert_len": 0,
      "status": "success"
    },
    {
      "url": "https://news.qq.com/rain/a/20260903A06WDE00",
      "title": "苏群：李月汝因为私人护照更换，新旧护照一起给寄丢了",
      "collection_id": "6a9a3c30462e4bbfa78f3514",
      "insert_len": 0,
      "status": "success"
    },
    {
      "url": "https://news.qq.com/rain/a/20260903A06VY300",
      "title": "种养提质 变废为宝 绿色转型 红古区以产业升级激活区域经济发展新动能",
      "collection_id": "6a9a3c30462e4bbfa78f3545",
      "insert_len": 0,
      "status": "success"
    },
    {
      "url": "https://news.qq.com/rain/a/20260903A06W6S00",
      "title": "美副财长：日本长期利率3%对美国影响大，贝森特近期将公布削减财政赤字计划",
      "collection_id": "6a9a3c30462e4bbfa78f3581",
      "insert_len": 0,
      "status": "success"
    },
    {
      "url": "https://news.qq.com/rain/a/20260903A06WBV00",
      "title": "交银国际：下调中海物业目标价至5.25港元 维持“买入”评级",
      "collection_id": "6a9a3c30462e4bbfa78f35c2",
      "insert_len": 0,
      "status": "success"
    },
    {
      "url": "https://news.qq.com/rain/a/20260903A05O7R00",
      "title": "红星快评｜家长群自报职务要关照，不是手误是对权力的迷信",
      "collection_id": "6a9a3c30462e4bbfa78f35f2",
      "insert_len": 0,
      "status": "success"
    },
    {
      "url": "https://news.qq.com/rain/a/20260903A06WBP00",
      "title": "港股异动 | 和黄医药午后涨幅扩大逾15% 与GSK就KRAS-EGFR抗体偶联癌症药物达成许可协议",
      "collection_id": "6a9a3c30462e4bbfa78f3623",
      "insert_len": 0,
      "status": "success"
    },
    {
      "url": "https://news.qq.com/rain/a/20260903A06VX500",
      "title": "孙颖莎刘国梁马龙入选小学教材：新时代榜样，照亮青年成长之路",
      "collection_id": "6a9a3c31462e4bbfa78f3664",
      "insert_len": 0,
      "status": "success"
    },
    {
      "url": "https://news.qq.com/rain/a/20260903A06WNF00",
      "title": "放弃无脑打板！涨停回头低吸，才是散户最稳的短线套路",
      "collection_id": "6a9a3c31462e4bbfa78f36a7",
      "insert_len": 0,
      "status": "success"
    },
    {
      "url": "https://news.qq.com/rain/a/20260903A06W7700",
      "title": "半导体午后承压回调！微导纳米跌超8%",
      "collection_id": "6a9a3c31462e4bbfa78f36de",
      "insert_len": 0,
      "status": "success"
    },
    {
      "url": "https://news.qq.com/rain/a/20260903A06SQ800",
      "title": "玉柴船电动力，递交IPO招股书，拟赴香港上市，招商证券国际、中国银河国际联席保荐",
      "collection_id": "6a9a3c31462e4bbfa78f3747",
      "insert_len": 0,
      "status": "success"
    },
    {
      "url": "https://news.qq.com/rain/a/20260903A06VM100",
      "title": "又一老戏骨去世，享年94岁！曾出演83版《射雕英雄传》一灯大师等经典角色，陈法蓉深夜泪别前辈",
      "collection_id": "6a9a3c31462e4bbfa78f379a",
      "insert_len": 0,
      "status": "success"
    },
    {
      "url": "https://news.qq.com/rain/a/20260903A06VL600",
      "title": "广东一高中生开学前一天暑假作业被偷，担心老师认为他撒谎，警方帮忙找到送回学校，当事人爸爸：作业全部写完，老师看到了，皆大欢喜",
      "collection_id": "6a9a3c31462e4bbfa78f379c",
      "insert_len": 0,
      "status": "success"
    },
    {
      "url": "https://news.qq.com/rain/a/20260903A06VGQ00",
      "title": "香格里拉虎跳峡附近多次发生山体滑坡，景区已启动排险作业，并将在滑坡点附近加装防护网，相关工程预计10月底前完工",
      "collection_id": "6a9a3c31462e4bbfa78f37f8",
      "insert_len": 0,
      "status": "success"
    },
    {
      "url": "https://news.qq.com/rain/a/20260903A06WJE00",
      "title": "换机看这里！喀什手机购新补贴活动明日启动，立减800元！",
      "collection_id": "6a9a3c31462e4bbfa78f3828",
      "insert_len": 0,
      "status": "success"
    },
    {
      "url": "https://news.qq.com/rain/a/20260903A06W6R00",
      "title": "大胜！山东95-72辽宁，王岚嵚战旧主13分4助，付豪19+12独木难支",
      "collection_id": "6a9a3c32462e4bbfa78f38a0",
      "insert_len": 0,
      "status": "success"
    },
    {
      "url": "https://news.qq.com/rain/a/20260903A06VL300",
      "title": "台风“科罗旺”进入48小时警戒线：今天中午距温州约867公里，将于今日夜间进入东海；浙江局地有短时暴雨",
      "collection_id": "6a9a3c32462e4bbfa78f3868",
      "insert_len": 0,
      "status": "success"
    },
    {
      "url": "https://news.qq.com/rain/a/20260903A06VFD00",
      "title": "全球AI资本开支持续加码，算力基建景气上行，创业板算力ETF易方达(158050)明日起公开发售，备受市场关注",
      "collection_id": "6a9a3c32462e4bbfa78f38d0",
      "insert_len": 0,
      "status": "success"
    },
    {
      "url": "https://news.qq.com/rain/a/20260903A06WUO00",
      "title": "四川米亚罗省级自然保护区首次拍到四只雪豹同框",
      "collection_id": "6a9a3c32462e4bbfa78f3900",
      "insert_len": 0,
      "status": "success"
    },
    {
      "url": "https://news.qq.com/rain/a/20260903A06W1I00",
      "title": "",
      "collection_id": null,
      "insert_len": 0,
      "status": "failed",
      "error": "EOF occurred in violation of protocol (_ssl.c:1006)"
    },
    {
      "url": "https://news.qq.com/rain/a/20260903A06WP700",
      "title": "",
      "collection_id": null,
      "insert_len": 0,
      "status": "failed",
      "error": "新闻正文为空。"
    },
    {
      "url": "https://news.qq.com/rain/a/20260903A06VGC00",
      "title": "今晚开播！央视又一26集黑马大剧来袭，演员阵容不错，值得期待！",
      "collection_id": "6a9a3c32462e4bbfa78f3974",
      "insert_len": 0,
      "status": "success"
    },
    {
      "url": "https://news.qq.com/rain/a/20260903A06XGZ00",
      "title": "陕西陕能汇森资本投资有限公司成立，注册资本10亿元",
      "collection_id": "6a9a3c32462e4bbfa78f394d",
      "insert_len": 0,
      "status": "success"
    },
    {
      "url": "https://news.qq.com/rain/a/20260903A06XEI00",
      "title": "Meta新模型逼平Fable 5，小扎：开源且便宜到你懒得算账",
      "collection_id": "6a9a3c33462e4bbfa78f39ca",
      "insert_len": 0,
      "status": "success"
    },
    {
      "url": "https://news.qq.com/rain/a/20260903A06W7100",
      "title": "蜜雪冰城港股上市，兄弟合计持股95.06%",
      "collection_id": "6a9a3c33462e4bbfa78f39fe",
      "insert_len": 0,
      "status": "success"
    },
    {
      "url": "https://news.qq.com/rain/a/20260903A06UMV00",
      "title": "",
      "collection_id": null,
      "insert_len": 0,
      "status": "failed",
      "error": "EOF occurred in violation of protocol (_ssl.c:1006)"
    },
    {
      "url": "https://news.qq.com/rain/a/20260903A06W7600",
      "title": "安集科技递交H股发行上市申请，今年上半年营收15.26亿元",
      "collection_id": "6a9a3c33462e4bbfa78f3a4e",
      "insert_len": 0,
      "status": "success"
    },
    {
      "url": "https://news.qq.com/rain/a/20260903A06R4N00",
      "title": "一个很扎心的问题：人到晚年，儿媳和女儿谁更靠得住？",
      "collection_id": "6a9a3c33462e4bbfa78f3a7e",
      "insert_len": 0,
      "status": "success"
    },
    {
      "url": "https://news.qq.com/rain/a/20260903A06X0N00",
      "title": "新田：抓好“三条主线”绘就基层党建新蓝图",
      "collection_id": "6a9a3c33462e4bbfa78f3ac6",
      "insert_len": 0,
      "status": "success"
    },
    {
      "url": "https://news.qq.com/rain/a/20260903A06X6X00",
      "title": "40年房贷：月供降了，你和银行的缘分更长了",
      "collection_id": "6a9a3c34462e4bbfa78f3b47",
      "insert_len": 0,
      "status": "success"
    },
    {
      "url": "https://news.qq.com/rain/a/20260903A06VQ300",
      "title": "茉莉花开，好戏连台",
      "collection_id": "6a9a3c34462e4bbfa78f3b11",
      "insert_len": 0,
      "status": "success"
    },
    {
      "url": "https://news.qq.com/rain/a/20260903A06X7800",
      "title": "深圳西丽综合枢纽地铁15号线区间正式进入主体结构施工阶段",
      "collection_id": "6a9a3c34462e4bbfa78f3b83",
      "insert_len": 0,
      "status": "success"
    },
    {
      "url": "https://news.qq.com/rain/a/20260903A03SY000",
      "title": "马永贞陈观泰走了，拳拳到肉打了一辈子，最后输给一个情字",
      "collection_id": "6a9a3c35462e4bbfa78f3bd3",
      "insert_len": 0,
      "status": "success"
    },
    {
      "url": "https://news.qq.com/rain/a/20260903A06V7M00",
      "title": "OpenAI、Anthropic密集上新前沿大模型！恒生科技ETF华泰柏瑞（513130）单日净申购7.4亿份，刷新近半年新高",
      "collection_id": "6a9a3c35462e4bbfa78f3c03",
      "insert_len": 0,
      "status": "success"
    },
    {
      "url": "https://news.qq.com/rain/a/20260903A06S3D00",
      "title": "全网播放超85亿，图书发行量超79万册，《李哪吒上学记》刮起国产儿童IP“文化旋风”",
      "collection_id": "6a9a3c35462e4bbfa78f3c51",
      "insert_len": 0,
      "status": "success"
    },
    {
      "url": "https://news.qq.com/rain/a/20260903A06XGV00",
      "title": "",
      "collection_id": null,
      "insert_len": 0,
      "status": "failed",
      "error": "新闻内容过短。"
    },
    {
      "url": "https://news.qq.com/rain/a/20260903A06TQ100",
      "title": "美空军少校在对伊战事中阵亡，遗孀：因美国没有对伊朗正式宣战，我和孩子们无法领取津贴",
      "collection_id": "6a9a3c36462e4bbfa78f3c96",
      "insert_len": 0,
      "status": "success"
    },
    {
      "url": "https://news.qq.com/rain/a/20260903A06TOW00",
      "title": "",
      "collection_id": null,
      "insert_len": 0,
      "status": "failed",
      "error": "新闻正文为空。"
    },
    {
      "url": "https://news.qq.com/rain/a/20260903A06WCF00",
      "title": "港股异动 | 携程集团-S跌超4% 此前预计Q2收入同比增速降至3%-8% 多因素下旅游需求或放缓",
      "collection_id": "6a9a3c36462e4bbfa78f3cd0",
      "insert_len": 0,
      "status": "success"
    },
    {
      "url": "https://news.qq.com/rain/a/20260903A06O2800",
      "title": "燧原科技马上开始申购，发行价142.18元，普通打新散户多留意",
      "collection_id": "6a9a3c36462e4bbfa78f3d00",
      "insert_len": 0,
      "status": "success"
    },
    {
      "url": "https://news.qq.com/rain/a/20260903A06XHS00",
      "title": "红旗H7挑战吉尼斯纪录满油满电横跨三省",
      "collection_id": "6a9a3c36462e4bbfa78f3d46",
      "insert_len": 0,
      "status": "success"
    },
    {
      "url": "https://news.qq.com/rain/a/20260903A06W5Y00",
      "title": "阿根廷称尽一切手段实现马岛主权",
      "collection_id": "6a9a3c37462e4bbfa78f3d7e",
      "insert_len": 0,
      "status": "success"
    },
    {
      "url": "https://news.qq.com/rain/a/20260903A06JDP00",
      "title": "电影越拍越长，但是膀胱不会越来越大！",
      "collection_id": "6a9a3c37462e4bbfa78f3dbf",
      "insert_len": 0,
      "status": "success"
    },
    {
      "url": "https://news.qq.com/rain/a/20260903A06U0J00",
      "title": "上海近期多发！多位市民家中飞入蝙蝠，集中在老小区6楼以下！携带大量病毒！华山医院提醒",
      "collection_id": "6a9a3c37462e4bbfa78f3e0c",
      "insert_len": 0,
      "status": "success"
    },
    {
      "url": "https://news.qq.com/rain/a/20260903A06XG000",
      "title": "",
      "collection_id": null,
      "insert_len": 0,
      "status": "failed",
      "error": "新闻内容过短。"
    },
    {
      "url": "https://news.qq.com/rain/a/20260903A06XHG00",
      "title": "知识产权专项行动见实效，济南助企挽回损失1.15亿元",
      "collection_id": "6a9a3c37462e4bbfa78f3e4f",
      "insert_len": 0,
      "status": "success"
    },
    {
      "url": "https://news.qq.com/rain/a/20260903A06XED00",
      "title": "从红楼人物，看见人间百态——《红楼·人间》正式出版",
      "collection_id": "6a9a3c38462e4bbfa78f3ea8",
      "insert_len": 0,
      "status": "success"
    },
    {
      "url": "https://news.qq.com/rain/a/20260903A06XIO00",
      "title": "",
      "collection_id": null,
      "insert_len": 0,
      "status": "failed",
      "error": "EOF occurred in violation of protocol (_ssl.c:1006)"
    },
    {
      "url": "https://news.qq.com/rain/a/20260903A08SR900",
      "title": "济宁“民生微市”破解流动摊贩治理难题：50处民生微市盘活2.3万平方米闲置空间",
      "collection_id": "6a9a3c38462e4bbfa78f3ee4",
      "insert_len": 0,
      "status": "success"
    },
    {
      "url": "https://news.qq.com/rain/a/20260903A08SZA00",
      "title": "衡阳市第十六中学举行2026年秋季开学典礼",
      "collection_id": "6a9a3c38462e4bbfa78f3f1d",
      "insert_len": 0,
      "status": "success"
    },
    {
      "url": "https://news.qq.com/rain/a/20260903A08RE300",
      "title": "溢价率17.37%，华润82.993亿摘得顺义温榆河顶豪宅地！",
      "collection_id": "6a9a3c38462e4bbfa78f3f5c",
      "insert_len": 0,
      "status": "success"
    },
    {
      "url": "https://news.qq.com/rain/a/20260903A08TQY00",
      "title": "工业和信息化部：我国建成全球领先的动力电池产业体系",
      "collection_id": "6a9a3c38462e4bbfa78f3fa7",
      "insert_len": 0,
      "status": "success"
    },
    {
      "url": "https://news.qq.com/rain/a/20260903A08SFH00",
      "title": "我对创新药和AI的看法",
      "collection_id": "6a9a3c39462e4bbfa78f3fe9",
      "insert_len": 0,
      "status": "success"
    },
    {
      "url": "https://news.qq.com/rain/a/20260903A08TO200",
      "title": "迅安科技2026H1营收增近15%至1.17亿元 泰国基地投产助订单全面恢复",
      "collection_id": "6a9a3c39462e4bbfa78f401d",
      "insert_len": 0,
      "status": "success"
    },
    {
      "url": "https://news.qq.com/rain/a/20260903A08T8800",
      "title": "云南检察机关依法对余星达涉嫌受贿案提起公诉",
      "collection_id": "6a9a3c39462e4bbfa78f4052",
      "insert_len": 0,
      "status": "success"
    },
    {
      "url": "https://news.qq.com/rain/a/20260903A08SOC00",
      "title": "奔赴新学期，梦想点亮未来！《你好，新学期》9月4日19:40锁定广西卫视",
      "collection_id": "6a9a3c39462e4bbfa78f40a2",
      "insert_len": 0,
      "status": "success"
    },
    {
      "url": "https://news.qq.com/rain/a/20260903A08SYS00",
      "title": "",
      "collection_id": null,
      "insert_len": 0,
      "status": "failed",
      "error": "EOF occurred in violation of protocol (_ssl.c:1006)"
    },
    {
      "url": "https://news.qq.com/rain/a/20260903A08TIJ00",
      "title": "东方铁塔：拟收购目标公司昆明帝银舒姑磷矿获采矿许可证，有效期15年",
      "collection_id": "6a9a3c39462e4bbfa78f40db",
      "insert_len": 0,
      "status": "success"
    },
    {
      "url": "https://news.qq.com/rain/a/20260903A08TJX00",
      "title": "热浪退场 运动上场——暑期夜间体育消费新场景观察",
      "collection_id": "6a9a3c3a462e4bbfa78f411b",
      "insert_len": 0,
      "status": "success"
    },
    {
      "url": "https://news.qq.com/rain/a/20260903A08T1N00",
      "title": "石化油服：吴柏志辞去董事长等职务",
      "collection_id": "6a9a3c3a462e4bbfa78f414f",
      "insert_len": 0,
      "status": "success"
    },
    {
      "url": "https://news.qq.com/rain/a/20260903A08TN800",
      "title": "商务部：与埃及签署加强苏伊士经贸合作区开发合作谅解备忘录",
      "collection_id": "6a9a3c3a462e4bbfa78f4198",
      "insert_len": 0,
      "status": "success"
    },
    {
      "url": "https://news.qq.com/rain/a/20260903A08E1Q00",
      "title": "9月3日，广东2026年上调退休人员基本养老金的通知正式公布了吗",
      "collection_id": "6a9a3c3a462e4bbfa78f41c8",
      "insert_len": 0,
      "status": "success"
    },
    {
      "url": "https://news.qq.com/rain/a/20260903A08STE00",
      "title": "开学致辞丨杭州第十一中学党委书记蔡毛：以“一九〇精神”为炬，做自己生命中的英雄",
      "collection_id": "6a9a3c3b462e4bbfa78f4220",
      "insert_len": 0,
      "status": "success"
    },
    {
      "url": "https://news.qq.com/rain/a/20260903A08TPL00",
      "title": "我驻罗马尼亚使馆发布关于赴罗旅行的领事提醒",
      "collection_id": "6a9a3c3b462e4bbfa78f425c",
      "insert_len": 0,
      "status": "success"
    },
    {
      "url": "https://news.qq.com/rain/a/20260903A08T6R00",
      "title": "古韵红魂 地标新颜——探访单县“品”字形历史文化地标",
      "collection_id": "6a9a3c3b462e4bbfa78f429f",
      "insert_len": 0,
      "status": "success"
    },
    {
      "url": "https://news.qq.com/rain/a/20260903A08SZJ00",
      "title": "",
      "collection_id": null,
      "insert_len": 0,
      "status": "failed",
      "error": "EOF occurred in violation of protocol (_ssl.c:1006)"
    },
    {
      "url": "https://news.qq.com/rain/a/20260903A08TI200",
      "title": "一品红(300723.SZ)：全资子公司盐酸舍曲林口服溶液（60ml:1.2g）获药品注册证书，视同通过一致性评价",
      "collection_id": "6a9a3c3c462e4bbfa78f42db",
      "insert_len": 0,
      "status": "success"
    },
    {
      "url": "https://news.qq.com/rain/a/20260903A08TPY00",
      "title": "森萱医药2026H1归母净利同比增33% 特色原料药出海提速打开成长空间",
      "collection_id": "6a9a3c3c462e4bbfa78f4313",
      "insert_len": 0,
      "status": "success"
    },
    {
      "url": "https://news.qq.com/rain/a/20260903A08TIG00",
      "title": "",
      "collection_id": null,
      "insert_len": 0,
      "status": "failed",
      "error": "EOF occurred in violation of protocol (_ssl.c:1006)"
    },
    {
      "url": "https://news.qq.com/rain/a/20260903A08TJ400",
      "title": "",
      "collection_id": null,
      "insert_len": 0,
      "status": "failed",
      "error": "EOF occurred in violation of protocol (_ssl.c:1006)"
    },
    {
      "url": "https://news.qq.com/rain/a/20260903A08TOO00",
      "title": "商务部：坚决反对美方以涉伊朗为由制裁中国企业和公民",
      "collection_id": "6a9a3c3e462e4bbfa78f435f",
      "insert_len": 0,
      "status": "success"
    },
    {
      "url": "https://news.qq.com/rain/a/20260903A08TIL00",
      "title": "",
      "collection_id": null,
      "insert_len": 0,
      "status": "failed",
      "error": "EOF occurred in violation of protocol (_ssl.c:1006)"
    },
    {
      "url": "https://news.qq.com/rain/a/20260903A08T6C00",
      "title": "招牌产品被疑“涨价几倍”，古汉医药逐一回应提价与现金流疑问，上半年仍亏1497万元",
      "collection_id": "6a9a3c41462e4bbfa78f43a0",
      "insert_len": 0,
      "status": "success"
    },
    {
      "url": "https://news.qq.com/rain/a/20260903A08TV900",
      "title": "",
      "collection_id": null,
      "insert_len": 0,
      "status": "failed",
      "error": "新闻内容过短。"
    },
    {
      "url": "https://news.qq.com/rain/a/20260903A08PZW00",
      "title": "新世纪以来NBA有哪些超巨？满打满算就这5个人，哈登都不够格",
      "collection_id": "6a9a3c42462e4bbfa78f43da",
      "insert_len": 0,
      "status": "success"
    },
    {
      "url": "https://news.qq.com/rain/a/20260903A08T4S00",
      "title": "《转》访上海交通大学医学院附属仁济医院康晓楠教授：智链生命--中国生物样本库的范式跃迁与生态重构",
      "collection_id": "6a9a3c42462e4bbfa78f440a",
      "insert_len": 0,
      "status": "success"
    },
    {
      "url": "https://news.qq.com/rain/a/20260903A08TSO00",
      "title": "珠江金租增资获批 注册资本变更为20亿元",
      "collection_id": "6a9a3c42462e4bbfa78f4442",
      "insert_len": 0,
      "status": "success"
    },
    {
      "url": "https://news.qq.com/rain/a/20260903A08TPT00",
      "title": "米切尔：我从康利身上学到更衣室管理能力，也要感谢卢比奥",
      "collection_id": "6a9a3c42462e4bbfa78f4499",
      "insert_len": 0,
      "status": "success"
    },
    {
      "url": "https://news.qq.com/rain/a/20260903A08SW000",
      "title": "碧桂园上岸、万科易帅、恒大收尾，楼市最危险的阶段过去了",
      "collection_id": "6a9a3c42462e4bbfa78f44f9",
      "insert_len": 0,
      "status": "success"
    },
    {
      "url": "https://news.qq.com/rain/a/20260903A08SEJ00",
      "title": "“如果特朗普下令攻击加拿大，你是否会照做？”美海军将领回应",
      "collection_id": "6a9a3c42462e4bbfa78f44c9",
      "insert_len": 0,
      "status": "success"
    },
    {
      "url": "https://news.qq.com/rain/a/20260903A08TIF00",
      "title": "恩沙替尼获ALK阳性非小细胞肺癌术后辅助治疗新适应症注册证书，为全球第二款获批该适应症药物",
      "collection_id": "6a9a3c43462e4bbfa78f4563",
      "insert_len": 0,
      "status": "success"
    },
    {
      "url": "https://news.qq.com/rain/a/20260903A08S9N00",
      "title": "暴雨、台风双预警全面拉响！中央气象台：今日至明日，广东、福建等地有暴雨、大暴雨；台风最新路径",
      "collection_id": "6a9a3c43462e4bbfa78f4593",
      "insert_len": 0,
      "status": "success"
    },
    {
      "url": "https://news.qq.com/rain/a/20260903A08TQO00",
      "title": "北京本学期将举办4万余场托育亲子活动",
      "collection_id": "6a9a3c43462e4bbfa78f45c3",
      "insert_len": 0,
      "status": "success"
    },
    {
      "url": "https://news.qq.com/rain/a/20260903A08TO800",
      "title": "养老机构从业人员消防基本技能培训，年底全覆盖！",
      "collection_id": "6a9a3c44462e4bbfa78f4616",
      "insert_len": 0,
      "status": "success"
    },
    {
      "url": "https://news.qq.com/rain/a/20260903A08TO400",
      "title": "用镜头记录凡人微光，第十二届上海公益微电影节正式启动",
      "collection_id": "6a9a3c44462e4bbfa78f4646",
      "insert_len": 0,
      "status": "success"
    },
    {
      "url": "https://news.qq.com/rain/a/20260903A08TMO00",
      "title": "大商股份：拟签订7.86亿元大连东港乐园施工总承包合同",
      "collection_id": "6a9a3c44462e4bbfa78f467c",
      "insert_len": 0,
      "status": "success"
    },
    {
      "url": "https://news.qq.com/rain/a/20260903A08S3300",
      "title": "问政垫江丨健康巴士公交线永久停运了吗？官方回复来了！",
      "collection_id": "6a9a3c44462e4bbfa78f46bb",
      "insert_len": 0,
      "status": "success"
    },
    {
      "url": "https://news.qq.com/rain/a/20260903A08TQZ00",
      "title": "我驻比利时使馆提醒中国留学人员注意开学季有关事项",
      "collection_id": "6a9a3c44462e4bbfa78f46fe",
      "insert_len": 0,
      "status": "success"
    },
    {
      "url": "https://news.qq.com/rain/a/20260903A08TMU00",
      "title": "西点药业氯化钾颗粒获药品补充申请批准 产品用于治疗和预防低钾血症",
      "collection_id": "6a9a3c44462e4bbfa78f4700",
      "insert_len": 0,
      "status": "success"
    },
    {
      "url": "https://news.qq.com/rain/a/20260903A08TIZ00",
      "title": "国产替代趋势明确，全球半导体行业景气度向好，芯片ETF哪个好？芯片ETF景顺(159560)跟踪指数囊括芯片设计、制造、封装与测试等领域",
      "collection_id": "6a9a3c44462e4bbfa78f475b",
      "insert_len": 0,
      "status": "success"
    },
    {
      "url": "https://news.qq.com/rain/a/20260903A08TUM00",
      "title": "贵阳康养职业大学教师倪木子：医教相长守初心，深耕康复育仁医",
      "collection_id": "6a9a3c45462e4bbfa78f4798",
      "insert_len": 0,
      "status": "success"
    },
    {
      "url": "https://news.qq.com/rain/a/20260903A08SVK00",
      "title": "实训赋能 破题攻坚——徐汇区举办2026年党建引领满意物业专题培训示范班",
      "collection_id": "6a9a3c45462e4bbfa78f47cc",
      "insert_len": 0,
      "status": "success"
    },
    {
      "url": "https://news.qq.com/rain/a/20260903A08UYJ00",
      "title": "合规，就一定合理吗？朱婷与樊振东的“远走”困局丨体谈",
      "collection_id": "6a996852462e4bbfa78625b3",
      "insert_len": 0,
      "status": "skipped"
    },
    {
      "url": "https://news.qq.com/rain/a/20260903A08T7200",
      "title": "兰溪2个项目斩获国赛入场券",
      "collection_id": "6a9a3c45462e4bbfa78f4813",
      "insert_len": 0,
      "status": "success"
    },
    {
      "url": "https://news.qq.com/rain/a/20260903A08QI300",
      "title": "牛了！武汉再增2栋近60层超高层住宅！约193米高！",
      "collection_id": "6a9a3c45462e4bbfa78f484b",
      "insert_len": 0,
      "status": "success"
    },
    {
      "url": "https://news.qq.com/rain/a/20260903A08T5300",
      "title": "新探索！上海交通大学医学院附属第一人民医院发文：胃癌治疗中可转化的表观遗传策略",
      "collection_id": "6a9a3c45462e4bbfa78f4887",
      "insert_len": 0,
      "status": "success"
    },
    {
      "url": "https://news.qq.com/rain/a/20260903A08TQ600",
      "title": "英伟达CEO：算力已成国家级基建，机构预计未来25年数据中心支出或至50万亿美元，科创综指近1年涨17.09%，汇聚AI、芯片等硬科技",
      "collection_id": "6a9a3c45462e4bbfa78f48ea",
      "insert_len": 0,
      "status": "success"
    },
    {
      "url": "https://news.qq.com/rain/a/20260903A08T2600",
      "title": "",
      "collection_id": null,
      "insert_len": 0,
      "status": "failed",
      "error": "EOF occurred in violation of protocol (_ssl.c:1006)"
    },
    {
      "url": "https://news.qq.com/rain/a/20260903A08SU900",
      "title": "2026快手光合大会AIGC分论坛：四项专属政策激励优质AIGC内容创作",
      "collection_id": "6a9a3c46462e4bbfa78f492b",
      "insert_len": 0,
      "status": "success"
    },
    {
      "url": "https://news.qq.com/rain/a/20260903A08T2I00",
      "title": "重庆一小学拟收取“餐盘清洗费”每学期45元，当地教委通报：已责令立即停止",
      "collection_id": "6a9a3c46462e4bbfa78f496b",
      "insert_len": 0,
      "status": "success"
    },
    {
      "url": "https://news.qq.com/rain/a/20260903A08U0R00",
      "title": "杭州望江新城6000万以上一手房二手房推荐2026：优缺点对比与板块规划利好解析",
      "collection_id": "6a9a3c46462e4bbfa78f49ba",
      "insert_len": 0,
      "status": "success"
    },
    {
      "url": "https://news.qq.com/rain/a/20260903A08TNO00",
      "title": "一品红：子公司获盐酸舍曲林口服溶液注册证书，丰富慢病药管线",
      "collection_id": "6a9a3c46462e4bbfa78f49ee",
      "insert_len": 0,
      "status": "success"
    },
    {
      "url": "https://news.qq.com/rain/a/20260903A08S3H00",
      "title": "OpenAI谷歌集体缺席！英伟达把AI安全联盟移交Linux基金会：这次不带他们玩",
      "collection_id": "6a9a3c46462e4bbfa78f4a2f",
      "insert_len": 0,
      "status": "success"
    },
    {
      "url": "https://news.qq.com/rain/a/20260903A08TSE00",
      "title": "泰国北榄府邦披县截获非法轮胎逾1300条",
      "collection_id": "6a9a3c46462e4bbfa78f4a5f",
      "insert_len": 0,
      "status": "success"
    },
    {
      "url": "https://news.qq.com/rain/a/20260903A08T6F00",
      "title": "AI不缺算力缺内存？谷歌回收退役服务器内存",
      "collection_id": "6a9a3c47462e4bbfa78f4aa5",
      "insert_len": 0,
      "status": "success"
    },
    {
      "url": "https://news.qq.com/rain/a/20260903A08U9400",
      "title": "",
      "collection_id": null,
      "insert_len": 0,
      "status": "failed",
      "error": "EOF occurred in violation of protocol (_ssl.c:1006)"
    },
    {
      "url": "https://news.qq.com/rain/a/20260903A08U0G00",
      "title": "置换客群加速入场，二手挂牌心态生变：“沪八条”重塑上海楼市成交逻辑",
      "collection_id": "6a9a3c47462e4bbfa78f4adc",
      "insert_len": 0,
      "status": "success"
    },
    {
      "url": "https://news.qq.com/rain/a/20260903A08T6G00",
      "title": "“果链”四巨头年中观察：告别“汽车叙事”，集体奔赴AI",
      "collection_id": "6a9a3c48462e4bbfa78f4b39",
      "insert_len": 0,
      "status": "success"
    },
    {
      "url": "https://news.qq.com/rain/a/20260903A08TUV00",
      "title": "镇宁幸福村：广场落成添新景村民欢聚庆“幸福”",
      "collection_id": "6a9a3c48462e4bbfa78f4b37",
      "insert_len": 0,
      "status": "success"
    },
    {
      "url": "https://news.qq.com/rain/a/20260903A08U0S00",
      "title": "北京北清润府与未来城星寰时光长期自住对比：昌平北清路板块2026置业解读",
      "collection_id": "6a9a3c48462e4bbfa78f4bf2",
      "insert_len": 0,
      "status": "success"
    },
    {
      "url": "https://news.qq.com/rain/a/20260903A08TUL00",
      "title": "宁夏固原市深入开展“六盘山下石榴红”普法宣讲",
      "collection_id": "6a9a3c48462e4bbfa78f4bbc",
      "insert_len": 0,
      "status": "success"
    },
    {
      "url": "https://news.qq.com/rain/a/20260903A08TXJ00",
      "title": "【城市新闻】全市城市治理提质攻坚推进会召开",
      "collection_id": "6a9a3c49462e4bbfa78f4c45",
      "insert_len": 0,
      "status": "success"
    },
    {
      "url": "https://news.qq.com/rain/a/20260903A08TEP00",
      "title": "胎心报警骤响！60分钟极速抢救，守护母婴平安",
      "collection_id": "6a9a3c49462e4bbfa78f4c7a",
      "insert_len": 0,
      "status": "success"
    },
    {
      "url": "https://news.qq.com/rain/a/20260903A08TW000",
      "title": "新政后北京首拍：竞价174轮，华润置地82.99亿元补仓顺义温榆河",
      "collection_id": "6a9a3c49462e4bbfa78f4cc7",
      "insert_len": 0,
      "status": "success"
    },
    {
      "url": "https://news.qq.com/rain/a/20260903A08TUJ00",
      "title": "稻浪翻涌！快来邂逅独山高岩梯田的秋日浪漫",
      "collection_id": "6a9a3c49462e4bbfa78f4cf2",
      "insert_len": 0,
      "status": "success"
    },
    {
      "url": "https://news.qq.com/rain/a/20260903A08U8300",
      "title": "西藏阿里地区噶尔县附近发生4.2级左右地震",
      "collection_id": "6a9a3c4a462e4bbfa78f4d39",
      "insert_len": 0,
      "status": "success"
    },
    {
      "url": "https://news.qq.com/rain/a/20260903A08UAI00",
      "title": "特斯拉Cybercab即将亮相奥斯汀！成本优势有望成Robotaxi竞赛“杀手锏”",
      "collection_id": "6a9a3c4a462e4bbfa78f4d69",
      "insert_len": 0,
      "status": "success"
    },
    {
      "url": "https://news.qq.com/rain/a/20260903A08TTG00",
      "title": "商务部：中方敦促美方撤销对有关中国企业和公民的制裁",
      "collection_id": "6a9a3c4b462e4bbfa78f4de9",
      "insert_len": 0,
      "status": "success"
    },
    {
      "url": "https://news.qq.com/rain/a/20260903A08TI100",
      "title": "锦龙股份：拟转让东莞证券20%股份，与投控资本达成初步意向并签署备忘录",
      "collection_id": "6a9a3c4b462e4bbfa78f4db8",
      "insert_len": 0,
      "status": "success"
    },
    {
      "url": "https://news.qq.com/rain/a/20260903A08TPK00",
      "title": "立讯精密：生态守护与绿色未来",
      "collection_id": "6a9a3c4b462e4bbfa78f4e19",
      "insert_len": 0,
      "status": "success"
    },
    {
      "url": "https://news.qq.com/rain/a/20260903A08U4N00",
      "title": "总投资超100亿！长江新区5大重磅项目提速，最新施工现场实拍来了",
      "collection_id": "6a9a3c4b462e4bbfa78f4e63",
      "insert_len": 0,
      "status": "success"
    },
    {
      "url": "https://news.qq.com/rain/a/20260903A08TX000",
      "title": "",
      "collection_id": null,
      "insert_len": 0,
      "status": "failed",
      "error": "EOF occurred in violation of protocol (_ssl.c:1006)"
    },
    {
      "url": "https://news.qq.com/rain/a/20260903A08TUN00",
      "title": "27个高通量超级基站上线！贵州移动为山地应急通信筑起“双保险”",
      "collection_id": "6a9a3c4b462e4bbfa78f4e9b",
      "insert_len": 0,
      "status": "success"
    },
    {
      "url": "https://news.qq.com/rain/a/20260903A08UHV00",
      "title": "青春华章·豫见未来｜“蹲行医生”李创业：攀过命运这座山",
      "collection_id": "6a9a3c4c462e4bbfa78f4f24",
      "insert_len": 0,
      "status": "success"
    },
    {
      "url": "https://news.qq.com/rain/a/20260903A08TUR00",
      "title": "息烽：把帮扶的事，一件一件办好",
      "collection_id": "6a9a3c4c462e4bbfa78f4ee6",
      "insert_len": 0,
      "status": "success"
    },
    {
      "url": "https://news.qq.com/rain/a/20260903A08TJZ00",
      "title": "“00后”陈玉婕成中国女篮新队长，是校园篮球出身；李月汝因护照遗失缺席世界杯",
      "collection_id": "6a9a3c4c462e4bbfa78f4f54",
      "insert_len": 0,
      "status": "success"
    },
    {
      "url": "https://news.qq.com/rain/a/20260903A08UJZ00",
      "title": "2026 广州留学中介排行榜更新：头部机构格局洗牌，垂直精品机构异军突起",
      "collection_id": "6a9a3c4c462e4bbfa78f4fa6",
      "insert_len": 0,
      "status": "success"
    },
    {
      "url": "https://news.qq.com/rain/a/20260903A08U1L00",
      "title": "《龙信2》配置需求变了！优化终于改善 适用新DLC",
      "collection_id": "6a9a3c4d462e4bbfa78f4fde",
      "insert_len": 0,
      "status": "success"
    },
    {
      "url": "https://news.qq.com/rain/a/20260903A08TP100",
      "title": "“林肯”号航母抵达泰国芭堤雅，当地对美国水兵“约法三章”",
      "collection_id": "6a9a3c4d462e4bbfa78f5015",
      "insert_len": 0,
      "status": "success"
    },
    {
      "url": "https://news.qq.com/rain/a/20260903A08U7R00",
      "title": "《重症医学人工智能临床应用与治理专家共识（2026年版）》正式发布",
      "collection_id": "6a9a3c4d462e4bbfa78f5071",
      "insert_len": 0,
      "status": "success"
    },
    {
      "url": "https://news.qq.com/rain/a/20260903A08TW400",
      "title": "【预告】9月4日10城13宗地块挂牌截止，其中涉宅用地6宗",
      "collection_id": "6a9a3c4d462e4bbfa78f50a1",
      "insert_len": 0,
      "status": "success"
    },
    {
      "url": "https://news.qq.com/rain/a/20260903A08U0400",
      "title": "金价再现“过山车”行情     机构：黄金短期仍处于调整阶段",
      "collection_id": "6a9a3c4d462e4bbfa78f50e0",
      "insert_len": 0,
      "status": "success"
    },
    {
      "url": "https://news.qq.com/rain/a/20260903A08TOG00",
      "title": "哈工程成立我国首个乏燃料后处理与先进材料研究院",
      "collection_id": "6a9a3c4e462e4bbfa78f511f",
      "insert_len": 0,
      "status": "success"
    },
    {
      "url": "https://news.qq.com/rain/a/20260903A08SDJ00",
      "title": "以匠心守初心，来听这两位老师的讲述",
      "collection_id": "6a9a3c4e462e4bbfa78f513e",
      "insert_len": 0,
      "status": "success"
    },
    {
      "url": "https://news.qq.com/rain/a/20260903A08TVK00",
      "title": "受台风“沙德尔”等因素影响 强降雨袭击福建多地(2)",
      "collection_id": "6a9a3c4e462e4bbfa78f5182",
      "insert_len": 0,
      "status": "success"
    },
    {
      "url": "https://news.qq.com/rain/a/20260903A08UE100",
      "title": "",
      "collection_id": null,
      "insert_len": 0,
      "status": "failed",
      "error": "EOF occurred in violation of protocol (_ssl.c:1006)"
    },
    {
      "url": "https://news.qq.com/rain/a/20260903A08TYF00",
      "title": "徐雄任安庆市代市长 张君毅辞去市长职务",
      "collection_id": "6a9a3c4e462e4bbfa78f51d9",
      "insert_len": 0,
      "status": "success"
    },
    {
      "url": "https://news.qq.com/rain/a/20260903A04JJQ00",
      "title": "50万MPV杀疯！新一代理想MEGA被曝爆单：门店每人手握20个锁单",
      "collection_id": "6a9a3c4f462e4bbfa78f5209",
      "insert_len": 0,
      "status": "success"
    },
    {
      "url": "https://news.qq.com/rain/a/20260903A08U2M00",
      "title": "",
      "collection_id": null,
      "insert_len": 0,
      "status": "failed",
      "error": "EOF occurred in violation of protocol (_ssl.c:1006)"
    },
    {
      "url": "https://news.qq.com/rain/a/20260903A08TUP00",
      "title": "2026重庆秋交会启幕27个“好房子”项目集中亮相",
      "collection_id": "6a9a3c4f462e4bbfa78f524a",
      "insert_len": 0,
      "status": "success"
    },
    {
      "url": "https://news.qq.com/rain/a/20260903A08TUK00",
      "title": "贵州商学院图书馆“宏图专班”开展2026暑期“三下乡”爱国主义教育活动",
      "collection_id": "6a9a3c50462e4bbfa78f5291",
      "insert_len": 0,
      "status": "success"
    },
    {
      "url": "https://news.qq.com/rain/a/20260903A08TRJ00",
      "title": "受“沙德尔”影响广东多地今天雨势猛烈，明天起降雨将逐渐减弱",
      "collection_id": "6a9a3c50462e4bbfa78f52ca",
      "insert_len": 0,
      "status": "success"
    },
    {
      "url": "https://news.qq.com/rain/a/20260903A08U9800",
      "title": "青海省国有资产投资管理有限公司原党委委员、总经理姚洪仲严重违纪违法被开除党籍",
      "collection_id": "6a9a3c51462e4bbfa78f5304",
      "insert_len": 0,
      "status": "success"
    },
    {
      "url": "https://news.qq.com/rain/a/20260903A08UVA00",
      "title": "",
      "collection_id": null,
      "insert_len": 0,
      "status": "failed",
      "error": "EOF occurred in violation of protocol (_ssl.c:1006)"
    },
    {
      "url": "https://news.qq.com/rain/a/20260903A08TYC00",
      "title": "转弯未让直行，“砰”就撞上了……",
      "collection_id": "6a9a3c52462e4bbfa78f5340",
      "insert_len": 0,
      "status": "success"
    },
    {
      "url": "https://news.qq.com/rain/a/20260903A08TV100",
      "title": "天津市2026年全国科普月系列活动启动",
      "collection_id": "6a9a3c53462e4bbfa78f537b",
      "insert_len": 0,
      "status": "success"
    },
    {
      "url": "https://news.qq.com/rain/a/20260903A08U8100",
      "title": "",
      "collection_id": null,
      "insert_len": 0,
      "status": "failed",
      "error": "新闻内容过短。"
    },
    {
      "url": "https://news.qq.com/rain/a/20260903A08V1J00",
      "title": "港交所：今年前七个月交叉货币掉期结算量逾972亿美元 创同期纪录新高",
      "collection_id": "6a9a3c55462e4bbfa78f5440",
      "insert_len": 0,
      "status": "success"
    },
    {
      "url": "https://news.qq.com/rain/a/20260903A08UNG00",
      "title": "国家京剧院“京剧武旦人才培养班”在京结业汇报演出",
      "collection_id": "6a9a3c54462e4bbfa78f53c3",
      "insert_len": 0,
      "status": "success"
    },
    {
      "url": "https://news.qq.com/rain/a/20260903A08U3N00",
      "title": "青春守药人｜承古方烟火底蕴赋本草时代新声",
      "collection_id": "6a9a3c54462e4bbfa78f53f3",
      "insert_len": 0,
      "status": "success"
    },
    {
      "url": "https://news.qq.com/rain/a/20260903A08TXS00",
      "title": "",
      "collection_id": null,
      "insert_len": 0,
      "status": "failed",
      "error": "EOF occurred in violation of protocol (_ssl.c:1006)"
    },
    {
      "url": "https://news.qq.com/rain/a/20260903A08UHG00",
      "title": "省应急委办公室发布紧急通知：进一步强化人员转移避险和高风险区域巡查防守",
      "collection_id": "6a9a3c55462e4bbfa78f5477",
      "insert_len": 0,
      "status": "success"
    },
    {
      "url": "https://news.qq.com/rain/a/20260903A08UI300",
      "title": "特朗普称随时准备再袭伊朗 联合国秘书长对美伊交火“严重关切”",
      "collection_id": "6a9a3c55462e4bbfa78f54b0",
      "insert_len": 0,
      "status": "success"
    },
    {
      "url": "https://news.qq.com/rain/a/20260903A08UFB00",
      "title": "外交部正告日本右翼势力：坚持和平发展才是正道",
      "collection_id": "6a9a3c55462e4bbfa78f54e0",
      "insert_len": 0,
      "status": "success"
    },
    {
      "url": "https://news.qq.com/rain/a/20260903A08TXQ00",
      "title": "向富向强向美：法典时代固废活出绿色生命力|文汇讲堂",
      "collection_id": "6a9a3c58462e4bbfa78f5692",
      "insert_len": 0,
      "status": "success"
    },
    {
      "url": "https://news.qq.com/rain/a/20260903A087S600",
      "title": "550天没进组赵露思转身当老板，监制首部短剧开机斩814万观看自创品牌月销破千万",
      "collection_id": "6a9a3c56462e4bbfa78f5567",
      "insert_len": 0,
      "status": "success"
    },
    {
      "url": "https://news.qq.com/rain/a/20260903A08H4A00",
      "title": "延迟退休+缴费年限双调整，现在交社保，一定要看清这两个关键点",
      "collection_id": "6a9a3c56462e4bbfa78f551f",
      "insert_len": 0,
      "status": "success"
    },
    {
      "url": "https://news.qq.com/rain/a/20260903A08UZS00",
      "title": "雅本化学：控股股东解除质押922万股 累计质押32.34%持股",
      "collection_id": "6a9a3c57462e4bbfa78f55b4",
      "insert_len": 0,
      "status": "success"
    },
    {
      "url": "https://news.qq.com/rain/a/20260903A08UIZ00",
      "title": "央行：截至二季度末全国开立银行账户156.58亿户，移动支付金额144.07万亿元",
      "collection_id": "6a9a3c57462e4bbfa78f55e4",
      "insert_len": 0,
      "status": "success"
    },
    {
      "url": "https://news.qq.com/rain/a/20260903A08U8600",
      "title": "CCCC2026大会热点㉑｜ECMO的实施，从规范到精准",
      "collection_id": "6a9a3c57462e4bbfa78f5623",
      "insert_len": 0,
      "status": "success"
    },
    {
      "url": "https://news.qq.com/rain/a/20260903A08TS000",
      "title": "视频丨“赛考斯”：我的心有一部分留在了中国",
      "collection_id": "6a9a3c57462e4bbfa78f5653",
      "insert_len": 0,
      "status": "success"
    },
    {
      "url": "https://news.qq.com/rain/a/20260903A08V9E00",
      "title": "央行：截至二季度末全国开立银行账户156.58亿户，移动支付金额144.07万亿元",
      "collection_id": "6a9a3c58462e4bbfa78f56de",
      "insert_len": 0,
      "status": "success"
    },
    {
      "url": "https://news.qq.com/rain/a/20260903A08UQE00",
      "title": "又一历史性跨越！光伏成为中国第一大电源，但角落里的煤电仍在默默兜底｜经观中国",
      "collection_id": "6a9a3c58462e4bbfa78f5703",
      "insert_len": 0,
      "status": "success"
    },
    {
      "url": "https://news.qq.com/rain/a/20260903A08UGD00",
      "title": "四川大学华西天府医院小儿外科病房正式启用",
      "collection_id": "6a9a3c58462e4bbfa78f5764",
      "insert_len": 0,
      "status": "success"
    },
    {
      "url": "https://news.qq.com/rain/a/20260903A08U8E00",
      "title": "",
      "collection_id": null,
      "insert_len": 0,
      "status": "failed",
      "error": "新闻内容过短。"
    },
    {
      "url": "https://news.qq.com/rain/a/20260903A08UGI00",
      "title": "一条公交线的“进化”：成都454路织就“大小循环”，接住3万余人的出行日常",
      "collection_id": "6a9a3c59462e4bbfa78f57bc",
      "insert_len": 0,
      "status": "success"
    },
    {
      "url": "https://news.qq.com/rain/a/20260903A08UL000",
      "title": "",
      "collection_id": null,
      "insert_len": 0,
      "status": "failed",
      "error": "EOF occurred in violation of protocol (_ssl.c:1006)"
    },
    {
      "url": "https://news.qq.com/rain/a/20260903A08UMX00",
      "title": "外交部：越南无权对中国在西沙群岛开展必要建设说三道四",
      "collection_id": "6a9a3c59462e4bbfa78f57ff",
      "insert_len": 0,
      "status": "success"
    },
    {
      "url": "https://news.qq.com/rain/a/20260903A08TUQ00",
      "title": "千里之约，山海同心！青海藏族少年与贵州布依学子的新学期问候",
      "collection_id": "6a9a3c59462e4bbfa78f5836",
      "insert_len": 0,
      "status": "success"
    },
    {
      "url": "https://news.qq.com/rain/a/20260903A08UYV00",
      "title": "IPO雷达丨建邦金属三闯港交所，遭证监会点名补材料：拆除红筹细节如何？控制权因何生变？",
      "collection_id": "6a9a3c59462e4bbfa78f5871",
      "insert_len": 0,
      "status": "success"
    },
    {
      "url": "https://news.qq.com/rain/a/20260903A08UYX00",
      "title": "传优良家风 润万家心田！硕放街道这场家风活动暖心启幕",
      "collection_id": "6a9a3c5a462e4bbfa78f58a1",
      "insert_len": 0,
      "status": "success"
    },
    {
      "url": "https://news.qq.com/rain/a/20260903A08T4V00",
      "title": "区委常委会召开会议",
      "collection_id": "6a9a3c5a462e4bbfa78f58d1",
      "insert_len": 0,
      "status": "success"
    },
    {
      "url": "https://news.qq.com/rain/a/20260903A08F9F00",
      "title": "药博会特刊｜渭源：深耕中药材全产业链 助推县域经济高质量发展",
      "collection_id": "6a9a3c5a462e4bbfa78f591b",
      "insert_len": 0,
      "status": "success"
    },
    {
      "url": "https://news.qq.com/rain/a/20260903A08SCP00",
      "title": "视频丨吉隆口岸核心区救援持续推进 多手段监测防范次生灾害",
      "collection_id": "6a9a3c5a462e4bbfa78f5960",
      "insert_len": 0,
      "status": "success"
    },
    {
      "url": "https://news.qq.com/rain/a/20260903A08UYU00",
      "title": "财中ETF风向标｜传媒出海景气抬升盈利中枢，传媒ETF广发(512980)聚焦分红与AI商业化主线",
      "collection_id": "6a9a3c5a462e4bbfa78f59a1",
      "insert_len": 0,
      "status": "success"
    },
    {
      "url": "https://news.qq.com/rain/a/20260903A08UX800",
      "title": "森特股份：控股股东刘爱森已斥资7501万元增持569万股",
      "collection_id": "6a9a3c5a462e4bbfa78f59da",
      "insert_len": 0,
      "status": "success"
    },
    {
      "url": "https://news.qq.com/rain/a/20260903A08UZB00",
      "title": "上海洗霸：控股股东王炜质押560万股，占总股本3.19%",
      "collection_id": "6a9a3c5b462e4bbfa78f5a23",
      "insert_len": 0,
      "status": "success"
    },
    {
      "url": "https://news.qq.com/rain/a/20260903A08TXE00",
      "title": "【工作动态】运城市城管局一行莅临太原城管指挥中心考察调研",
      "collection_id": "6a9a3c5b462e4bbfa78f5a53",
      "insert_len": 0,
      "status": "success"
    },
    {
      "url": "https://news.qq.com/rain/a/20260903A08V9700",
      "title": "",
      "collection_id": null,
      "insert_len": 0,
      "status": "failed",
      "error": "新闻内容过短。"
    },
    {
      "url": "https://news.qq.com/rain/a/20260903A08UXP00",
      "title": "拉芳家化：控股股东吴桂谦延期购回105万股",
      "collection_id": "6a9a3c5b462e4bbfa78f5a83",
      "insert_len": 0,
      "status": "success"
    },
    {
      "url": "https://news.qq.com/rain/a/20260903A08V2E00",
      "title": "湘江新区落地一支人工智能基金 目标规模高达10亿元",
      "collection_id": "6a9a3c5c462e4bbfa78f5aca",
      "insert_len": 0,
      "status": "success"
    },
    {
      "url": "https://news.qq.com/rain/a/20260903A08UI600",
      "title": "温州一国道上方悬空“长”出大树，怎么回事？",
      "collection_id": "6a9a3c5c462e4bbfa78f5afa",
      "insert_len": 0,
      "status": "success"
    },
    {
      "url": "https://news.qq.com/rain/a/20260903A08UF600",
      "title": "哈尔滨工业大学北京研究院孵化器关于公开征集入孵项目的公告",
      "collection_id": "6a9a3c5d462e4bbfa78f5b6d",
      "insert_len": 0,
      "status": "success"
    },
    {
      "url": "https://news.qq.com/rain/a/20260903A08UMB00",
      "title": "",
      "collection_id": null,
      "insert_len": 0,
      "status": "failed",
      "error": "新闻内容过短。"
    },
    {
      "url": "https://news.qq.com/rain/a/20260903A08US700",
      "title": "",
      "collection_id": null,
      "insert_len": 0,
      "status": "failed",
      "error": "新闻内容过短。"
    },
    {
      "url": "https://news.qq.com/rain/a/20260903A08UZP00",
      "title": "石化油服：董事长吴柏志辞任",
      "collection_id": "6a9a3c5d462e4bbfa78f5b3d",
      "insert_len": 0,
      "status": "success"
    },
    {
      "url": "https://news.qq.com/rain/a/20260903A08U5G00",
      "title": "",
      "collection_id": null,
      "insert_len": 0,
      "status": "failed",
      "error": "EOF occurred in violation of protocol (_ssl.c:1006)"
    },
    {
      "url": "https://news.qq.com/rain/a/20260903A08V0J00",
      "title": "杭州银行董事长宋剑斌：严守资产质量底线，坚持量的合理增长",
      "collection_id": "6a9a3c5d462e4bbfa78f5bc7",
      "insert_len": 0,
      "status": "success"
    },
    {
      "url": "https://news.qq.com/rain/a/20260903A08UK800",
      "title": "潮评丨空调市场份额41%之后，中国家电如何在欧洲市场站稳",
      "collection_id": "6a9a3c5d462e4bbfa78f5bf7",
      "insert_len": 0,
      "status": "success"
    },
    {
      "url": "https://news.qq.com/rain/a/20260903A08TVY00",
      "title": "踏梦京冀促交融 同心聚力启新程——轮台县召开第一批“我从新疆来·一路向北京”交往交流交融活动行前动员会",
      "collection_id": "6a9a3c5e462e4bbfa78f5c43",
      "insert_len": 0,
      "status": "success"
    },
    {
      "url": "https://news.qq.com/rain/a/20260903A08V4N00",
      "title": "上半年利润大增55.8%，无锡集成电路产业接住AI红利",
      "collection_id": "6a9a3c5e462e4bbfa78f5c98",
      "insert_len": 0,
      "status": "success"
    },
    {
      "url": "https://news.qq.com/rain/a/20260903A08V9G00",
      "title": "花园生物：获得出口欧盟原料药证明文件及药品出口销售证明",
      "collection_id": "6a9a3c5e462e4bbfa78f5c78",
      "insert_len": 0,
      "status": "success"
    },
    {
      "url": "https://news.qq.com/rain/a/20260903A08UG800",
      "title": "毛向云被开除党籍",
      "collection_id": "6a9a3c5e462e4bbfa78f5d0e",
      "insert_len": 0,
      "status": "success"
    },
    {
      "url": "https://news.qq.com/rain/a/20260903A08U7X00",
      "title": "东吴证券2026年半年报：财富管理突破万亿AUM，内生迭代与外延增长，夯实长期成长底座",
      "collection_id": "6a9a3c5f462e4bbfa78f5d6f",
      "insert_len": 0,
      "status": "success"
    },
    {
      "url": "https://news.qq.com/rain/a/20260903A08V3T00",
      "title": "海南长臂猿“联姻自救” 中国科研团队揭示种群延续关键",
      "collection_id": "6a9a3c5e462e4bbfa78f5d3e",
      "insert_len": 0,
      "status": "success"
    },
    {
      "url": "https://news.qq.com/rain/a/20260903A08UZT00",
      "title": "明阳智能：副总裁王成奎增持11万股 金额约101万元",
      "collection_id": "6a9a3c5f462e4bbfa78f5db2",
      "insert_len": 0,
      "status": "success"
    },
    {
      "url": "https://news.qq.com/rain/a/20260903A08V0Z00",
      "title": "苹果前高管创业，打造具身视觉大脑，融资11亿",
      "collection_id": "6a9a3c5f462e4bbfa78f5df3",
      "insert_len": 0,
      "status": "success"
    },
    {
      "url": "https://news.qq.com/rain/a/20260903A08U2000",
      "title": "收到短信尽快处理！汕头新增电子眼抓拍摩电…",
      "collection_id": "6a9a3c5f462e4bbfa78f5e2c",
      "insert_len": 0,
      "status": "success"
    },
    {
      "url": "https://news.qq.com/rain/a/20260903A08V0600",
      "title": "震裕科技：控股股东蒋震林“解旧押新”946万股 累计质押42.6%持股",
      "collection_id": "6a9a3c5f462e4bbfa78f5e65",
      "insert_len": 0,
      "status": "success"
    },
    {
      "url": "https://news.qq.com/rain/a/20260903A08VBA00",
      "title": "",
      "collection_id": null,
      "insert_len": 0,
      "status": "failed",
      "error": "EOF occurred in violation of protocol (_ssl.c:1006)"
    },
    {
      "url": "https://news.qq.com/rain/a/20260903A08TWB00",
      "title": "",
      "collection_id": null,
      "insert_len": 0,
      "status": "failed",
      "error": "新闻内容过短。"
    },
    {
      "url": "https://news.qq.com/rain/a/20260903A08V5400",
      "title": "",
      "collection_id": null,
      "insert_len": 0,
      "status": "failed",
      "error": "EOF occurred in violation of protocol (_ssl.c:1006)"
    },
    {
      "url": "https://news.qq.com/rain/a/20260903A08UK900",
      "title": "潮评丨无人机与一双泥腿：科技向善人心亦向暖",
      "collection_id": "6a9a3c60462e4bbfa78f5ea6",
      "insert_len": 0,
      "status": "success"
    },
    {
      "url": "https://news.qq.com/rain/a/20260903A08TWT00",
      "title": "撑过这场雨 天气即将转晴！晾晒可以安排了",
      "collection_id": "6a9a3c61462e4bbfa78f5ee2",
      "insert_len": 0,
      "status": "success"
    },
    {
      "url": "https://news.qq.com/rain/a/20260903A08UOD00",
      "title": "台风后积水有多脏？混入垃圾锈铁，破伤风、败血症风险双双飙升",
      "collection_id": "6a9a3c61462e4bbfa78f5f1b",
      "insert_len": 0,
      "status": "success"
    },
    {
      "url": "https://news.qq.com/rain/a/20260903A08UX500",
      "title": "",
      "collection_id": null,
      "insert_len": 0,
      "status": "failed",
      "error": "新闻内容过短。"
    },
    {
      "url": "https://news.qq.com/rain/a/20260903A08UY600",
      "title": "蓝思科技：将全面推进机器人产能落地与量产交付工作",
      "collection_id": "6a9a3c62462e4bbfa78f5f53",
      "insert_len": 0,
      "status": "success"
    },
    {
      "url": "https://news.qq.com/rain/a/20260903A08V9200",
      "title": "复星医药：控股子公司芦沃美替尼片新增适应症获国家药监局批准",
      "collection_id": "6a9a3c62462e4bbfa78f5f8c",
      "insert_len": 0,
      "status": "success"
    },
    {
      "url": "https://news.qq.com/rain/a/20260903A08V2B00",
      "title": "新城控股：富域发展质押4413.06万股用于为优化子公司债务结构提供担保",
      "collection_id": "6a9a3c62462e4bbfa78f5fbc",
      "insert_len": 0,
      "status": "success"
    },
    {
      "url": "https://news.qq.com/rain/a/20260903A08UTR00",
      "title": "湖南怀化破获跨省盗墓大案，13人落网，7人被批准逮捕、6人移交江西",
      "collection_id": "6a9a3c63462e4bbfa78f5ffc",
      "insert_len": 0,
      "status": "success"
    },
    {
      "url": "https://news.qq.com/rain/a/20260903A08UDM00",
      "title": "新华社消息｜外交部：越南无权对中国在西沙群岛开展必要建设说三道四",
      "collection_id": "6a9a3c63462e4bbfa78f602c",
      "insert_len": 0,
      "status": "success"
    },
    {
      "url": "https://news.qq.com/rain/a/20260903A08U0F00",
      "title": "再走长征路｜深山“薯”光：思南周寨村一颗红薯“链”起十万人生计",
      "collection_id": "6a9a3c63462e4bbfa78f606e",
      "insert_len": 0,
      "status": "success"
    },
    {
      "url": "https://news.qq.com/rain/a/20260903A08VJG00",
      "title": "",
      "collection_id": null,
      "insert_len": 0,
      "status": "failed",
      "error": "EOF occurred in violation of protocol (_ssl.c:1006)"
    },
    {
      "url": "https://news.qq.com/rain/a/20260903A08UTG00",
      "title": "驾驶证过期，出事故后保险公司拒赔？衡阳法院：超期未满一年，照赔",
      "collection_id": "6a9a3c64462e4bbfa78f60d2",
      "insert_len": 0,
      "status": "success"
    },
    {
      "url": "https://news.qq.com/rain/a/20260903A08TTW00",
      "title": "外交部：坚决遏制日本“新型军国主义”祸乱地区危害世界",
      "collection_id": "6a9a3c65462e4bbfa78f611b",
      "insert_len": 0,
      "status": "success"
    },
    {
      "url": "https://news.qq.com/rain/a/20260903A08UIL00",
      "title": "@中小学生 开学季这些道路交通安全问题要注意",
      "collection_id": "6a9a3c65462e4bbfa78f614b",
      "insert_len": 0,
      "status": "success"
    },
    {
      "url": "https://news.qq.com/rain/a/20260903A08VB200",
      "title": "“十五五”全民健身目标明确：建设身边“小而美”运动空间 到2030年人均体育场地面积达4平方米",
      "collection_id": "6a9a3c65462e4bbfa78f618a",
      "insert_len": 0,
      "status": "success"
    },
    {
      "url": "https://news.qq.com/rain/a/20260903A08UY900",
      "title": "新城控股：控股股东富域发展质押3.2%持股",
      "collection_id": "6a9a3c65462e4bbfa78f61ba",
      "insert_len": 0,
      "status": "success"
    },
    {
      "url": "https://news.qq.com/rain/a/20260903A08VAE00",
      "title": "",
      "collection_id": null,
      "insert_len": 0,
      "status": "failed",
      "error": "EOF occurred in violation of protocol (_ssl.c:1006)"
    },
    {
      "url": "https://news.qq.com/rain/a/20260903A08V0Q00",
      "title": "逸仙桥边的童年记忆",
      "collection_id": "6a9a3c66462e4bbfa78f61f9",
      "insert_len": 0,
      "status": "success"
    },
    {
      "url": "https://news.qq.com/rain/a/20260903A08V7300",
      "title": "",
      "collection_id": null,
      "insert_len": 0,
      "status": "failed",
      "error": "新闻内容过短。"
    },
    {
      "url": "https://news.qq.com/rain/a/20260903A08M6C00",
      "title": "“愤怒的小鱼”，成了国家级海洋牧场的顶流IP|活力中国调研行",
      "collection_id": "6a9a3c66462e4bbfa78f6232",
      "insert_len": 0,
      "status": "success"
    },
    {
      "url": "https://news.qq.com/rain/a/20260903A08V9B00",
      "title": "有色资源品基本面景气有望延续，哪个有色ETF适合定投？费率处于较低水平的有色ETF景顺(560290)备受关注",
      "collection_id": "6a9a3c67462e4bbfa78f626a",
      "insert_len": 0,
      "status": "success"
    },
    {
      "url": "https://news.qq.com/rain/a/20260903A08UZK00",
      "title": "ST人福：子公司RFUS-949片进入II期临床实验研究",
      "collection_id": "6a9a3c67462e4bbfa78f62b6",
      "insert_len": 0,
      "status": "success"
    },
    {
      "url": "https://news.qq.com/rain/a/20260903A08VBI00",
      "title": "CP列剩余自由球员：杜伦、布鲁斯-布朗、本西、乐福等",
      "collection_id": "6a9a3c67462e4bbfa78f62fe",
      "insert_len": 0,
      "status": "success"
    },
    {
      "url": "https://news.qq.com/rain/a/20260903A08V0D00",
      "title": "东方铁塔：昆明帝银取得采矿许可证及不动产权证书",
      "collection_id": "6a9a3c67462e4bbfa78f632e",
      "insert_len": 0,
      "status": "success"
    },
    {
      "url": "https://news.qq.com/rain/a/20260903A08VHC00",
      "title": "【百千万 | 新侨都】预计年产值10亿元！江门开平水口卫浴产业升级再落一子",
      "collection_id": "6a9a3c68462e4bbfa78f636e",
      "insert_len": 0,
      "status": "success"
    },
    {
      "url": "https://news.qq.com/rain/a/20260903A08UZJ00",
      "title": "以上届亚军身份出征2026世界杯，中国女篮迎奥运周期关键考验",
      "collection_id": "6a9a3c68462e4bbfa78f639e",
      "insert_len": 0,
      "status": "success"
    },
    {
      "url": "https://news.qq.com/rain/a/20260903A08VC700",
      "title": "勇媒：勇士可先让库里展现出自己的状态，再来探讨续约事宜",
      "collection_id": "6a9a3c68462e4bbfa78f63fe",
      "insert_len": 0,
      "status": "success"
    },
    {
      "url": "https://news.qq.com/rain/a/20260903A08UFK00",
      "title": "大连高二女生发明“AI中医” 晋级两大白名单国赛载誉而归",
      "collection_id": "6a9a3c68462e4bbfa78f63fc",
      "insert_len": 0,
      "status": "success"
    },
    {
      "url": "https://news.qq.com/rain/a/20260903A08VRR00",
      "title": "马云出手增持，阿里的800亿AI账怎么算？",
      "collection_id": "6a9a3c69462e4bbfa78f6437",
      "insert_len": 0,
      "status": "success"
    },
    {
      "url": "https://news.qq.com/rain/a/20260903A08UI000",
      "title": "“朋友们帮我看看，这是杭州哪座楼？”",
      "collection_id": "6a9a3c69462e4bbfa78f649d",
      "insert_len": 0,
      "status": "success"
    },
    {
      "url": "https://news.qq.com/rain/a/20260903A08UEP00",
      "title": "踏寻长征足迹 赓续红色血脉——中飞院学子张棋玉等赴四川阿坝州开展暑期社会实践",
      "collection_id": "6a9a3c69462e4bbfa78f6506",
      "insert_len": 0,
      "status": "success"
    },
    {
      "url": "https://news.qq.com/rain/a/20260903A08V8Q00",
      "title": "刘铮因伤缺席 陈盈骏、林庭谦领衔中国台北男篮亚运会12人参赛名单",
      "collection_id": "6a9a3c69462e4bbfa78f64d1",
      "insert_len": 0,
      "status": "success"
    },
    {
      "url": "https://news.qq.com/rain/a/20260903A08UP800",
      "title": "黄坤明孟凡利会见中国建设银行董事长张金良",
      "collection_id": "6a9a3c6a462e4bbfa78f6552",
      "insert_len": 0,
      "status": "success"
    },
    {
      "url": "https://news.qq.com/rain/a/20260903A08VQK00",
      "title": "澜起科技：预计2027年进入CXL规模商用元年，公司CXL 3.2 MXC芯片成功导入三星、海力士",
      "collection_id": "6a9a3c6a462e4bbfa78f659a",
      "insert_len": 0,
      "status": "success"
    },
    {
      "url": "https://news.qq.com/rain/a/20260903A08UA500",
      "title": "铭记历史 | 今天，我们走进蔡庄……",
      "collection_id": "6a9a3c6b462e4bbfa78f6615",
      "insert_len": 0,
      "status": "success"
    },
    {
      "url": "https://news.qq.com/rain/a/20260903A08VM100",
      "title": "",
      "collection_id": null,
      "insert_len": 0,
      "status": "failed",
      "error": "EOF occurred in violation of protocol (_ssl.c:1006)"
    },
    {
      "url": "https://news.qq.com/rain/a/20260903A08VQI00",
      "title": "蓝思科技：东莞松山湖园区已完成扩产及客户验证，加速推进高效液冷散热系统等产能爬坡",
      "collection_id": "6a9a3c6a462e4bbfa78f65dc",
      "insert_len": 0,
      "status": "success"
    },
    {
      "url": "https://news.qq.com/rain/a/20260903A08UOY00",
      "title": "",
      "collection_id": null,
      "insert_len": 0,
      "status": "failed",
      "error": "EOF occurred in violation of protocol (_ssl.c:1006)"
    },
    {
      "url": "https://news.qq.com/rain/a/20260903A08VQD00",
      "title": "超聚变充电设备落地惠州大亚湾，为港区重卡提供高效补能",
      "collection_id": "6a9a3c6b462e4bbfa78f6645",
      "insert_len": 0,
      "status": "success"
    },
    {
      "url": "https://news.qq.com/rain/a/20260903A08VB400",
      "title": "CBA：将于10月9日-11日在5个赛区同时举行2026-27赛季季前赛",
      "collection_id": "6a9a3c6b462e4bbfa78f6684",
      "insert_len": 0,
      "status": "success"
    },
    {
      "url": "https://news.qq.com/rain/a/20260903A08VE300",
      "title": "体检亮红灯，这届年轻人开始用AI减重",
      "collection_id": "6a9a3c6b462e4bbfa78f66b5",
      "insert_len": 0,
      "status": "success"
    },
    {
      "url": "https://news.qq.com/rain/a/20260903A08VKY00",
      "title": "3.8mm超薄开关！罗格朗逸联系列演绎墙面极简美学",
      "collection_id": "6a9a3c6c462e4bbfa78f66f4",
      "insert_len": 0,
      "status": "success"
    },
    {
      "url": "https://news.qq.com/rain/a/20260903A08VN200",
      "title": "中国驻尼泊尔使馆发布关于推迟举办“领事服务走基层”暨健康义诊活动的通知",
      "collection_id": "6a9a3c6c462e4bbfa78f6745",
      "insert_len": 0,
      "status": "success"
    },
    {
      "url": "https://news.qq.com/rain/a/20260903A08UVL00",
      "title": "最新提醒！莆田站部分列车停运",
      "collection_id": "6a9a3c6c462e4bbfa78f6776",
      "insert_len": 0,
      "status": "success"
    },
    {
      "url": "https://news.qq.com/rain/a/20260903A08VRB00",
      "title": "港交所：今年前七个月交叉货币掉期结算量逾972亿美元 创同期纪录新高",
      "collection_id": "6a9a3c6c462e4bbfa78f67ae",
      "insert_len": 0,
      "status": "success"
    },
    {
      "url": "https://news.qq.com/rain/a/20260903A08VAL00",
      "title": "《蜘蛛侠》“好基友”结婚！荷兰弟现身古堡见证爱情",
      "collection_id": "6a9a3c6c462e4bbfa78f67ed",
      "insert_len": 0,
      "status": "success"
    },
    {
      "url": "https://news.qq.com/rain/a/20260903A08VY100",
      "title": "谋先飞：破解具身智能数据难题，让机器人在仿真场景“触摸”真实世界",
      "collection_id": "6a9a3c6d462e4bbfa78f681d",
      "insert_len": 0,
      "status": "success"
    },
    {
      "url": "https://news.qq.com/rain/a/20260903A08VRM00",
      "title": "建邦科技取得一项牵引机器人发明专利 专利经济效益暂不确定",
      "collection_id": "6a9a3c6d462e4bbfa78f6859",
      "insert_len": 0,
      "status": "success"
    },
    {
      "url": "https://news.qq.com/rain/a/20260903A08VAV00",
      "title": "注意！省运会期间辽源部分路段及空域实施临时管制",
      "collection_id": "6a9a3c6d462e4bbfa78f6899",
      "insert_len": 0,
      "status": "success"
    },
    {
      "url": "https://news.qq.com/rain/a/20260903A08V1600",
      "title": "",
      "collection_id": null,
      "insert_len": 0,
      "status": "failed",
      "error": "EOF occurred in violation of protocol (_ssl.c:1006)"
    },
    {
      "url": "https://news.qq.com/rain/a/20260903A08VAU00",
      "title": "",
      "collection_id": null,
      "insert_len": 0,
      "status": "failed",
      "error": "新闻内容过短。"
    },
    {
      "url": "https://news.qq.com/rain/a/20260903A08V4O00",
      "title": "温州富豪携华峰系重启争议并购，华峰化学拟68.5亿元买兄弟公司，标的溢价均超350%",
      "collection_id": "6a9a3c6e462e4bbfa78f68dc",
      "insert_len": 0,
      "status": "success"
    },
    {
      "url": "https://news.qq.com/rain/a/20260903A08G7100",
      "title": "全球提着空箱子涌向中国",
      "collection_id": "6a9a3c6e462e4bbfa78f6921",
      "insert_len": 0,
      "status": "success"
    },
    {
      "url": "https://news.qq.com/rain/a/20260903A08VA300",
      "title": "国家体育总局：深化体育“饭圈”乱象整治 严肃整治行业乱象",
      "collection_id": "6a9a3c6f462e4bbfa78f69a4",
      "insert_len": 0,
      "status": "success"
    },
    {
      "url": "https://news.qq.com/rain/a/20260903A08VQF00",
      "title": "荷兰黄金大转移，从美国运出约86吨黄金",
      "collection_id": "6a9a3c6f462e4bbfa78f69d5",
      "insert_len": 0,
      "status": "success"
    },
    {
      "url": "https://news.qq.com/rain/a/20260903A08VX300",
      "title": "",
      "collection_id": null,
      "insert_len": 0,
      "status": "failed",
      "error": "EOF occurred in violation of protocol (_ssl.c:1006)"
    },
    {
      "url": "https://news.qq.com/rain/a/20260903A08VRH00",
      "title": "伊朗打击美军在阿联酋和科威特基地",
      "collection_id": "6a9a3c6f462e4bbfa78f6a14",
      "insert_len": 0,
      "status": "success"
    },
    {
      "url": "https://news.qq.com/rain/a/20260903A08VQH00",
      "title": "五矿新能：公司磷酸铁锂动力一烧4代产品启动量产筹备",
      "collection_id": "6a9a3c6f462e4bbfa78f6a44",
      "insert_len": 0,
      "status": "success"
    },
    {
      "url": "https://news.qq.com/rain/a/20260903A08VN900",
      "title": "【“拆临拆危、美化人居环境”攻坚行动】绿洲短评：干部沉下去 乡村美起来",
      "collection_id": "6a9a3c70462e4bbfa78f6a7d",
      "insert_len": 0,
      "status": "success"
    },
    {
      "url": "https://news.qq.com/rain/a/20260903A08VCR00",
      "title": "长护险报销规则现已正式明确，只要家中有失能老人，这篇内容值得一看！",
      "collection_id": "6a9a3c70462e4bbfa78f6abd",
      "insert_len": 0,
      "status": "success"
    },
    {
      "url": "https://news.qq.com/rain/a/20260903A08HMO00",
      "title": "涨停炸板再涨停！华盛昌上演极致拉锯，年内已暴涨406%！股王继续带飞CPO测试赛道",
      "collection_id": "6a9a3c70462e4bbfa78f6af6",
      "insert_len": 0,
      "status": "success"
    },
    {
      "url": "https://news.qq.com/rain/a/20260903A08V9V00",
      "title": "中粮科工：半年度业绩增长主要得益于机电交付业务的深入推进",
      "collection_id": "6a9a3c71462e4bbfa78f6b8a",
      "insert_len": 0,
      "status": "success"
    },
    {
      "url": "https://news.qq.com/rain/a/20260903A08VR900",
      "title": "超捷股份：公司在商业航天领域主要方向为商业火箭箭体结构件制造",
      "collection_id": "6a9a3c71462e4bbfa78f6b52",
      "insert_len": 0,
      "status": "success"
    },
    {
      "url": "https://news.qq.com/rain/a/20260903A08VDY00",
      "title": "“大猫”来了！国家二级保护动物猞猁现身凉山",
      "collection_id": "6a9a3c72462e4bbfa78f6bc3",
      "insert_len": 0,
      "status": "success"
    },
    {
      "url": "https://news.qq.com/rain/a/20260903A08V9T00",
      "title": "银行对公业绩：国有行规模质量双向好，股份行利息增长承压",
      "collection_id": "6a9a3c72462e4bbfa78f6bf4",
      "insert_len": 0,
      "status": "success"
    },
    {
      "url": "https://news.qq.com/rain/a/20260903A08VMR00",
      "title": "福冈男排亚锦赛倒计时1天海报人物→西田有志",
      "collection_id": "6a9a3c72462e4bbfa78f6c48",
      "insert_len": 0,
      "status": "success"
    },
    {
      "url": "https://news.qq.com/rain/a/20260903A08VTQ00",
      "title": "",
      "collection_id": null,
      "insert_len": 0,
      "status": "failed",
      "error": "EOF occurred in violation of protocol (_ssl.c:1006)"
    },
    {
      "url": "https://news.qq.com/rain/a/20260903A08VTJ00",
      "title": "",
      "collection_id": null,
      "insert_len": 0,
      "status": "failed",
      "error": "EOF occurred in violation of protocol (_ssl.c:1006)"
    },
    {
      "url": "https://news.qq.com/rain/a/20260903A08V8B00",
      "title": "10.25亿豪阵出炉！夏窗最贵十一人含金量，三亿中场撑起金元盛宴",
      "collection_id": "6a9a3c73462e4bbfa78f6c93",
      "insert_len": 0,
      "status": "success"
    },
    {
      "url": "https://news.qq.com/rain/a/20260903A08VQ800",
      "title": "",
      "collection_id": null,
      "insert_len": 0,
      "status": "failed",
      "error": "EOF occurred in violation of protocol (_ssl.c:1006)"
    },
    {
      "url": "https://news.qq.com/rain/a/20260903A08V9000",
      "title": "强厄尔尼诺+AI算力用电催化，电力板块市场关注度有望提升，电力主题类基金哪个好？电力ETF景顺(159158)兼顾防御与成长弹性",
      "collection_id": "6a9a3c75462e4bbfa78f6cd0",
      "insert_len": 0,
      "status": "success"
    },
    {
      "url": "https://news.qq.com/rain/a/20260903A08VRO00",
      "title": "长江材料：实控人熊杰减持0.99%股份 权益变动触及1%",
      "collection_id": "6a9a3c75462e4bbfa78f6d15",
      "insert_len": 0,
      "status": "success"
    },
    {
      "url": "https://news.qq.com/rain/a/20260903A08VNS00",
      "title": "",
      "collection_id": null,
      "insert_len": 0,
      "status": "failed",
      "error": "EOF occurred in violation of protocol (_ssl.c:1006)"
    },
    {
      "url": "https://news.qq.com/rain/a/20260903A08UYY00",
      "title": "老太带孙子半年确诊焦虑症  心理专家：这是身体在替她发声",
      "collection_id": "6a9a3c77462e4bbfa78f6d55",
      "insert_len": 0,
      "status": "success"
    },
    {
      "url": "https://news.qq.com/rain/a/20260903A08VU900",
      "title": "",
      "collection_id": null,
      "insert_len": 0,
      "status": "failed",
      "error": "EOF occurred in violation of protocol (_ssl.c:1006)"
    },
    {
      "url": "https://news.qq.com/rain/a/20260903A08VRK00",
      "title": "",
      "collection_id": null,
      "insert_len": 0,
      "status": "failed",
      "error": "EOF occurred in violation of protocol (_ssl.c:1006)"
    },
    {
      "url": "https://news.qq.com/rain/a/20260903A08VQW00",
      "title": "上季业绩全面超预期 Snowflake盘前飙升超23%",
      "collection_id": "6a9a3c78462e4bbfa78f6d8f",
      "insert_len": 0,
      "status": "success"
    },
    {
      "url": "https://news.qq.com/rain/a/20260903A08VQG00",
      "title": "光洋股份：股票交易异常波动 无应披露未披露事项",
      "collection_id": "6a9a3c7b462e4bbfa78f6dc8",
      "insert_len": 0,
      "status": "success"
    },
    {
      "url": "https://news.qq.com/rain/a/20260903A08HZT00",
      "title": "刘永谋：科普中的价值观引导",
      "collection_id": "6a9a3c7c462e4bbfa78f6e36",
      "insert_len": 0,
      "status": "success"
    },
    {
      "url": "https://news.qq.com/rain/a/20260903A08V3V00",
      "title": "全国唯一拥有两所“211”高校的县级市迎来5500多名新生",
      "collection_id": "6a9a3c7b462e4bbfa78f6dff",
      "insert_len": 0,
      "status": "success"
    },
    {
      "url": "https://news.qq.com/rain/a/20260903A08VUR00",
      "title": "",
      "collection_id": null,
      "insert_len": 0,
      "status": "failed",
      "error": "新闻内容过短。"
    },
    {
      "url": "https://news.qq.com/rain/a/20260903A08VVQ00",
      "title": "AI安全需求正酣！营收猛增29%且亏损收窄，NetskopeQ2超预期引爆盘前飙涨超10%",
      "collection_id": "6a9a3c7c462e4bbfa78f6e6d",
      "insert_len": 0,
      "status": "success"
    },
    {
      "url": "https://news.qq.com/rain/a/20260903A08VQY00",
      "title": "瑞银：太古A加速国泰航空可转债交易 维持“中性”评级",
      "collection_id": "6a9a3c7c462e4bbfa78f6e9d",
      "insert_len": 0,
      "status": "success"
    },
    {
      "url": "https://news.qq.com/rain/a/20260903A08VXL00",
      "title": "Omdia最新市场研究报告：OceanBase位居亚太分布式数据库市场第一",
      "collection_id": "6a9a3c7d462e4bbfa78f6ecd",
      "insert_len": 0,
      "status": "success"
    },
    {
      "url": "https://news.qq.com/rain/a/20260903A08VRV00",
      "title": "华康洁净：9018.65万元中标项目被废标",
      "collection_id": "6a9a3c7d462e4bbfa78f6f20",
      "insert_len": 0,
      "status": "success"
    },
    {
      "url": "https://news.qq.com/rain/a/20260903A08VA700",
      "title": "中央戏剧学院原创跨媒介戏剧《裂缝之爱》亮相英国爱丁堡艺穗节",
      "collection_id": "6a9a3c7d462e4bbfa78f6f50",
      "insert_len": 0,
      "status": "success"
    },
    {
      "url": "https://news.qq.com/rain/a/20260903A08VLL00",
      "title": "2026上海外环500万总价板块推荐：地铁交通配套成熟的刚需上车盘，松江泗泾500万买3-4房",
      "collection_id": "6a9a3c7d462e4bbfa78f6f87",
      "insert_len": 0,
      "status": "success"
    },
    {
      "url": "https://news.qq.com/rain/a/20260903A08VRE00",
      "title": "复星医药：控股子公司芦沃美替尼片新增适应症获国家药监局批准",
      "collection_id": "6a9a3c7d462e4bbfa78f6fc3",
      "insert_len": 0,
      "status": "success"
    },
    {
      "url": "https://news.qq.com/rain/a/20260903A08V9O00",
      "title": "超大城区基础教育如何发展？广州白云抓住“优质、均衡”破题",
      "collection_id": "6a9a3c7e462e4bbfa78f700b",
      "insert_len": 0,
      "status": "success"
    },
    {
      "url": "https://news.qq.com/rain/a/20260903A08VL300",
      "title": "禅城山姆亮灯、佛山万象天地即将开业！逛吃又有新去处",
      "collection_id": "6a9a3c7e462e4bbfa78f7043",
      "insert_len": 0,
      "status": "success"
    },
    {
      "url": "https://news.qq.com/rain/a/20260903A08VR400",
      "title": "",
      "collection_id": null,
      "insert_len": 0,
      "status": "failed",
      "error": "EOF occurred in violation of protocol (_ssl.c:1006)"
    },
    {
      "url": "https://news.qq.com/rain/a/20260903A08V4Z00",
      "title": "乳业，拐点确认！",
      "collection_id": "6a9a3c7e462e4bbfa78f708a",
      "insert_len": 0,
      "status": "success"
    },
    {
      "url": "https://news.qq.com/rain/a/20260903A08WD700",
      "title": "走不进学校的孩子，到底怎么想的？",
      "collection_id": "6a9a3c7e462e4bbfa78f70c7",
      "insert_len": 0,
      "status": "success"
    },
    {
      "url": "https://news.qq.com/rain/a/20260903A08VXB00",
      "title": "西甲各队阵容平均年龄榜：巴萨24.4岁最低，皇马25.7岁",
      "collection_id": "6a9a3c7e462e4bbfa78f70f2",
      "insert_len": 0,
      "status": "success"
    },
    {
      "url": "https://news.qq.com/rain/a/20260903A08VMB00",
      "title": "",
      "collection_id": null,
      "insert_len": 0,
      "status": "failed",
      "error": "EOF occurred in violation of protocol (_ssl.c:1006)"
    },
    {
      "url": "https://news.qq.com/rain/a/20260903A08VQJ00",
      "title": "黄仁勋：不用AI就会被甩在后面",
      "collection_id": "6a9a3c7f462e4bbfa78f7147",
      "insert_len": 0,
      "status": "success"
    },
    {
      "url": "https://news.qq.com/rain/a/20260903A08VXV00",
      "title": "世界动力电池大会高端对话：多元场景牵引，技术迭代迈向“好用”又“耐用”",
      "collection_id": "6a9a3c7f462e4bbfa78f717e",
      "insert_len": 0,
      "status": "success"
    },
    {
      "url": "https://news.qq.com/rain/a/20260903A08VQO00",
      "title": "蓝思科技：公司在北美和国内头部机器人客户已实现核心卡位，累计出货量居行业前列",
      "collection_id": "6a9a3c80462e4bbfa78f71b6",
      "insert_len": 0,
      "status": "success"
    },
    {
      "url": "https://news.qq.com/rain/a/20260903A08VOK00",
      "title": "我市开展2026年“慈善一日捐”现场捐款活动",
      "collection_id": "6a9a3c80462e4bbfa78f71ee",
      "insert_len": 0,
      "status": "success"
    },
    {
      "url": "https://news.qq.com/rain/a/20260903A08VQQ00",
      "title": "甘肃能化：8亿元科技创新公司债券将在深交所上市",
      "collection_id": "6a9a3c80462e4bbfa78f721e",
      "insert_len": 0,
      "status": "success"
    },
    {
      "url": "https://news.qq.com/rain/a/20260903A08VXU00",
      "title": "致胜罚球还是婚礼更紧张？米切尔：罚球每天都练，婚礼真紧张",
      "collection_id": "6a9a3c81462e4bbfa78f728d",
      "insert_len": 0,
      "status": "success"
    },
    {
      "url": "https://news.qq.com/rain/a/20260903A08W4P00",
      "title": "AI算力散热需求井喷 中金看好光通信液冷赛道千亿空间",
      "collection_id": "6a9a3c81462e4bbfa78f725d",
      "insert_len": 0,
      "status": "success"
    },
    {
      "url": "https://news.qq.com/rain/a/20260903A08VRN00",
      "title": "澜起科技：MXC芯片长期市场空间广阔",
      "collection_id": "6a9a3c82462e4bbfa78f72d0",
      "insert_len": 0,
      "status": "success"
    },
    {
      "url": "https://news.qq.com/rain/a/20260903A08VXI00",
      "title": "南安普顿官方：美国国脚唐斯租借加盟美职联圣路易斯城",
      "collection_id": "6a9a3c82462e4bbfa78f7301",
      "insert_len": 0,
      "status": "success"
    },
    {
      "url": "https://news.qq.com/rain/a/20260903A08VNF00",
      "title": "让自然资源要素竞相“奔流”",
      "collection_id": "6a9a3c83462e4bbfa78f733b",
      "insert_len": 0,
      "status": "success"
    },
    {
      "url": "https://news.qq.com/rain/a/20260903A08VU000",
      "title": "“喜马拉雅海啸”灾情持续恶化！尼泊尔1252人死亡、4875人失联",
      "collection_id": "6a9a3c90462e4bbfa78f7d6f",
      "insert_len": 0,
      "status": "success"
    },
    {
      "url": "https://news.qq.com/rain/a/20260903A08VTG00",
      "title": "重庆高速开展“百日攻坚”行动 全力保障路网运行安全",
      "collection_id": "6a9a3c83462e4bbfa78f7397",
      "insert_len": 0,
      "status": "success"
    },
    {
      "url": "https://news.qq.com/rain/a/20260903A08VND00",
      "title": "",
      "collection_id": null,
      "insert_len": 0,
      "status": "failed",
      "error": "新闻内容过短。"
    },
    {
      "url": "https://news.qq.com/rain/a/20260903A08VKH00",
      "title": "",
      "collection_id": null,
      "insert_len": 0,
      "status": "failed",
      "error": "新闻内容过短。"
    },
    {
      "url": "https://news.qq.com/rain/a/20260903A08VQB00",
      "title": "摩尔线程：公司已打通具身智能完整链路",
      "collection_id": "6a9a3c84462e4bbfa78f7426",
      "insert_len": 0,
      "status": "success"
    },
    {
      "url": "https://news.qq.com/rain/a/20260903A08VXQ00",
      "title": "安顿：智能穿戴的下半场正从“记录数据”转向“读懂身体”",
      "collection_id": "6a9a3c84462e4bbfa78f73db",
      "insert_len": 0,
      "status": "success"
    },
    {
      "url": "https://news.qq.com/rain/a/20260903A08J6E00",
      "title": "让买房资金更安全、行业发展更健康",
      "collection_id": "6a9a3c84462e4bbfa78f7428",
      "insert_len": 0,
      "status": "success"
    },
    {
      "url": "https://news.qq.com/rain/a/20260903A08WIT00",
      "title": "在岸人民币兑美元收盘报6.7181，较上一交易日上涨38点",
      "collection_id": "6a9a3c85462e4bbfa78f749c",
      "insert_len": 0,
      "status": "success"
    },
    {
      "url": "https://news.qq.com/rain/a/20260903A08VT400",
      "title": "新一代豆包手机9月上市：和传统AI手机有本质区别",
      "collection_id": "6a9a3c85462e4bbfa78f74cc",
      "insert_len": 0,
      "status": "success"
    },
    {
      "url": "https://news.qq.com/rain/a/20260903A08VRC00",
      "title": "天赐材料：公司聚焦锂离子电池材料为核心的新能源材料业务",
      "collection_id": "6a9a3c85462e4bbfa78f750c",
      "insert_len": 0,
      "status": "success"
    },
    {
      "url": "https://news.qq.com/rain/a/20260903A08VRS00",
      "title": "明阳智能：副总裁兼董秘王成奎增持10.8万股",
      "collection_id": "6a9a3c86462e4bbfa78f7543",
      "insert_len": 0,
      "status": "success"
    },
    {
      "url": "https://news.qq.com/rain/a/20260903A08VZZ00",
      "title": "股价较高点跌幅超60%，上半年收入不及预期，小摩上调智谱目标价至2000港元",
      "collection_id": "6a9a3c86462e4bbfa78f7573",
      "insert_len": 0,
      "status": "success"
    },
    {
      "url": "https://news.qq.com/rain/a/20260903A08W6A00",
      "title": "",
      "collection_id": null,
      "insert_len": 0,
      "status": "failed",
      "error": "新闻内容过短。"
    },
    {
      "url": "https://news.qq.com/rain/a/20260903A08VTV00",
      "title": "40亿欧元豪购，英超的“内卷”与欧洲的“活路”",
      "collection_id": "6a9a3c86462e4bbfa78f75b4",
      "insert_len": 0,
      "status": "success"
    },
    {
      "url": "https://news.qq.com/rain/a/20260903A08W3D00",
      "title": "楼市规则彻底改写：新政后，开发商、购房者与银行的三方博弈",
      "collection_id": "6a9a3c86462e4bbfa78f75ec",
      "insert_len": 0,
      "status": "success"
    },
    {
      "url": "https://news.qq.com/rain/a/20260903A08VY400",
      "title": "巫师3重制优化原版移动战斗痛点！CDPR称基本是2.0",
      "collection_id": "6a9a3c87462e4bbfa78f7620",
      "insert_len": 0,
      "status": "success"
    },
    {
      "url": "https://news.qq.com/rain/a/20260903A08VQ700",
      "title": "公司大单品1573的库存还有几个月？泸州老窖回应",
      "collection_id": "6a9a3c87462e4bbfa78f7694",
      "insert_len": 0,
      "status": "success"
    },
    {
      "url": "https://news.qq.com/rain/a/20260903A08WHK00",
      "title": "芝加哥小麦期货跌逾2%",
      "collection_id": "6a9a3c87462e4bbfa78f7690",
      "insert_len": 0,
      "status": "success"
    },
    {
      "url": "https://news.qq.com/rain/a/20260903A08VKS00",
      "title": "小米玄戒O3纪念品开箱：真芯片嵌入其中，小米18 Fold首发搭载",
      "collection_id": "6a9a3c87462e4bbfa78f76ed",
      "insert_len": 0,
      "status": "success"
    },
    {
      "url": "https://news.qq.com/rain/a/20260903A08VXZ00",
      "title": "觅蜂科技交付第2万套MEgo设备累计沉淀百万小时无本体数据赋能物理AI",
      "collection_id": "6a9a3c88462e4bbfa78f7728",
      "insert_len": 0,
      "status": "success"
    },
    {
      "url": "https://news.qq.com/rain/a/20260903A08VLV00",
      "title": "星叶半山玥府 以纯粹洋房形态致敬南京精英圈层",
      "collection_id": "6a9a3c88462e4bbfa78f775c",
      "insert_len": 0,
      "status": "success"
    },
    {
      "url": "https://news.qq.com/rain/a/20260903A08VUG00",
      "title": "",
      "collection_id": null,
      "insert_len": 0,
      "status": "failed",
      "error": "EOF occurred in violation of protocol (_ssl.c:1006)"
    },
    {
      "url": "https://news.qq.com/rain/a/20260903A08W8C00",
      "title": "潮评丨中秋国庆“双节连放”，教育的特殊温度",
      "collection_id": "6a9a3c89462e4bbfa78f780d",
      "insert_len": 0,
      "status": "success"
    },
    {
      "url": "https://news.qq.com/rain/a/20260903A08VQ300",
      "title": "开立医疗：公司目前无需补税",
      "collection_id": "6a9a3c89462e4bbfa78f783d",
      "insert_len": 0,
      "status": "success"
    },
    {
      "url": "https://news.qq.com/rain/a/20260903A08VRJ00",
      "title": "巨星科技：公司约65%业务在美洲，目前已收到部分退税",
      "collection_id": "6a9a3c8a462e4bbfa78f787d",
      "insert_len": 0,
      "status": "success"
    },
    {
      "url": "https://news.qq.com/rain/a/20260903A08WPQ00",
      "title": "台媒：民进党阻挠厦金大桥建设不得人心",
      "collection_id": "6a9a3c8a462e4bbfa78f78b6",
      "insert_len": 0,
      "status": "success"
    },
    {
      "url": "https://news.qq.com/rain/a/20260903A08VLD00",
      "title": "禅城区关于开展廉洁征兵专项整治行动的公告",
      "collection_id": "6a9a3c8b462e4bbfa78f7921",
      "insert_len": 0,
      "status": "success"
    },
    {
      "url": "https://news.qq.com/rain/a/20260903A08ISW00",
      "title": "揭阳：银商精准对接   赋能古城商户发展",
      "collection_id": "6a9a3c8b462e4bbfa78f78f1",
      "insert_len": 0,
      "status": "success"
    },
    {
      "url": "https://news.qq.com/rain/a/20260903A08VX600",
      "title": "记者：贡萨尔维斯原本接近去瓦伦西亚，但被新加坡方面否决",
      "collection_id": "6a9a3c8b462e4bbfa78f7962",
      "insert_len": 0,
      "status": "success"
    },
    {
      "url": "https://news.qq.com/rain/a/20260903A08VTI00",
      "title": "暑托护航、亲子团建……南通一院把“家”安在职工心坎上",
      "collection_id": "6a9a3c8c462e4bbfa78f7997",
      "insert_len": 0,
      "status": "success"
    },
    {
      "url": "https://news.qq.com/rain/a/20260903A08VUF00",
      "title": "五大亮点提前披露！外滩大会下周在上海开幕：首次聚焦AI新经济",
      "collection_id": "6a9a3c8c462e4bbfa78f79e2",
      "insert_len": 0,
      "status": "success"
    },
    {
      "url": "https://news.qq.com/rain/a/20260903A08W8I00",
      "title": "",
      "collection_id": null,
      "insert_len": 0,
      "status": "failed",
      "error": "新闻内容过短。"
    },
    {
      "url": "https://news.qq.com/rain/a/20260903A08W2D00",
      "title": "不良率7.95%、6.07%！宜宾银行个贷细分板块风险引关注",
      "collection_id": "6a9a3c8d462e4bbfa78f7a34",
      "insert_len": 0,
      "status": "success"
    },
    {
      "url": "https://news.qq.com/rain/a/20260903A08VQ400",
      "title": "体检查出甲状腺 TSH ↑↓要不要管？很多人都理解错了！",
      "collection_id": "6a9a3c8d462e4bbfa78f7a94",
      "insert_len": 0,
      "status": "success"
    },
    {
      "url": "https://news.qq.com/rain/a/20260903A08WU600",
      "title": "西藏阿里地区噶尔县发生4.5级地震 震源深度10千米",
      "collection_id": "6a9a3c8d462e4bbfa78f7a64",
      "insert_len": 0,
      "status": "success"
    },
    {
      "url": "https://news.qq.com/rain/a/20260903A08W4X00",
      "title": "“我的老师是哈佛学霸！”顶尖名校毕业生扎堆来当“孩子王”",
      "collection_id": "6a9a3c8e462e4bbfa78f7b1e",
      "insert_len": 0,
      "status": "success"
    },
    {
      "url": "https://news.qq.com/rain/a/20260903A08W5400",
      "title": "港股收盘 | 三大指数高开低走 黄金和内房股逆势走强",
      "collection_id": "6a9a3c8e462e4bbfa78f7ae2",
      "insert_len": 0,
      "status": "success"
    },
    {
      "url": "https://news.qq.com/rain/a/20260903A04ZQQ00",
      "title": "老挝遣返92名泰国电诈人员，全有犯罪记录！15人还背着通缉令",
      "collection_id": "6a9a3c8e462e4bbfa78f7ba4",
      "insert_len": 0,
      "status": "success"
    },
    {
      "url": "https://news.qq.com/rain/a/20260903A08W8800",
      "title": "（长江十年行）上海首个生态数智共治中心全面落地启用",
      "collection_id": "6a9a3c8e462e4bbfa78f7b72",
      "insert_len": 0,
      "status": "success"
    },
    {
      "url": "https://news.qq.com/rain/a/20260903A08WKM00",
      "title": "复星医药：控股子公司药品新增适应症获注册批准",
      "collection_id": "6a9a3c8e462e4bbfa78f7bd4",
      "insert_len": 0,
      "status": "success"
    },
    {
      "url": "https://news.qq.com/rain/a/20260903A08W4900",
      "title": "百奥赛图：Biotech的创新加速器",
      "collection_id": "6a9a3c8f462e4bbfa78f7c4c",
      "insert_len": 0,
      "status": "success"
    },
    {
      "url": "https://news.qq.com/rain/a/20260903A08WGZ00",
      "title": "ULTRAGENYX股价盘前跌47%",
      "collection_id": "6a9a3c8f462e4bbfa78f7c1c",
      "insert_len": 0,
      "status": "success"
    },
    {
      "url": "https://news.qq.com/rain/a/20260903A08VKV00",
      "title": "如何让算力为AI工作负载精准“配速”？AMD全栈生态组团出战",
      "collection_id": "6a9a3c8f462e4bbfa78f7c85",
      "insert_len": 0,
      "status": "success"
    },
    {
      "url": "https://news.qq.com/rain/a/20260903A08WHU00",
      "title": "天禄科技：安徽吉光一期TAC膜产线规划年产能6000万平方米，二期项目已启动准备工作",
      "collection_id": "6a9a3c8f462e4bbfa78f7cfd",
      "insert_len": 0,
      "status": "success"
    },
    {
      "url": "https://news.qq.com/rain/a/20260903A08W4Q00",
      "title": "日照东港城市建设投资有限公司新增被执行人信息 执行标的 20 万元",
      "collection_id": "6a9a3c8f462e4bbfa78f7d36",
      "insert_len": 0,
      "status": "success"
    },
    {
      "url": "https://news.qq.com/rain/a/20260903A08VUW00",
      "title": "锚定7万亿目标！国家体育总局最新发声，三大风口明确",
      "collection_id": "6a9a3c90462e4bbfa78f7d9f",
      "insert_len": 0,
      "status": "success"
    },
    {
      "url": "https://news.qq.com/rain/a/20260903A055C100",
      "title": "印度海得拉巴兵站军械库遭窃：4支AK-47等11件武器不翼而飞，军方怀疑“内鬼”作案",
      "collection_id": "6a9a3c91462e4bbfa78f7e9c",
      "insert_len": 0,
      "status": "success"
    },
    {
      "url": "https://news.qq.com/rain/a/20260903A08WFZ00",
      "title": "虚幻5《黎明行者》严重卡顿!部分过场30帧 5090也卡",
      "collection_id": "6a9a3c90462e4bbfa78f7e17",
      "insert_len": 0,
      "status": "success"
    },
    {
      "url": "https://news.qq.com/rain/a/20260903A08VL500",
      "title": "祖庙保姆级打卡攻略，跟着央视镜头走准没错~",
      "collection_id": "6a9a3c90462e4bbfa78f7e53",
      "insert_len": 0,
      "status": "success"
    },
    {
      "url": "https://news.qq.com/rain/a/20260903A08VMW00",
      "title": "黑龙江闻“汛”而动 “海事蓝”筑牢千里水域安全防线",
      "collection_id": "6a9a3c90462e4bbfa78f7df8",
      "insert_len": 0,
      "status": "success"
    },
    {
      "url": "https://news.qq.com/rain/a/20260903A08VJ600",
      "title": "“丈夫与第三者做试管婴儿”案最新进展：控告重婚罪未获警方立案及法院受理，妻子已提出上诉",
      "collection_id": "6a9a3c91462e4bbfa78f7efc",
      "insert_len": 0,
      "status": "success"
    },
    {
      "url": "https://news.qq.com/rain/a/20260903A08VZI00",
      "title": "竞猜比分 赢年份美酒  为宜昌东阳光队加油",
      "collection_id": "6a9a3c91462e4bbfa78f7ecc",
      "insert_len": 0,
      "status": "success"
    },
    {
      "url": "https://news.qq.com/rain/a/20260903A08WT800",
      "title": "",
      "collection_id": null,
      "insert_len": 0,
      "status": "failed",
      "error": "EOF occurred in violation of protocol (_ssl.c:1006)"
    },
    {
      "url": "https://news.qq.com/rain/a/20260903A08WWC00",
      "title": "“原切牛肉卷”检出瓜尔胶！原切肉、调理肉、重组肉，教你分辨",
      "collection_id": "6a9a3c91462e4bbfa78f7f4e",
      "insert_len": 0,
      "status": "success"
    },
    {
      "url": "https://news.qq.com/rain/a/20260903A08X0I00",
      "title": "",
      "collection_id": null,
      "insert_len": 0,
      "status": "failed",
      "error": "新闻内容过短。"
    },
    {
      "url": "https://news.qq.com/rain/a/20260903A08UIO00",
      "title": "苹果也改了：安大略湖，成了“美国湖”",
      "collection_id": "6a9a3c91462e4bbfa78f7f7f",
      "insert_len": 0,
      "status": "success"
    },
    {
      "url": "https://news.qq.com/rain/a/20260903A08VLM00",
      "title": "东盟11国首次在南宁聚齐“全家福”",
      "collection_id": "6a9a3c92462e4bbfa78f7ff1",
      "insert_len": 0,
      "status": "success"
    },
    {
      "url": "https://news.qq.com/rain/a/20260903A08WCA00",
      "title": "聚焦北大荒 | 八五九农场淬炼实干作风",
      "collection_id": "6a9a3c92462e4bbfa78f7fc0",
      "insert_len": 0,
      "status": "success"
    },
    {
      "url": "https://news.qq.com/rain/a/20260903A08WWT00",
      "title": "2026年中国羽毛球大师赛：翁泓阳晋级1/4决赛",
      "collection_id": "6a9a3c92462e4bbfa78f8022",
      "insert_len": 0,
      "status": "success"
    },
    {
      "url": "https://news.qq.com/rain/a/20260903A08WQJ00",
      "title": "乘联会：8月1-31日乘用车零售162.6万辆，新能源渗透率65.7%",
      "collection_id": "6a9a3c93462e4bbfa78f8077",
      "insert_len": 0,
      "status": "success"
    },
    {
      "url": "https://news.qq.com/rain/a/20260903A08WX700",
      "title": "",
      "collection_id": null,
      "insert_len": 0,
      "status": "failed",
      "error": "新闻内容过短。"
    },
    {
      "url": "https://news.qq.com/rain/a/20260903A08WPP00",
      "title": "",
      "collection_id": null,
      "insert_len": 0,
      "status": "failed",
      "error": "EOF occurred in violation of protocol (_ssl.c:1006)"
    },
    {
      "url": "https://news.qq.com/rain/a/20260903A08WFX00",
      "title": "快讯｜《乡村国是》俄文版对谈分享会在莫斯科举行",
      "collection_id": "6a9a3c94462e4bbfa78f80b0",
      "insert_len": 0,
      "status": "success"
    },
    {
      "url": "https://news.qq.com/rain/a/20260903A08WZS00",
      "title": "",
      "collection_id": null,
      "insert_len": 0,
      "status": "failed",
      "error": "新闻内容过短。"
    },
    {
      "url": "https://news.qq.com/rain/a/20260903A08WXP00",
      "title": "",
      "collection_id": null,
      "insert_len": 0,
      "status": "failed",
      "error": "新闻内容过短。"
    },
    {
      "url": "https://news.qq.com/rain/a/20260903A08WWS00",
      "title": "AMuS：若贝尔曼在2028年未能晋升，他可选择离开法拉利阵营",
      "collection_id": "6a9a3c94462e4bbfa78f80ed",
      "insert_len": 0,
      "status": "success"
    },
    {
      "url": "https://news.qq.com/rain/a/20260903A08X0000",
      "title": "",
      "collection_id": null,
      "insert_len": 0,
      "status": "failed",
      "error": "新闻内容过短。"
    },
    {
      "url": "https://news.qq.com/rain/a/20260903A08WXH00",
      "title": "",
      "collection_id": null,
      "insert_len": 0,
      "status": "failed",
      "error": "新闻内容过短。"
    },
    {
      "url": "https://news.qq.com/rain/a/20260903A08X0N00",
      "title": "",
      "collection_id": null,
      "insert_len": 0,
      "status": "failed",
      "error": "新闻内容过短。"
    },
    {
      "url": "https://news.qq.com/rain/a/20260903A08WSM00",
      "title": "西藏阿里地区噶尔县发生4.5级地震，震源深度10千米",
      "collection_id": "6a9a3c95462e4bbfa78f8129",
      "insert_len": 0,
      "status": "success"
    },
    {
      "url": "https://news.qq.com/rain/a/20260903A08WMC00",
      "title": "初代短板全补齐！iPhone Air 2被曝搭载双摄和3500mAh电池",
      "collection_id": "6a9a3c95462e4bbfa78f8160",
      "insert_len": 0,
      "status": "success"
    },
    {
      "url": "https://news.qq.com/rain/a/20260903A08WUM00",
      "title": "2连板光洋股份：公司机器人业务尚处于市场拓展阶段",
      "collection_id": "6a9a3c95462e4bbfa78f8192",
      "insert_len": 0,
      "status": "success"
    },
    {
      "url": "https://news.qq.com/rain/a/20260903A08WQQ00",
      "title": "大型辽剧《特殊家庭》9月7日大连亮相 致敬三线建设先辈",
      "collection_id": "6a9a3ca1462e4bbfa78f8789",
      "insert_len": 0,
      "status": "success"
    },
    {
      "url": "https://news.qq.com/rain/a/20260903A08WXS00",
      "title": "",
      "collection_id": null,
      "insert_len": 0,
      "status": "failed",
      "error": "新闻内容过短。"
    },
    {
      "url": "https://news.qq.com/rain/a/20260903A08WSB00",
      "title": "石化油服(600871.SH)：吴柏志拟辞任公司董事长、法定代表人等职务",
      "collection_id": "6a9a3c96462e4bbfa78f81d4",
      "insert_len": 0,
      "status": "success"
    },
    {
      "url": "https://news.qq.com/rain/a/20260903A08WWN00",
      "title": "",
      "collection_id": null,
      "insert_len": 0,
      "status": "failed",
      "error": "新闻内容过短。"
    },
    {
      "url": "https://news.qq.com/rain/a/20260903A08WCS00",
      "title": "青囊“慰”疾苦，妙手济苍生｜宝山民医风采",
      "collection_id": "6a9a3c9f462e4bbfa78f8549",
      "insert_len": 0,
      "status": "success"
    },
    {
      "url": "https://news.qq.com/rain/a/20260903A08X0600",
      "title": "",
      "collection_id": null,
      "insert_len": 0,
      "status": "failed",
      "error": "新闻内容过短。"
    },
    {
      "url": "https://news.qq.com/rain/a/20260903A08WPR00",
      "title": "台湾文旦柚亮相东莞台博会",
      "collection_id": "6a9a3c97462e4bbfa78f820e",
      "insert_len": 0,
      "status": "success"
    },
    {
      "url": "https://news.qq.com/rain/a/20260903A08WTO00",
      "title": "瓶子发文预测今日局势：赛季第三次交手，TTG 4-3 AG超玩会",
      "collection_id": "6a9a3c98462e4bbfa78f8248",
      "insert_len": 0,
      "status": "success"
    },
    {
      "url": "https://news.qq.com/rain/a/20260903A054XQ00",
      "title": "印度部长放话：数据中心可吸金2000亿美元，AI与半导体将撑起30万亿经济梦",
      "collection_id": "6a9a3c98462e4bbfa78f8278",
      "insert_len": 0,
      "status": "success"
    },
    {
      "url": "https://news.qq.com/rain/a/20260903A055OC00",
      "title": "百年神庙数秒没入恒河，北印度暴雨已致多人死亡，数十万人受灾",
      "collection_id": "6a9a3c99462e4bbfa78f82bb",
      "insert_len": 0,
      "status": "success"
    },
    {
      "url": "https://news.qq.com/rain/a/20260903A08WY500",
      "title": "深空探测实验室与泰国、塞尔维亚机构共建联合实验室｜科技观察",
      "collection_id": "6a9a3c99462e4bbfa78f82eb",
      "insert_len": 0,
      "status": "success"
    },
    {
      "url": "https://news.qq.com/rain/a/20260903A08X0200",
      "title": "",
      "collection_id": null,
      "insert_len": 0,
      "status": "failed",
      "error": "新闻内容过短。"
    },
    {
      "url": "https://news.qq.com/rain/a/20260903A08WXZ00",
      "title": "",
      "collection_id": null,
      "insert_len": 0,
      "status": "failed",
      "error": "新闻内容过短。"
    },
    {
      "url": "https://news.qq.com/rain/a/20260903A08WY600",
      "title": "",
      "collection_id": null,
      "insert_len": 0,
      "status": "failed",
      "error": "新闻内容过短。"
    },
    {
      "url": "https://news.qq.com/rain/a/20260903A08WGS00",
      "title": "沪八条实施后，金山楼市新变化",
      "collection_id": "6a9a3c9a462e4bbfa78f8334",
      "insert_len": 0,
      "status": "success"
    },
    {
      "url": "https://news.qq.com/rain/a/20260903A08WZJ00",
      "title": "年产2.5万斤，带动养牛400多头！柳州特色小吃，鼓起村民钱袋子",
      "collection_id": "6a9a3c9a462e4bbfa78f8377",
      "insert_len": 0,
      "status": "success"
    },
    {
      "url": "https://news.qq.com/rain/a/20260903A08X0E00",
      "title": "",
      "collection_id": null,
      "insert_len": 0,
      "status": "failed",
      "error": "新闻内容过短。"
    },
    {
      "url": "https://news.qq.com/rain/a/20260903A08VLF00",
      "title": "青秀区新竹街道：公益课堂进社区 技能培训惠民生",
      "collection_id": "6a9a3c9b462e4bbfa78f83c4",
      "insert_len": 0,
      "status": "success"
    },
    {
      "url": "https://news.qq.com/rain/a/20260903A08VN300",
      "title": "【乡村振兴新图景】民勤县南湖镇：万头生猪养殖项目稳步推进",
      "collection_id": "6a9a3c9b462e4bbfa78f83ca",
      "insert_len": 0,
      "status": "success"
    },
    {
      "url": "https://news.qq.com/rain/a/20260903A08WW100",
      "title": "",
      "collection_id": null,
      "insert_len": 0,
      "status": "failed",
      "error": "EOF occurred in violation of protocol (_ssl.c:1006)"
    },
    {
      "url": "https://news.qq.com/rain/a/20260903A08WET00",
      "title": "在风沙与绿意之间的一线观察！气象服务如何助力阿克苏高质量发展？",
      "collection_id": "6a9a3c9c462e4bbfa78f8423",
      "insert_len": 0,
      "status": "success"
    },
    {
      "url": "https://news.qq.com/rain/a/20260903A08WZ300",
      "title": "现实版“爷爷和7个葫芦娃”走红，游客打卡爷爷开心招手，奶奶哽咽落泪……",
      "collection_id": "6a9a3c9d462e4bbfa78f848d",
      "insert_len": 0,
      "status": "success"
    },
    {
      "url": "https://news.qq.com/rain/a/20260903A08X0V00",
      "title": "",
      "collection_id": null,
      "insert_len": 0,
      "status": "failed",
      "error": "新闻内容过短。"
    },
    {
      "url": "https://news.qq.com/rain/a/20260903A08WH400",
      "title": "高新区看点（2026年9月3日）",
      "collection_id": "6a9a3c9e462e4bbfa78f84c8",
      "insert_len": 0,
      "status": "success"
    },
    {
      "url": "https://news.qq.com/rain/a/20260903A08WZO00",
      "title": "",
      "collection_id": null,
      "insert_len": 0,
      "status": "failed",
      "error": "新闻内容过短。"
    },
    {
      "url": "https://news.qq.com/rain/a/20260903A08X4A00",
      "title": "服贸观澜｜深耕服务消费共筑电商实体融合新图景，2026电子商务大会9月9日启幕",
      "collection_id": "6a9a3c9f462e4bbfa78f8519",
      "insert_len": 0,
      "status": "success"
    },
    {
      "url": "https://news.qq.com/rain/a/20260903A08WYP00",
      "title": "",
      "collection_id": null,
      "insert_len": 0,
      "status": "failed",
      "error": "新闻内容过短。"
    },
    {
      "url": "https://news.qq.com/rain/a/20260903A08X1000",
      "title": "西藏阿里地区噶尔县发生4.5级地震，震源深度10千米",
      "collection_id": "6a9a3ca0462e4bbfa78f858a",
      "insert_len": 0,
      "status": "success"
    },
    {
      "url": "https://news.qq.com/rain/a/20260903A08WLM00",
      "title": "2026第十七届东莞台湾名品博览会开幕",
      "collection_id": "6a9a3ca0462e4bbfa78f85bb",
      "insert_len": 0,
      "status": "success"
    },
    {
      "url": "https://news.qq.com/rain/a/20260903A08X4U00",
      "title": "聚焦北大荒 | 八五九农场扎实开展雨季炭疽病防控工作",
      "collection_id": "6a9a3ca0462e4bbfa78f85f2",
      "insert_len": 0,
      "status": "success"
    },
    {
      "url": "https://news.qq.com/rain/a/20260903A08WUG00",
      "title": "到底会不会加息？美联储在意的PCE啥意思？",
      "collection_id": "6a9a3ca0462e4bbfa78f8636",
      "insert_len": 0,
      "status": "success"
    },
    {
      "url": "https://news.qq.com/rain/a/20260903A08JXJ00",
      "title": "文物有话说：要建自己的风洞？有限的科研力量如何配置？这封信给出重要思路！",
      "collection_id": "6a9a3ca0462e4bbfa78f866a",
      "insert_len": 0,
      "status": "success"
    },
    {
      "url": "https://news.qq.com/rain/a/20260903A08VN500",
      "title": "【乡村振兴新图景】盘活沙地资源 做强“薯”业经济——南湖镇千亩马铃薯丰产丰收铺就富民路",
      "collection_id": "6a9a3ca0462e4bbfa78f869a",
      "insert_len": 0,
      "status": "success"
    },
    {
      "url": "https://news.qq.com/rain/a/20260903A08XLF00",
      "title": "邵阳一景区将恢复开园！",
      "collection_id": "6a9a3ca1462e4bbfa78f86e2",
      "insert_len": 0,
      "status": "success"
    },
    {
      "url": "https://news.qq.com/rain/a/20260903A08WS700",
      "title": "主播说丨保险代理人跌破210万，人少了钱多了？国寿悄悄增员1.2万，泰康狠砍3.8万",
      "collection_id": "6a9a3ca1462e4bbfa78f871a",
      "insert_len": 0,
      "status": "success"
    },
    {
      "url": "https://news.qq.com/rain/a/20260903A08WH200",
      "title": "未参加评估、连续两年评估不合格……36家省级科技创新平台被撤销",
      "collection_id": "6a9a3ca1462e4bbfa78f87b9",
      "insert_len": 0,
      "status": "success"
    },
    {
      "url": "https://news.qq.com/rain/a/20260903A08WPT00",
      "title": "中国多措并举推动商品消费扩容升级",
      "collection_id": "6a9a3ca1462e4bbfa78f8759",
      "insert_len": 0,
      "status": "success"
    },
    {
      "url": "https://news.qq.com/rain/a/20260903A08W7L00",
      "title": "【聚焦第七届中国（甘肃）中医药产业博览会】陇西：中医药全产业链振兴提质 年总产值超400亿元",
      "collection_id": "6a9a3ca2462e4bbfa78f87ff",
      "insert_len": 0,
      "status": "success"
    },
    {
      "url": "https://news.qq.com/rain/a/20260903A08X5N00",
      "title": "上海浦东5000万内电梯精装别墅新房推荐2026：张江、临港、周浦、康桥价格对比，高端改善先看生态低密",
      "collection_id": "6a9a3ca2462e4bbfa78f8866",
      "insert_len": 0,
      "status": "success"
    },
    {
      "url": "https://news.qq.com/rain/a/20260903A08XH500",
      "title": "",
      "collection_id": null,
      "insert_len": 0,
      "status": "failed",
      "error": "EOF occurred in violation of protocol (_ssl.c:1006)"
    },
    {
      "url": "https://news.qq.com/rain/a/20260903A08WPM00",
      "title": "江苏南京：铭记历史 珍爱和平",
      "collection_id": "6a9a3ca2462e4bbfa78f8838",
      "insert_len": 0,
      "status": "success"
    },
    {
      "url": "https://news.qq.com/rain/a/20260903A08XBV00",
      "title": "4款纯电新车，全是超豪华品牌打造，如何？",
      "collection_id": "6a9a3ca2462e4bbfa78f88c6",
      "insert_len": 0,
      "status": "success"
    },
    {
      "url": "https://news.qq.com/rain/a/20260903A04YVC00",
      "title": "尼泊尔洪灾：三层楼房淤泥中挖出24具遗体，母亲怀抱女婴双双遇难",
      "collection_id": "6a9a3ca2462e4bbfa78f88f6",
      "insert_len": 0,
      "status": "success"
    },
    {
      "url": "https://news.qq.com/rain/a/20260903A08WLD00",
      "title": "山海账本：深圳大鹏准备掘金一条万亿赛道",
      "collection_id": "6a9a3ca2462e4bbfa78f8926",
      "insert_len": 0,
      "status": "success"
    },
    {
      "url": "https://news.qq.com/rain/a/20260903A08WBH00",
      "title": "事关洛龙区！最新规划批前公示",
      "collection_id": "6a9a3ca3462e4bbfa78f8999",
      "insert_len": 0,
      "status": "success"
    },
    {
      "url": "https://news.qq.com/rain/a/20260903A08WX200",
      "title": "AMuS：哈贾尔表现良好，预计很快与红牛完成续约",
      "collection_id": "6a9a3ca3462e4bbfa78f89c9",
      "insert_len": 0,
      "status": "success"
    },
    {
      "url": "https://news.qq.com/rain/a/20260903A08XGW00",
      "title": "",
      "collection_id": null,
      "insert_len": 0,
      "status": "failed",
      "error": "新闻内容过短。"
    },
    {
      "url": "https://news.qq.com/rain/a/20260903A08KG000",
      "title": "当阅读遇见大模型，文学批评还剩下什么？｜ AI时代下的文学",
      "collection_id": "6a9a3ca4462e4bbfa78f8aaa",
      "insert_len": 0,
      "status": "success"
    },
    {
      "url": "https://news.qq.com/rain/a/20260903A08XAR00",
      "title": "伊朗称打击阿联酋和科威特境内美军基地",
      "collection_id": "6a9a3ca4462e4bbfa78f8a39",
      "insert_len": 0,
      "status": "success"
    },
    {
      "url": "https://news.qq.com/rain/a/20260903A04YIU00",
      "title": "尼泊尔冰川山洪致上千人遇难近4500人失踪,蓝色号牌成临时墓碑",
      "collection_id": "6a9a3ca4462e4bbfa78f8a09",
      "insert_len": 0,
      "status": "success"
    },
    {
      "url": "https://news.qq.com/rain/a/20260903A08XN800",
      "title": "",
      "collection_id": null,
      "insert_len": 0,
      "status": "failed",
      "error": "EOF occurred in violation of protocol (_ssl.c:1006)"
    },
    {
      "url": "https://news.qq.com/rain/a/20260903A08XJD00",
      "title": "已经感染HPV还要接种疫苗吗？朱兰院士答澎湃",
      "collection_id": "6a9a3ca4462e4bbfa78f8a78",
      "insert_len": 0,
      "status": "success"
    },
    {
      "url": "https://news.qq.com/rain/a/20260903A08LC900",
      "title": "四川251斤女生被肥胖折磨，管住嘴迈开腿后减重121斤！网友：完美逆袭，判若两人",
      "collection_id": "6a9a3ca5462e4bbfa78f8b07",
      "insert_len": 0,
      "status": "success"
    },
    {
      "url": "https://news.qq.com/rain/a/20260903A08X5Q00",
      "title": "北京北清润府vs未来城星寰时光安静度对比：低密洋房叠加多重降噪，居住环境更静谧",
      "collection_id": "6a9a3ca5462e4bbfa78f8b73",
      "insert_len": 0,
      "status": "success"
    },
    {
      "url": "https://news.qq.com/rain/a/20260903A08WSC00",
      "title": "A股上市券商中报收官：合计净赚1553.7亿，净利“百亿俱乐部”扩至5家",
      "collection_id": "6a9a3ca5462e4bbfa78f8bdf",
      "insert_len": 0,
      "status": "success"
    },
    {
      "url": "https://news.qq.com/rain/a/20260903A08XF100",
      "title": "《鬼武者：剑之道》获Fami通34分！日本人自己不看好？",
      "collection_id": "6a9a3ca5462e4bbfa78f8c1c",
      "insert_len": 0,
      "status": "success"
    },
    {
      "url": "https://news.qq.com/rain/a/20260903A08WUR00",
      "title": "",
      "collection_id": null,
      "insert_len": 0,
      "status": "failed",
      "error": "EOF occurred in violation of protocol (_ssl.c:1006)"
    },
    {
      "url": "https://news.qq.com/rain/a/20260903A08WVG00",
      "title": "氛围感拉满！黑河夜市上演双向往来，双语招牌见证边城热闹烟火",
      "collection_id": "6a9a3ca6462e4bbfa78f8c66",
      "insert_len": 0,
      "status": "success"
    },
    {
      "url": "https://news.qq.com/rain/a/20260903A08XJ500",
      "title": "及时语丨“年轻人不爱当班主任了”，不能只怪年轻人怕吃苦",
      "collection_id": "6a9a3ca6462e4bbfa78f8c9f",
      "insert_len": 0,
      "status": "success"
    },
    {
      "url": "https://news.qq.com/rain/a/20260903A08WSW00",
      "title": "闽宁协作30年I 三十年，守护“山海情”",
      "collection_id": "6a9a3ca7462e4bbfa78f8d11",
      "insert_len": 0,
      "status": "success"
    },
    {
      "url": "https://news.qq.com/rain/a/20260903A08XI000",
      "title": "恒指收跌0.39%",
      "collection_id": "6a9a3ca7462e4bbfa78f8ce6",
      "insert_len": 0,
      "status": "success"
    },
    {
      "url": "https://news.qq.com/rain/a/20260903A08XQF00",
      "title": "经常莫名头晕发飘、走路不稳？巧用声学技术破解慢性眩晕诊疗难题",
      "collection_id": "6a9a3ca7462e4bbfa78f8daf",
      "insert_len": 0,
      "status": "success"
    },
    {
      "url": "https://news.qq.com/rain/a/20260903A08X4200",
      "title": "最佳燃脂点训练到底有什么用？健身跑者和马拉松跑者，答案完全不同",
      "collection_id": "6a9a3ca7462e4bbfa78f8d87",
      "insert_len": 0,
      "status": "success"
    },
    {
      "url": "https://news.qq.com/rain/a/20260903A08XL100",
      "title": "前英超裁判迪恩：执法英超时曾故意拖哨；我看比赛也会骂裁判",
      "collection_id": "6a9a3ca8462e4bbfa78f8e18",
      "insert_len": 0,
      "status": "success"
    },
    {
      "url": "https://news.qq.com/rain/a/20260903A08XR300",
      "title": "中国—上海合作组织口岸经济合作中心在天津揭牌成立",
      "collection_id": "6a9a3ca8462e4bbfa78f8e1a",
      "insert_len": 0,
      "status": "success"
    },
    {
      "url": "https://news.qq.com/rain/a/20260903A08XPS00",
      "title": "澳大利亚经济增长趋缓 内生动力仍待增强",
      "collection_id": "6a9a3ca9462e4bbfa78f8e8b",
      "insert_len": 0,
      "status": "success"
    },
    {
      "url": "https://news.qq.com/rain/a/20260903A08X8600",
      "title": "8.28新政后成都首拍成交！“竞买人所缴纳资金需为合规自有资金”",
      "collection_id": "6a9a3ca9462e4bbfa78f8e8d",
      "insert_len": 0,
      "status": "success"
    },
    {
      "url": "https://news.qq.com/rain/a/20260903A08XHD00",
      "title": "直线拉升！20分钟，5只股票涨停！尾盘异动，马斯克最新喊话",
      "collection_id": "6a9a3ca9462e4bbfa78f8f12",
      "insert_len": 0,
      "status": "success"
    },
    {
      "url": "https://news.qq.com/rain/a/20260903A04Z8900",
      "title": "菲律宾打拉省洪灾两桥坍塌致五人落水，已寻获两具遗体仍有两人失踪",
      "collection_id": "6a9a3caa462e4bbfa78f8ff0",
      "insert_len": 0,
      "status": "success"
    },
    {
      "url": "https://news.qq.com/rain/a/20260903A04XQC00",
      "title": "尼泊尔寺庙钟声为千人遇难者而鸣：近4500人仍失踪，诵经声穿透喜马拉雅",
      "collection_id": "6a9a3ca9462e4bbfa78f8f23",
      "insert_len": 0,
      "status": "success"
    },
    {
      "url": "https://news.qq.com/rain/a/20260903A08XP100",
      "title": "世界最长在建跨海高速铁路桥七座主塔全部封顶",
      "collection_id": "6a9a3caa462e4bbfa78f8fa2",
      "insert_len": 0,
      "status": "success"
    },
    {
      "url": "https://news.qq.com/rain/a/20260903A08XJY00",
      "title": "专家：公众对肝炎的认知和主动防治意识仍需提升",
      "collection_id": "6a9a3caa462e4bbfa78f8f90",
      "insert_len": 0,
      "status": "success"
    },
    {
      "url": "https://news.qq.com/rain/a/20260903A08X4B00",
      "title": "主播说丨宇树科技上市11天股价腰斩，市值蒸发超2000亿",
      "collection_id": "6a9a3caa462e4bbfa78f9020",
      "insert_len": 0,
      "status": "success"
    },
    {
      "url": "https://news.qq.com/rain/a/20260903A08XBS00",
      "title": "亚冠联赛全面推行跨年赛制，中超短时间内尚难实现",
      "collection_id": "6a9a3cab462e4bbfa78f9051",
      "insert_len": 0,
      "status": "success"
    },
    {
      "url": "https://news.qq.com/rain/a/20260903A08XKE00",
      "title": "官方：阿贾克斯与21岁边锋范阿克塞尔东恩提前解约",
      "collection_id": "6a9a3cab462e4bbfa78f908a",
      "insert_len": 0,
      "status": "success"
    },
    {
      "url": "https://news.qq.com/rain/a/20260903A08XQC00",
      "title": "上海市级医院市民健康科普宣传周开启！全市37家市级医院倾力打造权威专业的健康科普高地",
      "collection_id": "6a9a3cab462e4bbfa78f90c8",
      "insert_len": 0,
      "status": "success"
    },
    {
      "url": "https://news.qq.com/rain/a/20260903A08WVQ00",
      "title": "“深圳校服真香” 火上热搜！学校不再代收费用，这套模式香在哪里？",
      "collection_id": "6a9a3cab462e4bbfa78f9102",
      "insert_len": 0,
      "status": "success"
    },
    {
      "url": "https://news.qq.com/rain/a/20260903A08X9400",
      "title": "老太称遭忽悠花75万买保险？平安银行回应：报道有多处不实",
      "collection_id": "6a9a3cab462e4bbfa78f9157",
      "insert_len": 0,
      "status": "success"
    },
    {
      "url": "https://news.qq.com/rain/a/20260903A08X8Y00",
      "title": "国内最大村镇银行中银富登迎新董事长",
      "collection_id": "6a9a3cab462e4bbfa78f9143",
      "insert_len": 0,
      "status": "success"
    },
    {
      "url": "https://news.qq.com/rain/a/20260903A08XKO00",
      "title": "谷歌连发三款Flash，以“机海战术”再度加码AI企业端基本盘",
      "collection_id": "6a9a3cac462e4bbfa78f91aa",
      "insert_len": 0,
      "status": "success"
    },
    {
      "url": "https://news.qq.com/rain/a/20260903A08XA100",
      "title": "",
      "collection_id": null,
      "insert_len": 0,
      "status": "failed",
      "error": "新闻内容过短。"
    },
    {
      "url": "https://news.qq.com/rain/a/20260903A08XKZ00",
      "title": "彩民支持率：格雷米奥vs巴西国际，客胜方向支持率偏冷",
      "collection_id": "6a9a3cac462e4bbfa78f91e7",
      "insert_len": 0,
      "status": "success"
    },
    {
      "url": "https://news.qq.com/rain/a/20260903A08X9K00",
      "title": "",
      "collection_id": null,
      "insert_len": 0,
      "status": "failed",
      "error": "新闻内容过短。"
    },
    {
      "url": "https://news.qq.com/rain/a/20260903A08WNB00",
      "title": "折枝 | 莱博维茨、卢卡奇与普殊同：《资本论》中的主体性（上）",
      "collection_id": "6a9a3cad462e4bbfa78f9282",
      "insert_len": 0,
      "status": "success"
    },
    {
      "url": "https://news.qq.com/rain/a/20260903A08XKN00",
      "title": "马卡：希门尼斯离队后，巴里奥斯将成为马竞第四队长",
      "collection_id": "6a9a3cac462e4bbfa78f9277",
      "insert_len": 0,
      "status": "success"
    },
    {
      "url": "https://news.qq.com/rain/a/20260903A08WII00",
      "title": "真香！在睢宁养老，那叫一个“有滋有味”",
      "collection_id": "6a9a3cad462e4bbfa78f9287",
      "insert_len": 0,
      "status": "success"
    },
    {
      "url": "https://news.qq.com/rain/a/20260903A08XGL00",
      "title": "58岁黎东光被留置！任北大荒副总经理不到1年，曾表示要强化安全责任与底线思维",
      "collection_id": "6a9a3cac462e4bbfa78f9239",
      "insert_len": 0,
      "status": "success"
    },
    {
      "url": "https://news.qq.com/rain/a/20260903A08XPU00",
      "title": "这一盛会即将在合肥开幕！",
      "collection_id": "6a9a3cad462e4bbfa78f938f",
      "insert_len": 0,
      "status": "success"
    },
    {
      "url": "https://news.qq.com/rain/a/20260903A08WM300",
      "title": "",
      "collection_id": null,
      "insert_len": 0,
      "status": "failed",
      "error": "EOF occurred in violation of protocol (_ssl.c:1006)"
    },
    {
      "url": "https://news.qq.com/rain/a/20260903A08Y0K00",
      "title": "《巫师3重制版》PS5版单纯更新！没有新奖杯",
      "collection_id": "6a9a3cad462e4bbfa78f9393",
      "insert_len": 0,
      "status": "success"
    },
    {
      "url": "https://news.qq.com/rain/a/20260903A08Y6R00",
      "title": "华富基金李孝华离任，深耕指数投资，但旗下这只主动产品任职回报达97.95%",
      "collection_id": "6a9a3cad462e4bbfa78f93f5",
      "insert_len": 0,
      "status": "success"
    },
    {
      "url": "https://news.qq.com/rain/a/20260903A08YG300",
      "title": "国家电投集团捐款2000万元支援西藏吉隆灾区",
      "collection_id": "6a9a3cae462e4bbfa78f9448",
      "insert_len": 0,
      "status": "success"
    },
    {
      "url": "https://news.qq.com/rain/a/20260903A08Y7S00",
      "title": "财中ETF风向标｜油运股集体走强点燃油气板块，油气ETF汇添富(159309)今日涨0.99%",
      "collection_id": "6a9a3cae462e4bbfa78f9478",
      "insert_len": 0,
      "status": "success"
    },
    {
      "url": "https://news.qq.com/rain/a/20260903A08WVN00",
      "title": "全新腾势Z9GT车主：外观长在审美上，闪充用过就回不去，4000多公里越开越满意",
      "collection_id": "6a9a3cae462e4bbfa78f94a8",
      "insert_len": 0,
      "status": "success"
    },
    {
      "url": "https://news.qq.com/rain/a/20260903A08Y7M00",
      "title": "财中ETF风向标｜油轮运价预期升温招商轮船(601872)领涨，物流ETF银华(516530)涨1.79%",
      "collection_id": "6a9a3cae462e4bbfa78f94f5",
      "insert_len": 0,
      "status": "success"
    },
    {
      "url": "https://news.qq.com/rain/a/20260903A08XJC00",
      "title": "捞舆 | 抑郁初中生能不能返校入学，谁说了算？",
      "collection_id": "6a9a3caf462e4bbfa78f9545",
      "insert_len": 0,
      "status": "success"
    },
    {
      "url": "https://news.qq.com/rain/a/20260903A08Y0C00",
      "title": "脑扫描首次证明：狗能区分人类的恐惧与悲伤",
      "collection_id": "6a9a3caf462e4bbfa78f958b",
      "insert_len": 0,
      "status": "success"
    },
    {
      "url": "https://news.qq.com/rain/a/20260903A08YGA00",
      "title": "ST人福：RFUS-949片进入II期临床试验研究",
      "collection_id": "6a9a3caf462e4bbfa78f95ba",
      "insert_len": 0,
      "status": "success"
    },
    {
      "url": "https://news.qq.com/rain/a/20260903A08YAP00",
      "title": "12家理财公司分获9.4亿美元QDII额度 四家合资理财集体入围",
      "collection_id": "6a9a3caf462e4bbfa78f95f2",
      "insert_len": 0,
      "status": "success"
    },
    {
      "url": "https://news.qq.com/rain/a/20260903A08Y5300",
      "title": "快评 | 从城市出发，凝聚亚太共识",
      "collection_id": "6a9a3cb0462e4bbfa78f9664",
      "insert_len": 0,
      "status": "success"
    },
    {
      "url": "https://news.qq.com/rain/a/20260903A08YA800",
      "title": "2026年全国青年女子垒球锦标赛在威海高新区收官",
      "collection_id": "6a9a3caf462e4bbfa78f9634",
      "insert_len": 0,
      "status": "success"
    },
    {
      "url": "https://news.qq.com/rain/a/20260903A08Y6500",
      "title": "",
      "collection_id": null,
      "insert_len": 0,
      "status": "failed",
      "error": "新闻内容过短。"
    },
    {
      "url": "https://news.qq.com/rain/a/20260903A08YG700",
      "title": "长江材料今日大宗交易折价成交35.09万股，成交额662.57万元",
      "collection_id": "6a9a3cb0462e4bbfa78f96af",
      "insert_len": 0,
      "status": "success"
    },
    {
      "url": "https://news.qq.com/rain/a/20260903A08XZH00",
      "title": "宁静回应花少打架传闻，称“这几块料怎么可能打架？”",
      "collection_id": "6a9a3cb0462e4bbfa78f96ed",
      "insert_len": 0,
      "status": "success"
    },
    {
      "url": "https://news.qq.com/rain/a/20260903A08YAR00",
      "title": "扎根酒泉戈壁 守望浩瀚星空 山东籍气象人守护每一次火箭出征",
      "collection_id": "6a9a3cb0462e4bbfa78f9705",
      "insert_len": 0,
      "status": "success"
    },
    {
      "url": "https://news.qq.com/rain/a/20260903A08WGX00",
      "title": "熟悉的旋律响起！木偶“活”了…",
      "collection_id": "6a9a3cb0462e4bbfa78f9748",
      "insert_len": 0,
      "status": "success"
    },
    {
      "url": "https://news.qq.com/rain/a/20260903A08Y5V00",
      "title": "深企闯亚太｜巴掌大的“AI超算中心”，怎么成为亚太“爆款”？",
      "collection_id": "6a9a3cb1462e4bbfa78f9790",
      "insert_len": 0,
      "status": "success"
    },
    {
      "url": "https://news.qq.com/rain/a/20260903A08XKB00",
      "title": "马上评｜走进大学校门，走出分数围城",
      "collection_id": "6a9a3cb1462e4bbfa78f97b4",
      "insert_len": 0,
      "status": "success"
    },
    {
      "url": "https://news.qq.com/rain/a/20260903A08XTT00",
      "title": "多条高速公路刷新进度条，宁旌高速基本完工年内通车",
      "collection_id": "6a9a3cb1462e4bbfa78f9814",
      "insert_len": 0,
      "status": "success"
    },
    {
      "url": "https://news.qq.com/rain/a/20260903A08Y6Y00",
      "title": "甘李药业：GZC8072片2型糖尿病适应症临床试验获批",
      "collection_id": "6a9a3cb1462e4bbfa78f9842",
      "insert_len": 0,
      "status": "success"
    },
    {
      "url": "https://news.qq.com/rain/a/20260903A08Y7300",
      "title": "华新科技累计回购350万股，耗资6795万元",
      "collection_id": "6a9a3cb1462e4bbfa78f9879",
      "insert_len": 0,
      "status": "success"
    },
    {
      "url": "https://news.qq.com/rain/a/20260903A08YFV00",
      "title": "在岸人民币兑美元收盘报6.7181",
      "collection_id": "6a9a3cb1462e4bbfa78f98c5",
      "insert_len": 0,
      "status": "success"
    },
    {
      "url": "https://news.qq.com/rain/a/20260903A08Y5T00",
      "title": "一品红：子公司盐酸舍曲林口服溶液获药品注册证书",
      "collection_id": "6a9a3cb2462e4bbfa78f98f5",
      "insert_len": 0,
      "status": "success"
    },
    {
      "url": "https://news.qq.com/rain/a/20260903A08XQ900",
      "title": "《爱之甘醇》、《图兰朵》、“贝多芬交响曲全集”......上海歌剧院公布2026-2027年度演出季节目",
      "collection_id": "6a9a3cb2462e4bbfa78f9925",
      "insert_len": 0,
      "status": "success"
    },
    {
      "url": "https://news.qq.com/rain/a/20260903A08YJR00",
      "title": "海银控股集团有限公司等集资诈骗系列案一审开庭",
      "collection_id": "6a9a3cb2462e4bbfa78f996d",
      "insert_len": 0,
      "status": "success"
    },
    {
      "url": "https://news.qq.com/rain/a/20260903A08Y6P00",
      "title": "快评 | 从城市出发，凝聚亚太共识",
      "collection_id": "6a9a3cb2462e4bbfa78f99b6",
      "insert_len": 0,
      "status": "success"
    },
    {
      "url": "https://news.qq.com/rain/a/20260903A08YG000",
      "title": "甘李药业：子公司获GZC8072片新适应症临床试验批准",
      "collection_id": "6a9a3cb2462e4bbfa78f99ed",
      "insert_len": 0,
      "status": "success"
    },
    {
      "url": "https://news.qq.com/rain/a/20260903A08Y6T00",
      "title": "",
      "collection_id": null,
      "insert_len": 0,
      "status": "failed",
      "error": "EOF occurred in violation of protocol (_ssl.c:1006)"
    },
    {
      "url": "https://news.qq.com/rain/a/20260903A08YBD00",
      "title": "天合光能股价连创历史新低！较高点跌去87%，上半年巨亏29亿仍未见底，90后“光伏女神”高海纯面临重重挑战",
      "collection_id": "6a9a3cb2462e4bbfa78f9a1e",
      "insert_len": 0,
      "status": "success"
    },
    {
      "url": "https://news.qq.com/rain/a/20260903A08XZW00",
      "title": "",
      "collection_id": null,
      "insert_len": 0,
      "status": "failed",
      "error": "EOF occurred in violation of protocol (_ssl.c:1006)"
    },
    {
      "url": "https://news.qq.com/rain/a/20260903A08XOM00",
      "title": "",
      "collection_id": null,
      "insert_len": 0,
      "status": "failed",
      "error": "EOF occurred in violation of protocol (_ssl.c:1006)"
    },
    {
      "url": "https://news.qq.com/rain/a/20260903A08YAB00",
      "title": "科沃斯：当前公司存储芯片备货可以支持下半年到明年初的产品需求",
      "collection_id": "6a9a3cb3462e4bbfa78f9a68",
      "insert_len": 0,
      "status": "success"
    },
    {
      "url": "https://news.qq.com/rain/a/20260903A08Y5O00",
      "title": "人生底气何来？“赌王之女”何超琼：豪门也没有理所当然的机会",
      "collection_id": "6a9a3cb4462e4bbfa78f9aa2",
      "insert_len": 0,
      "status": "success"
    },
    {
      "url": "https://news.qq.com/rain/a/20260903A08XSX00",
      "title": "老房东管不动，居委出手了！弄堂花坛从“蚊子窝”变回小清新丨文明黄浦 人人有礼",
      "collection_id": "6a9a3cb4462e4bbfa78f9ae7",
      "insert_len": 0,
      "status": "success"
    },
    {
      "url": "https://news.qq.com/rain/a/20260903A08Y5Q00",
      "title": "图说百科丨秋季开学，这份校园传染病防控指南请收好",
      "collection_id": "6a9a3cb5462e4bbfa78f9b1a",
      "insert_len": 0,
      "status": "success"
    },
    {
      "url": "https://news.qq.com/rain/a/20260903A08XTG00",
      "title": "",
      "collection_id": null,
      "insert_len": 0,
      "status": "failed",
      "error": "新闻内容过短。"
    },
    {
      "url": "https://news.qq.com/rain/a/20260903A08Y8I00",
      "title": "“十五五”规划加持！动力电池加速向高端绿色化升级",
      "collection_id": "6a9a3cb6462e4bbfa78f9b61",
      "insert_len": 0,
      "status": "success"
    },
    {
      "url": "https://news.qq.com/rain/a/20260903A08N9A00",
      "title": "民企聚力 文旅兴疆 “文旅民企进边疆・新疆行”大会在乌鲁木齐召开",
      "collection_id": "6a9a3cb7462e4bbfa78f9b94",
      "insert_len": 0,
      "status": "success"
    },
    {
      "url": "https://news.qq.com/rain/a/20260903A08YC400",
      "title": "线下相遇线上续缘 宁德“青春同路·四季友约”促成130对青年互选",
      "collection_id": "6a9a3cb7462e4bbfa78f9bee",
      "insert_len": 0,
      "status": "success"
    },
    {
      "url": "https://news.qq.com/rain/a/20260903A08YFM00",
      "title": "华康洁净：9018.65万元中标项目被废标",
      "collection_id": "6a9a3cb7462e4bbfa78f9c1e",
      "insert_len": 0,
      "status": "success"
    },
    {
      "url": "https://news.qq.com/rain/a/20260903A08Y5I00",
      "title": "光洋股份连续2个交易日收盘价格涨幅偏离值累计超20%",
      "collection_id": "6a9a3cb7462e4bbfa78f9c57",
      "insert_len": 0,
      "status": "success"
    },
    {
      "url": "https://news.qq.com/rain/a/20260903A08WIY00",
      "title": "",
      "collection_id": null,
      "insert_len": 0,
      "status": "failed",
      "error": "EOF occurred in violation of protocol (_ssl.c:1006)"
    },
    {
      "url": "https://news.qq.com/rain/a/20260903A08XU300",
      "title": "今秋首个花粉浓度预报发布，秋季过敏为何更严重？",
      "collection_id": "6a9a3cb8462e4bbfa78f9c93",
      "insert_len": 0,
      "status": "success"
    },
    {
      "url": "https://news.qq.com/rain/a/20260903A08Y7P00",
      "title": "机器人ETF华安连续39日获得资金净流入！年初以来份额增长率超205%，持续在同指数中领先",
      "collection_id": "6a9a3cb8462e4bbfa78f9cc7",
      "insert_len": 0,
      "status": "success"
    },
    {
      "url": "https://news.qq.com/rain/a/20260903A08YRS00",
      "title": "2连板光洋股份：公司机器人业务尚处于市场拓展阶段",
      "collection_id": "6a9a3cb8462e4bbfa78f9cf7",
      "insert_len": 0,
      "status": "success"
    },
    {
      "url": "https://news.qq.com/rain/a/20260903A08XSR00",
      "title": "快38年了，这家文具店还是无数小囡的“白月光” | 走基层",
      "collection_id": "6a9a3cb8462e4bbfa78f9d9d",
      "insert_len": 0,
      "status": "success"
    },
    {
      "url": "https://news.qq.com/rain/a/20260903A08YGU00",
      "title": "76人媒体：詹姆斯如今不仅要与对手抗争，还要跟时间赛跑",
      "collection_id": "6a9a3cb8462e4bbfa78f9d3d",
      "insert_len": 0,
      "status": "success"
    },
    {
      "url": "https://news.qq.com/rain/a/20260903A08YG600",
      "title": "巨人网络今日大宗交易折价成交1432.76万股，成交额3.48亿元",
      "collection_id": "6a9a3cb8462e4bbfa78f9d6d",
      "insert_len": 0,
      "status": "success"
    },
    {
      "url": "https://news.qq.com/rain/a/20260903A08O0400",
      "title": "房贷新政解读！实现先收房再还贷",
      "collection_id": "6a9a3cb9462e4bbfa78f9dee",
      "insert_len": 0,
      "status": "success"
    },
    {
      "url": "https://news.qq.com/rain/a/20260903A08Y6M00",
      "title": "工信部专项整治“速成车”乱象，曾毓群痛批“病态内卷”透支行业信任",
      "collection_id": "6a9a3cb9462e4bbfa78f9df0",
      "insert_len": 0,
      "status": "success"
    },
    {
      "url": "https://news.qq.com/rain/a/20260903A08N9900",
      "title": "AI明星，正在接管内娱",
      "collection_id": "6a9a3cb9462e4bbfa78f9e40",
      "insert_len": 0,
      "status": "success"
    },
    {
      "url": "https://news.qq.com/rain/a/20260903A08YF500",
      "title": "【襄平论检 文圣检察】优化营商进行时——检察履职筑牢烟草市场法治防护屏障",
      "collection_id": "6a9a3cb9462e4bbfa78f9efa",
      "insert_len": 0,
      "status": "success"
    },
    {
      "url": "https://news.qq.com/rain/a/20260903A08YFR00",
      "title": "ST晨鸣今日大宗交易折价成交50万股，成交额94万元",
      "collection_id": "6a9a3cb9462e4bbfa78f9eca",
      "insert_len": 0,
      "status": "success"
    },
    {
      "url": "https://news.qq.com/rain/a/20260903A08YKD00",
      "title": "不要相信读书无用论，告诉你，读书永远是最有用最公平的上升方式_1788424671909",
      "collection_id": "6a9a3cb9462e4bbfa78f9f2a",
      "insert_len": 0,
      "status": "success"
    },
    {
      "url": "https://news.qq.com/rain/a/20260903A08YAK00",
      "title": "实测13款平台：新国标九月落地，专治AI客服",
      "collection_id": "6a9a3cb9462e4bbfa78f9fa1",
      "insert_len": 0,
      "status": "success"
    },
    {
      "url": "https://news.qq.com/rain/a/20260903A08Y9K00",
      "title": "临沂河东公安：暖心护航开学路 全力守护学子平安返校",
      "collection_id": "6a9a3cb9462e4bbfa78f9f71",
      "insert_len": 0,
      "status": "success"
    },
    {
      "url": "https://news.qq.com/rain/a/20260903A08YHO00",
      "title": "原切牛肉卷检出禁用添加剂！科尔沁牛业被立案，企业称复议中",
      "collection_id": "6a9a3cba462e4bbfa78f9fe9",
      "insert_len": 0,
      "status": "success"
    },
    {
      "url": "https://news.qq.com/rain/a/20260903A08XSW00",
      "title": "从伦敦到佛罗伦萨，再到上海——这场珠宝展让全球工艺在此相遇",
      "collection_id": "6a9a3cba462e4bbfa78fa02e",
      "insert_len": 0,
      "status": "success"
    },
    {
      "url": "https://news.qq.com/rain/a/20260903A08YGS00",
      "title": "涪陵榨菜：新品业务拉低毛利率 当前进一步提升利润率难度较大",
      "collection_id": "6a9a3cba462e4bbfa78fa04e",
      "insert_len": 0,
      "status": "success"
    },
    {
      "url": "https://news.qq.com/rain/a/20260903A08YPP00",
      "title": "“牛鸭之战”一触即发！吴易昺硬地状态拉满静候卫冕冠军，阿尔卡拉斯伤愈复出成最大变数",
      "collection_id": "6a9a3cba462e4bbfa78fa0b5",
      "insert_len": 0,
      "status": "success"
    },
    {
      "url": "https://news.qq.com/rain/a/20260903A08YK500",
      "title": "外交部：有近百名中国公民在尼泊尔受灾地区失联",
      "collection_id": "6a9a3cba462e4bbfa78fa0f5",
      "insert_len": 0,
      "status": "success"
    },
    {
      "url": "https://news.qq.com/rain/a/20260903A08Y9500",
      "title": "“梦想星光”威海火炬杯全民文化艺术季青少年组决赛落幕",
      "collection_id": "6a9a3cba462e4bbfa78fa125",
      "insert_len": 0,
      "status": "success"
    },
    {
      "url": "https://news.qq.com/rain/a/20260903A08Y8600",
      "title": "16家上市车企半年报盘点：7家盈利9家亏损，4家由盈转亏",
      "collection_id": "6a9a3cba462e4bbfa78fa15d",
      "insert_len": 0,
      "status": "success"
    },
    {
      "url": "https://news.qq.com/rain/a/20260903A08YE300",
      "title": "开学季抢抓施工黄金期 南桥改建工程稳步推进",
      "collection_id": "6a9a3cbb462e4bbfa78fa198",
      "insert_len": 0,
      "status": "success"
    },
    {
      "url": "https://news.qq.com/rain/a/20260903A08XPX00",
      "title": "多股涨停！今天A股反弹了！",
      "collection_id": "6a9a3cbb462e4bbfa78fa1e0",
      "insert_len": 0,
      "status": "success"
    },
    {
      "url": "https://news.qq.com/rain/a/20260903A08Z1L00",
      "title": "",
      "collection_id": null,
      "insert_len": 0,
      "status": "failed",
      "error": "新闻内容过短。"
    },
    {
      "url": "https://news.qq.com/rain/a/20260903A08YA300",
      "title": "恒生科技指数下跌1.08%，金属镍板块涨幅居前｜港股收评",
      "collection_id": "6a9a3cbb462e4bbfa78fa21b",
      "insert_len": 0,
      "status": "success"
    },
    {
      "url": "https://news.qq.com/rain/a/20260903A08XMY00",
      "title": "全品牌抢做“陪练”",
      "collection_id": "6a9a3cbb462e4bbfa78fa253",
      "insert_len": 0,
      "status": "success"
    },
    {
      "url": "https://news.qq.com/rain/a/20260903A08YFN00",
      "title": "悍高集团今日大宗交易折价成交30万股，成交额1182.6万元",
      "collection_id": "6a9a3cbb462e4bbfa78fa296",
      "insert_len": 0,
      "status": "success"
    },
    {
      "url": "https://news.qq.com/rain/a/20260903A08YUQ00",
      "title": "暗示特斯拉？Waymo车载软件副总裁发布2亿英里完全自动驾驶的AI经验",
      "collection_id": "6a9a3cbc462e4bbfa78fa2f4",
      "insert_len": 0,
      "status": "success"
    },
    {
      "url": "https://news.qq.com/rain/a/20260903A08YGX00",
      "title": "",
      "collection_id": null,
      "insert_len": 0,
      "status": "failed",
      "error": "EOF occurred in violation of protocol (_ssl.c:1006)"
    },
    {
      "url": "https://news.qq.com/rain/a/20260903A08Y5W00",
      "title": "贵州省2026年“最美医务工作者”李亚军：以扎实医术为患者打通“健康通路”｜身边榜样",
      "collection_id": "6a9a3cbc462e4bbfa78fa346",
      "insert_len": 0,
      "status": "success"
    },
    {
      "url": "https://news.qq.com/rain/a/20260903A08YGV00",
      "title": "这款“成都造”全球首创抗癌新药，临床应用专家共识正式落地",
      "collection_id": "6a9a3cbc462e4bbfa78fa37a",
      "insert_len": 0,
      "status": "success"
    },
    {
      "url": "https://news.qq.com/rain/a/20260903A08YI300",
      "title": "福建仙游一民房暴雨中倒塌 当地回应：事发前人员已撤离，无伤亡情况",
      "collection_id": "6a9a3cbd462e4bbfa78fa3c9",
      "insert_len": 0,
      "status": "success"
    },
    {
      "url": "https://news.qq.com/rain/a/20260903A08YIB00",
      "title": "“葫芦娃爷爷” ，火了",
      "collection_id": "6a9a3cbd462e4bbfa78fa3f9",
      "insert_len": 0,
      "status": "success"
    },
    {
      "url": "https://news.qq.com/rain/a/20260903A08YYB00",
      "title": "",
      "collection_id": null,
      "insert_len": 0,
      "status": "failed",
      "error": "新闻内容过短。"
    },
    {
      "url": "https://news.qq.com/rain/a/20260903A08WCP00",
      "title": "宝山区17家“宝宝屋”上线，专业陪伴+免费额度等您领！",
      "collection_id": "6a9a3cbd462e4bbfa78fa432",
      "insert_len": 0,
      "status": "success"
    },
    {
      "url": "https://news.qq.com/rain/a/20260903A08YIL00",
      "title": "“80后”董毅获批担任长安信托董事长，国资控股后首份年报净利润翻倍",
      "collection_id": "6a9a3cbd462e4bbfa78fa463",
      "insert_len": 0,
      "status": "success"
    },
    {
      "url": "https://news.qq.com/rain/a/20260903A08YRV00",
      "title": "乘联分会：国内成品油价两轮累计上调近985元/吨，大幅抬升燃油车用车、养车成本",
      "collection_id": "6a9a3cbd462e4bbfa78fa49b",
      "insert_len": 0,
      "status": "success"
    },
    {
      "url": "https://news.qq.com/rain/a/20260903A08YVB00",
      "title": "",
      "collection_id": null,
      "insert_len": 0,
      "status": "failed",
      "error": "新闻内容过短。"
    },
    {
      "url": "https://news.qq.com/rain/a/20260903A08Y2B00",
      "title": "",
      "collection_id": null,
      "insert_len": 0,
      "status": "failed",
      "error": "新闻内容过短。"
    },
    {
      "url": "https://news.qq.com/rain/a/20260903A08YKF00",
      "title": "宣称“独家货源”售卖仿冒名家画作，通州警方打掉诈骗团伙",
      "collection_id": "6a9a3cbe462e4bbfa78fa4e5",
      "insert_len": 0,
      "status": "success"
    },
    {
      "url": "https://news.qq.com/rain/a/20260903A08XPD00",
      "title": "双语普法“国际张” 法治唱响“绿山乡”",
      "collection_id": "6a9a3cbe462e4bbfa78fa516",
      "insert_len": 0,
      "status": "success"
    },
    {
      "url": "https://news.qq.com/rain/a/20260903A08YRP00",
      "title": "甘李药业：GZC8072片获2型糖尿病临床试验批准",
      "collection_id": "6a9a3cbe462e4bbfa78fa551",
      "insert_len": 0,
      "status": "success"
    },
    {
      "url": "https://news.qq.com/rain/a/20260903A08YHS00",
      "title": "国家疾控局：全国新冠疫情已连续3周下降",
      "collection_id": "6a9a3cbe462e4bbfa78fa5c9",
      "insert_len": 0,
      "status": "success"
    },
    {
      "url": "https://news.qq.com/rain/a/20260903A08YE700",
      "title": "开学预警！高校新生当心这些电信诈骗陷阱",
      "collection_id": "6a9a3cbe462e4bbfa78fa599",
      "insert_len": 0,
      "status": "success"
    },
    {
      "url": "https://news.qq.com/rain/a/20260903A08YW700",
      "title": "",
      "collection_id": null,
      "insert_len": 0,
      "status": "failed",
      "error": "新闻内容过短。"
    },
    {
      "url": "https://news.qq.com/rain/a/20260903A08YF300",
      "title": "",
      "collection_id": null,
      "insert_len": 0,
      "status": "failed",
      "error": "新闻内容过短。"
    },
    {
      "url": "https://news.qq.com/rain/a/20260903A08YWR00",
      "title": "长春九年一贯制学区房新盘推荐2026：优质九年一贯制学校对口楼盘与学区划分解读",
      "collection_id": "6a9a3cbf462e4bbfa78fa60c",
      "insert_len": 0,
      "status": "success"
    },
    {
      "url": "https://news.qq.com/rain/a/20260903A08YWS00",
      "title": "杭州地铁3号线沿线改善楼盘2026怎么选？200㎡低密优选风和丽舍性价比解析",
      "collection_id": "6a9a3cc0462e4bbfa78fa655",
      "insert_len": 0,
      "status": "success"
    },
    {
      "url": "https://news.qq.com/rain/a/20260903A08YJX00",
      "title": "",
      "collection_id": null,
      "insert_len": 0,
      "status": "failed",
      "error": "EOF occurred in violation of protocol (_ssl.c:1006)"
    },
    {
      "url": "https://news.qq.com/rain/a/20260903A08YYW00",
      "title": "",
      "collection_id": null,
      "insert_len": 0,
      "status": "failed",
      "error": "EOF occurred in violation of protocol (_ssl.c:1006)"
    },
    {
      "url": "https://news.qq.com/rain/a/20260903A08YRJ00",
      "title": "重仓30只半导体！大基金千亿持仓出炉",
      "collection_id": "6a9a3cc0462e4bbfa78fa69c",
      "insert_len": 0,
      "status": "success"
    },
    {
      "url": "https://news.qq.com/rain/a/20260903A08YO000",
      "title": "接手GAP三年后，宝尊看见了这盘生意的另一重价值",
      "collection_id": "6a9a3cc1462e4bbfa78fa6fb",
      "insert_len": 0,
      "status": "success"
    },
    {
      "url": "https://news.qq.com/rain/a/20260903A03AUX00",
      "title": "优迅CVC产业基金设立",
      "collection_id": "6a9a3cc1462e4bbfa78fa6e9",
      "insert_len": 0,
      "status": "success"
    },
    {
      "url": "https://news.qq.com/rain/a/20260903A08YP800",
      "title": "流感季将至，疫苗怎么打？新版流感疫苗接种指南发布",
      "collection_id": "6a9a3cca462e4bbfa78fa9a7",
      "insert_len": 0,
      "status": "success"
    },
    {
      "url": "https://news.qq.com/rain/a/20260903A08YTR00",
      "title": "",
      "collection_id": null,
      "insert_len": 0,
      "status": "failed",
      "error": "新闻内容过短。"
    },
    {
      "url": "https://news.qq.com/rain/a/20260903A08Z0I00",
      "title": "北京土拍丨华润置地以82.993亿元竞得顺义温榆河地块",
      "collection_id": "6a9a3cc2462e4bbfa78fa763",
      "insert_len": 0,
      "status": "success"
    },
    {
      "url": "https://news.qq.com/rain/a/20260903A08YK800",
      "title": "世界气象组织：厄尔尼诺将发展为超强级别，对全球降水和温度格局产生重大影响，相关极端天气风险将持续至2027年",
      "collection_id": "6a9a3cc3462e4bbfa78fa79d",
      "insert_len": 0,
      "status": "success"
    },
    {
      "url": "https://news.qq.com/rain/a/20260903A08YHY00",
      "title": "",
      "collection_id": null,
      "insert_len": 0,
      "status": "failed",
      "error": "新闻正文为空。"
    },
    {
      "url": "https://news.qq.com/rain/a/20260903A08YX300",
      "title": "",
      "collection_id": null,
      "insert_len": 0,
      "status": "failed",
      "error": "新闻内容过短。"
    },
    {
      "url": "https://news.qq.com/rain/a/20260903A08YYE00",
      "title": "",
      "collection_id": null,
      "insert_len": 0,
      "status": "failed",
      "error": "EOF occurred in violation of protocol (_ssl.c:1006)"
    },
    {
      "url": "https://news.qq.com/rain/a/20260903A08YF000",
      "title": "",
      "collection_id": null,
      "insert_len": 0,
      "status": "failed",
      "error": "新闻内容过短。"
    },
    {
      "url": "https://news.qq.com/rain/a/20260903A08Z5000",
      "title": "ETF日报(09.03)丨政策利好持续催化创新药板块 “小非农”数据爆冷短期支撑金价",
      "collection_id": "6a9a3cc5462e4bbfa78fa7db",
      "insert_len": 0,
      "status": "success"
    },
    {
      "url": "https://news.qq.com/rain/a/20260903A08YVE00",
      "title": "",
      "collection_id": null,
      "insert_len": 0,
      "status": "failed",
      "error": "新闻内容过短。"
    },
    {
      "url": "https://news.qq.com/rain/a/20260903A08Y3P00",
      "title": "世赛赋能数字制造，技能拥抱AI变革——“魔都技能创享汇”走进模速空间",
      "collection_id": "6a9a3cc6462e4bbfa78fa816",
      "insert_len": 0,
      "status": "success"
    },
    {
      "url": "https://news.qq.com/rain/a/20260903A08YE600",
      "title": "",
      "collection_id": null,
      "insert_len": 0,
      "status": "failed",
      "error": "EOF occurred in violation of protocol (_ssl.c:1006)"
    },
    {
      "url": "https://news.qq.com/rain/a/20260903A08YVZ00",
      "title": "",
      "collection_id": null,
      "insert_len": 0,
      "status": "failed",
      "error": "新闻内容过短。"
    },
    {
      "url": "https://news.qq.com/rain/a/20260903A08YKJ00",
      "title": "深南电路：定增布局AI领域 前次募投项目产能与效益尚未完全释放",
      "collection_id": "6a9a3cc8462e4bbfa78fa851",
      "insert_len": 0,
      "status": "success"
    },
    {
      "url": "https://news.qq.com/rain/a/20260903A08Z2G00",
      "title": "卡拉格：索博斯洛伊最适合右后卫，伊劳拉必须和他谈一谈",
      "collection_id": "6a9a3cc8462e4bbfa78fa8c9",
      "insert_len": 0,
      "status": "success"
    },
    {
      "url": "https://news.qq.com/rain/a/20260903A08Z1000",
      "title": "",
      "collection_id": null,
      "insert_len": 0,
      "status": "failed",
      "error": "新闻内容过短。"
    },
    {
      "url": "https://news.qq.com/rain/a/20260903A08YJT00",
      "title": "沙面47.97亿全岛活化：一半修房子，一半换底盘",
      "collection_id": "6a9a3cc9462e4bbfa78fa914",
      "insert_len": 0,
      "status": "success"
    },
    {
      "url": "https://news.qq.com/rain/a/20260903A08YUO00",
      "title": "",
      "collection_id": null,
      "insert_len": 0,
      "status": "failed",
      "error": "新闻内容过短。"
    },
    {
      "url": "https://news.qq.com/rain/a/20260903A08YA500",
      "title": "“沙德尔”最新位置公布！泉州升级暴雨红色预警！",
      "collection_id": "6a9a3cca462e4bbfa78fa96f",
      "insert_len": 0,
      "status": "success"
    },
    {
      "url": "https://news.qq.com/rain/a/20260903A08Z4K00",
      "title": "西班牙政府召见摩洛哥驻西班牙大使",
      "collection_id": "6a9a3cca462e4bbfa78fa9d7",
      "insert_len": 0,
      "status": "success"
    },
    {
      "url": "https://news.qq.com/rain/a/20260903A08YYG00",
      "title": "",
      "collection_id": null,
      "insert_len": 0,
      "status": "failed",
      "error": "新闻内容过短。"
    },
    {
      "url": "https://news.qq.com/rain/a/20260903A08YF200",
      "title": "【襄平论检 灯塔检察】检察长实质化履职 全链条守护青春向阳成长",
      "collection_id": "6a9a3cca462e4bbfa78faa10",
      "insert_len": 0,
      "status": "success"
    },
    {
      "url": "https://news.qq.com/rain/a/20260903A08ZFL00",
      "title": "权威解答 | HPV焦点Q&A，国家为啥要规划HPV疫苗？",
      "collection_id": "6a9a3ccb462e4bbfa78faa47",
      "insert_len": 0,
      "status": "success"
    },
    {
      "url": "https://news.qq.com/rain/a/20260903A08YPO00",
      "title": "得了IgA肾病，患者如何读懂自己的病？20余位专家共编IgA患者教育丛书",
      "collection_id": "6a9a3ccb462e4bbfa78faa77",
      "insert_len": 0,
      "status": "success"
    },
    {
      "url": "https://news.qq.com/rain/a/20260903A08Z9N00",
      "title": "外媒预测2026年楼市再探底：投资跌20%，房价何时能止跌？",
      "collection_id": "6a9a3ccb462e4bbfa78faaa7",
      "insert_len": 0,
      "status": "success"
    },
    {
      "url": "https://news.qq.com/rain/a/20260903A08YWA00",
      "title": "",
      "collection_id": null,
      "insert_len": 0,
      "status": "failed",
      "error": "新闻内容过短。"
    },
    {
      "url": "https://news.qq.com/rain/a/20260903A08YV100",
      "title": "",
      "collection_id": null,
      "insert_len": 0,
      "status": "failed",
      "error": "新闻内容过短。"
    },
    {
      "url": "https://news.qq.com/rain/a/20260903A08YPN00",
      "title": "当我开始写作，我便拥有了一个辽阔的世界",
      "collection_id": "6a9a3ccc462e4bbfa78fab3a",
      "insert_len": 0,
      "status": "success"
    },
    {
      "url": "https://news.qq.com/rain/a/20260903A08Y5H00",
      "title": "扬眼纪实 | 苏绣大师蔡梅英：一根针万缕线中的人生",
      "collection_id": "6a9a3ccb462e4bbfa78fab02",
      "insert_len": 0,
      "status": "success"
    },
    {
      "url": "https://news.qq.com/rain/a/20260903A08YUJ00",
      "title": "",
      "collection_id": null,
      "insert_len": 0,
      "status": "failed",
      "error": "EOF occurred in violation of protocol (_ssl.c:1006)"
    },
    {
      "url": "https://news.qq.com/rain/a/20260903A08YUP00",
      "title": "",
      "collection_id": null,
      "insert_len": 0,
      "status": "failed",
      "error": "新闻内容过短。"
    },
    {
      "url": "https://news.qq.com/rain/a/20260903A08Y8K00",
      "title": "秋招启幕！欣旺达动力专场招聘会在深大举办",
      "collection_id": "6a9a3ccc462e4bbfa78faba4",
      "insert_len": 0,
      "status": "success"
    },
    {
      "url": "https://news.qq.com/rain/a/20260903A08YWQ00",
      "title": "2000万预算！广州番禺新房别墅和二手别墅产品差多少？",
      "collection_id": "6a9a3ccc462e4bbfa78fabd4",
      "insert_len": 0,
      "status": "success"
    },
    {
      "url": "https://news.qq.com/rain/a/20260903A08ZHJ00",
      "title": "苹果首款折叠屏iPhone曝光，或将首发双UTG结构",
      "collection_id": "6a9a3cce462e4bbfa78facc7",
      "insert_len": 0,
      "status": "success"
    },
    {
      "url": "https://news.qq.com/rain/a/20260903A08Z2F00",
      "title": "",
      "collection_id": null,
      "insert_len": 0,
      "status": "failed",
      "error": "EOF occurred in violation of protocol (_ssl.c:1006)"
    },
    {
      "url": "https://news.qq.com/rain/a/20260903A08Z0M00",
      "title": "古茗加盟政策调整：加盟费每年收取1.5万元，首批设备的35%款项可分24期支付",
      "collection_id": "6a9a3ccd462e4bbfa78fac20",
      "insert_len": 0,
      "status": "success"
    },
    {
      "url": "https://news.qq.com/rain/a/20260903A08Z5O00",
      "title": "福建省海洋预报台解除风暴潮消息",
      "collection_id": "6a9a3ccd462e4bbfa78fac58",
      "insert_len": 0,
      "status": "success"
    },
    {
      "url": "https://news.qq.com/rain/a/20260903A08ZNU00",
      "title": "港股科网股普跌，小米、阿里、网易、快手跌超2%，携程跌超5%，黄金股强势，龙资源大涨18%",
      "collection_id": "6a9a3cce462e4bbfa78fac90",
      "insert_len": 0,
      "status": "success"
    },
    {
      "url": "https://news.qq.com/rain/a/20260903A08Z1G00",
      "title": "",
      "collection_id": null,
      "insert_len": 0,
      "status": "failed",
      "error": "EOF occurred in violation of protocol (_ssl.c:1006)"
    },
    {
      "url": "https://news.qq.com/rain/a/20260903A08WPN00",
      "title": "年年有鱼的诀窍，在于“带薪休假”",
      "collection_id": "6a9a3ccf462e4bbfa78fad00",
      "insert_len": 0,
      "status": "success"
    },
    {
      "url": "https://news.qq.com/rain/a/20260903A08Z4000",
      "title": "三大指数飘红，保险板块强势上行",
      "collection_id": "6a9a3cd0462e4bbfa78fad38",
      "insert_len": 0,
      "status": "success"
    },
    {
      "url": "https://news.qq.com/rain/a/20260903A08Z0800",
      "title": "一锅鸡汤“炖”出热爱：四川这所高校的药膳入学课飘香",
      "collection_id": "6a9a3cd0462e4bbfa78fad74",
      "insert_len": 0,
      "status": "success"
    },
    {
      "url": "https://news.qq.com/rain/a/20260903A08XIA00",
      "title": "八千年笛声今又起！AI让贾湖骨笛在印尼“发声”",
      "collection_id": "6a9a3cd1462e4bbfa78fada4",
      "insert_len": 0,
      "status": "success"
    },
    {
      "url": "https://news.qq.com/rain/a/20260903A08Z8C00",
      "title": "2026搜狐无界美学大赏：奥迪诠释未来设计理念，全新奥迪A6L荣膺格曜奖",
      "collection_id": "6a9a3cd1462e4bbfa78fade7",
      "insert_len": 0,
      "status": "success"
    },
    {
      "url": "https://news.qq.com/rain/a/20260903A08YWU00",
      "title": "郑州2026年九年一贯制学区房新盘推荐：家有3岁孩子如何锁定小学初中双优对口楼盘",
      "collection_id": "6a9a3cd1462e4bbfa78fae18",
      "insert_len": 0,
      "status": "success"
    },
    {
      "url": "https://news.qq.com/rain/a/20260903A08ZTH00",
      "title": "体育总局：“十五五”期间办赛审批更快 着力解决观赛“一票难求”问题",
      "collection_id": "6a9a3cd1462e4bbfa78fae55",
      "insert_len": 0,
      "status": "success"
    },
    {
      "url": "https://news.qq.com/rain/a/20260903A08O0700",
      "title": "直营回归叠加首店扎堆，Hervé Chapelier、Matin Kim等海外品牌提速入华",
      "collection_id": "6a9a3cd2462e4bbfa78fae9d",
      "insert_len": 0,
      "status": "success"
    },
    {
      "url": "https://news.qq.com/rain/a/20260903A08ZLD00",
      "title": "9月3日，退休人员注意！社保缴费将迎来一个新变化，看看你了解吗",
      "collection_id": "6a9a3cd2462e4bbfa78faed6",
      "insert_len": 0,
      "status": "success"
    },
    {
      "url": "https://news.qq.com/rain/a/20260903A08YPD00",
      "title": "",
      "collection_id": null,
      "insert_len": 0,
      "status": "failed",
      "error": "新闻内容过短。"
    },
    {
      "url": "https://news.qq.com/rain/a/20260903A08YKC00",
      "title": "9月2日外交部发言人答问汇总",
      "collection_id": "6a9a3cd2462e4bbfa78faf30",
      "insert_len": 0,
      "status": "success"
    },
    {
      "url": "https://news.qq.com/rain/a/20260903A08ZPS00",
      "title": "PS发布会今晚见！外网博主大胆“许愿”：豪华到不现实",
      "collection_id": "6a9a3cd3462e4bbfa78faf6c",
      "insert_len": 0,
      "status": "success"
    },
    {
      "url": "https://news.qq.com/rain/a/20260903A08Z2500",
      "title": "尹学芸：我想对世界说的话",
      "collection_id": "6a9a3cd3462e4bbfa78fafec",
      "insert_len": 0,
      "status": "success"
    },
    {
      "url": "https://news.qq.com/rain/a/20260903A08YVG00",
      "title": "陇拍客丨张掖：昔日盐碱滩 今朝果飘香",
      "collection_id": "6a9a3cd3462e4bbfa78fafbc",
      "insert_len": 0,
      "status": "success"
    },
    {
      "url": "https://news.qq.com/rain/a/20260903A08ZI700",
      "title": "3天两次盛赞梅西！穆帅：没有语言能形容，他是会让你想念的球员",
      "collection_id": "6a9a3cd8462e4bbfa78fb16a",
      "insert_len": 0,
      "status": "success"
    },
    {
      "url": "https://news.qq.com/rain/a/20260903A08X8U00",
      "title": "一枚火箭升空背后的产业故事",
      "collection_id": "6a9a3cd4462e4bbfa78fb07d",
      "insert_len": 0,
      "status": "success"
    },
    {
      "url": "https://news.qq.com/rain/a/20260903A08ZKK00",
      "title": "【护航开学季】“警”然有序！七台河多部门联动护航开学第一天",
      "collection_id": "6a9a3cd4462e4bbfa78fb04d",
      "insert_len": 0,
      "status": "success"
    },
    {
      "url": "https://news.qq.com/rain/a/20260903A08ZVG00",
      "title": "A股今日共46只个股涨停 零售股国芳集团5连板",
      "collection_id": "6a9a3cd4462e4bbfa78fb0ad",
      "insert_len": 0,
      "status": "success"
    },
    {
      "url": "https://news.qq.com/rain/a/20260903A08Z3Q00",
      "title": "",
      "collection_id": null,
      "insert_len": 0,
      "status": "failed",
      "error": "EOF occurred in violation of protocol (_ssl.c:1006)"
    },
    {
      "url": "https://news.qq.com/rain/a/20260903A08YWX00",
      "title": "",
      "collection_id": null,
      "insert_len": 0,
      "status": "failed",
      "error": "新闻内容过短。"
    },
    {
      "url": "https://news.qq.com/rain/a/20260903A08ZMC00",
      "title": "",
      "collection_id": null,
      "insert_len": 0,
      "status": "failed",
      "error": "EOF occurred in violation of protocol (_ssl.c:1006)"
    },
    {
      "url": "https://news.qq.com/rain/a/20260903A08YVN00",
      "title": "",
      "collection_id": null,
      "insert_len": 0,
      "status": "failed",
      "error": "新闻内容过短。"
    },
    {
      "url": "https://news.qq.com/rain/a/20260903A08Z2E00",
      "title": "官方：埃因霍温签下17岁闪耀前锋米克尔-汉森，双方签约三年",
      "collection_id": "6a9a3cd5462e4bbfa78fb0f4",
      "insert_len": 0,
      "status": "success"
    },
    {
      "url": "https://news.qq.com/rain/a/20260903A08ZKX00",
      "title": "开学季文具市场销量走俏 刚需品类带动销售冲高",
      "collection_id": "6a9a3cd6462e4bbfa78fb12e",
      "insert_len": 0,
      "status": "success"
    },
    {
      "url": "https://news.qq.com/rain/a/20260903A08Z0G00",
      "title": "",
      "collection_id": null,
      "insert_len": 0,
      "status": "failed",
      "error": "新闻正文为空。"
    },
    {
      "url": "https://news.qq.com/rain/a/20260903A08ZO400",
      "title": "国际篮联世界排名中国男篮仍位居第30名",
      "collection_id": "6a9a3cd8462e4bbfa78fb1d5",
      "insert_len": 0,
      "status": "success"
    },
    {
      "url": "https://news.qq.com/rain/a/20260903A08ZR600",
      "title": "福建省海洋预报台解除海浪消息",
      "collection_id": "6a9a3cd8462e4bbfa78fb1a3",
      "insert_len": 0,
      "status": "success"
    },
    {
      "url": "https://news.qq.com/rain/a/20260903A08YKL00",
      "title": "“如果生活在那个年代，我只能是一名战士”，南京青年大学生诵读诗歌致敬伟大胜利",
      "collection_id": "6a9a3cd9462e4bbfa78fb276",
      "insert_len": 0,
      "status": "success"
    },
    {
      "url": "https://news.qq.com/rain/a/20260903A08OAW00",
      "title": "",
      "collection_id": null,
      "insert_len": 0,
      "status": "failed",
      "error": "EOF occurred in violation of protocol (_ssl.c:1006)"
    },
    {
      "url": "https://news.qq.com/rain/a/20260903A08ZV000",
      "title": "2026世界动力电池大会｜宁德时代董事长曾毓群：比速度、比参数、比低价，不能以牺牲产品质量和消费者信任为代价",
      "collection_id": "6a9a3cd9462e4bbfa78fb246",
      "insert_len": 0,
      "status": "success"
    },
    {
      "url": "https://news.qq.com/rain/a/20260903A08YOK00",
      "title": "神农架连续晴好升温！昼夜温差超10℃，注意防晒防燥防火",
      "collection_id": "6a9a3cd9462e4bbfa78fb216",
      "insert_len": 0,
      "status": "success"
    },
    {
      "url": "https://news.qq.com/rain/a/20260903A08ZY900",
      "title": "婚宴变战场！伊朗民宅疑遭美军导弹袭击 造成4死68伤",
      "collection_id": "6a9a3cda462e4bbfa78fb2f1",
      "insert_len": 0,
      "status": "success"
    },
    {
      "url": "https://news.qq.com/rain/a/20260903A08YOE00",
      "title": "武汉开学经济热闹红火，迎新福利拉满",
      "collection_id": "6a9a3cda462e4bbfa78fb2bd",
      "insert_len": 0,
      "status": "success"
    },
    {
      "url": "https://news.qq.com/rain/a/20260903A08YRE00",
      "title": "",
      "collection_id": null,
      "insert_len": 0,
      "status": "failed",
      "error": "EOF occurred in violation of protocol (_ssl.c:1006)"
    },
    {
      "url": "https://news.qq.com/rain/a/20260903A08Z6600",
      "title": "商务部：欧方不能动辄以关闭市场相要挟",
      "collection_id": "6a9a3cda462e4bbfa78fb358",
      "insert_len": 0,
      "status": "success"
    },
    {
      "url": "https://news.qq.com/rain/a/20260903A08ZTR00",
      "title": "黄金多头集结！高盛喊出4900美元年终目标，央行需求是关键支撑",
      "collection_id": "6a996853462e4bbfa7862812",
      "insert_len": 0,
      "status": "skipped"
    },
    {
      "url": "https://news.qq.com/rain/a/20260903A08Z9J00",
      "title": "丘成桐院士寄语新生！“学术+产业”双导师模式护航交叉学科人才成长",
      "collection_id": "6a9a3cda462e4bbfa78fb356",
      "insert_len": 0,
      "status": "success"
    },
    {
      "url": "https://news.qq.com/rain/a/20260903A08ZMA00",
      "title": "湖南化工职大向溆浦县双井镇学校捐赠千套课桌椅",
      "collection_id": "6a9a3cdb462e4bbfa78fb3b5",
      "insert_len": 0,
      "status": "success"
    },
    {
      "url": "https://news.qq.com/rain/a/20260903A08X9P00",
      "title": "",
      "collection_id": null,
      "insert_len": 0,
      "status": "failed",
      "error": "EOF occurred in violation of protocol (_ssl.c:1006)"
    },
    {
      "url": "https://news.qq.com/rain/a/20260903A08ONC00",
      "title": "2026年，中国第一个1000公里地铁城市，诞生了",
      "collection_id": "6a9a3cdc462e4bbfa78fb3f1",
      "insert_len": 0,
      "status": "success"
    },
    {
      "url": "https://news.qq.com/rain/a/20260903A08ZHL00",
      "title": "2026年中国特色金融文化青年宣讲浙江行丨优秀作品展播④",
      "collection_id": "6a9a3cdd462e4bbfa78fb42c",
      "insert_len": 0,
      "status": "success"
    },
    {
      "url": "https://news.qq.com/rain/a/20260903A08NU900",
      "title": "越过乌蒙的“光” | 农工党中央“地域+领域”组团式帮扶毕节纪实",
      "collection_id": "6a9a3cdd462e4bbfa78fb47d",
      "insert_len": 0,
      "status": "success"
    },
    {
      "url": "https://news.qq.com/rain/a/20260903A08ZHH00",
      "title": "《漫威金刚狼》32套战衣外观泄露！经典造型回归",
      "collection_id": "6a9a3cde462e4bbfa78fb4cf",
      "insert_len": 0,
      "status": "success"
    },
    {
      "url": "https://news.qq.com/rain/a/20260903A08ZTO00",
      "title": "长沙3场演唱会开票通知！",
      "collection_id": "6a9a3cde462e4bbfa78fb4ff",
      "insert_len": 0,
      "status": "success"
    },
    {
      "url": "https://news.qq.com/rain/a/20260903A08ZJ400",
      "title": "【人大代表履职】社区筑就暖心灯塔，扎根一线践履为民",
      "collection_id": "6a9a3cde462e4bbfa78fb52f",
      "insert_len": 0,
      "status": "success"
    },
    {
      "url": "https://news.qq.com/rain/a/20260903A08ZT800",
      "title": "特朗普版1美元硬币正式发售，仅数小时就被一抢而空；不含黄金成分，印有醒目的“250”与特朗普头像",
      "collection_id": "6a9a3cdf462e4bbfa78fb5a1",
      "insert_len": 0,
      "status": "success"
    },
    {
      "url": "https://news.qq.com/rain/a/20260903A08ZJ600",
      "title": "",
      "collection_id": null,
      "insert_len": 0,
      "status": "failed",
      "error": "EOF occurred in violation of protocol (_ssl.c:1006)"
    },
    {
      "url": "https://news.qq.com/rain/a/20260903A08YWW00",
      "title": "上海外环500-600万3.5代宅新规多阳台新房推荐：多阳台设计成2026热门板块户型亮点",
      "collection_id": "6a9a3cdf462e4bbfa78fb582",
      "insert_len": 0,
      "status": "success"
    },
    {
      "url": "https://news.qq.com/rain/a/20260903A08OBG00",
      "title": "卖玩具的、卖厨电的、做地产的，怎么都盯上了算力生意？",
      "collection_id": "6a9a3ce0462e4bbfa78fb5fa",
      "insert_len": 0,
      "status": "success"
    },
    {
      "url": "https://news.qq.com/rain/a/20260903A08ZZG00",
      "title": "奥地利湖区的“白色黄金”，曾养活了一个庞大的帝国",
      "collection_id": "6a9a3ce0462e4bbfa78fb662",
      "insert_len": 0,
      "status": "success"
    },
    {
      "url": "https://news.qq.com/rain/a/20260903A0901200",
      "title": "新政后北京首次土拍，朝阳东北四环地块暂停出让",
      "collection_id": "6a9a3ce0462e4bbfa78fb632",
      "insert_len": 0,
      "status": "success"
    },
    {
      "url": "https://news.qq.com/rain/a/20260903A08ZVE00",
      "title": "*ST康佳：拟主动终止上市 股票停牌",
      "collection_id": "6a9a3ce0462e4bbfa78fb6c4",
      "insert_len": 0,
      "status": "success"
    },
    {
      "url": "https://news.qq.com/rain/a/20260903A090AP00",
      "title": "马杜罗律师团队要求美国撤销诉讼",
      "collection_id": "6a9a3ce0462e4bbfa78fb6f4",
      "insert_len": 0,
      "status": "success"
    },
    {
      "url": "https://news.qq.com/rain/a/20260903A08Z4Z00",
      "title": "美国抽紧全球铜库存，德银：铜市场或面临十年一遇挤仓时刻",
      "collection_id": "6a9a3ce0462e4bbfa78fb724",
      "insert_len": 0,
      "status": "success"
    },
    {
      "url": "https://news.qq.com/rain/a/20260903A0909700",
      "title": "",
      "collection_id": null,
      "insert_len": 0,
      "status": "failed",
      "error": "EOF occurred in violation of protocol (_ssl.c:1006)"
    },
    {
      "url": "https://news.qq.com/rain/a/20260903A08Z3O00",
      "title": "昔日“撂荒地” 今日“丰收田” 泰安高新区朱家埠村50亩玉米喜获丰收",
      "collection_id": "6a9a3ce1462e4bbfa78fb78f",
      "insert_len": 0,
      "status": "success"
    },
    {
      "url": "https://news.qq.com/rain/a/20260903A08YOA00",
      "title": "晴热持续！潜江未来三天最高温稳守32℃，午后注意防暑防晒",
      "collection_id": "6a9a3ce1462e4bbfa78fb7bf",
      "insert_len": 0,
      "status": "success"
    },
    {
      "url": "https://news.qq.com/rain/a/20260903A08ZV800",
      "title": "小米Xiaomi 18 Fold 全球首秀：红色，阔折叠",
      "collection_id": "6a9a3ce1462e4bbfa78fb806",
      "insert_len": 0,
      "status": "success"
    },
    {
      "url": "https://news.qq.com/rain/a/20260903A090B600",
      "title": "国家疾控局：520余万名适龄女孩接种首剂HPV疫苗",
      "collection_id": "6a9a3ce1462e4bbfa78fb836",
      "insert_len": 0,
      "status": "success"
    },
    {
      "url": "https://news.qq.com/rain/a/20260903A08ZVI00",
      "title": "超强厄尔尼诺预警落地，全球食品涨价潮或将到来",
      "collection_id": "6a9a3ce2462e4bbfa78fb87f",
      "insert_len": 0,
      "status": "success"
    },
    {
      "url": "https://news.qq.com/rain/a/20260903A08Z4S00",
      "title": "对赌压身、创始人离场，钱大妈再冲港交所",
      "collection_id": "6a9a3ce2462e4bbfa78fb8af",
      "insert_len": 0,
      "status": "success"
    },
    {
      "url": "https://news.qq.com/rain/a/20260903A08Z0K00",
      "title": "网友关心的新能源汽车补贴政策问题，内江官方回复了",
      "collection_id": "6a9a3ce3462e4bbfa78fb91e",
      "insert_len": 0,
      "status": "success"
    },
    {
      "url": "https://news.qq.com/rain/a/20260903A08ZYQ00",
      "title": "郑州银行2026年半年报出炉：资产规模逼近8000亿元，营收净利双增，高质量发展显韧性",
      "collection_id": "6a9a3ce3462e4bbfa78fb955",
      "insert_len": 0,
      "status": "success"
    },
    {
      "url": "https://news.qq.com/rain/a/20260903A08YSS00",
      "title": "",
      "collection_id": null,
      "insert_len": 0,
      "status": "failed",
      "error": "新闻内容过短。"
    },
    {
      "url": "https://news.qq.com/rain/a/20260903A08ZY000",
      "title": "“项”上争锋 “智”造未来——安丘市抢抓项目建设激活工业经济强劲发展动能",
      "collection_id": "6a9a3ce4462e4bbfa78fb98e",
      "insert_len": 0,
      "status": "success"
    },
    {
      "url": "https://news.qq.com/rain/a/20260903A0902S00",
      "title": "微软确认Win11最新更新致光标异常及ARM版Office崩溃",
      "collection_id": "6a9a3ce4462e4bbfa78fb9e1",
      "insert_len": 0,
      "status": "success"
    },
    {
      "url": "https://news.qq.com/rain/a/20260903A08ZZZ00",
      "title": "聊城公开征集2027年重大民生项目",
      "collection_id": "6a9a3ce4462e4bbfa78fba42",
      "insert_len": 0,
      "status": "success"
    },
    {
      "url": "https://news.qq.com/rain/a/20260903A0900I00",
      "title": "三星DX首席设计官谈机器人战略 不只局限于人形方案",
      "collection_id": "6a9a3ce4462e4bbfa78fba11",
      "insert_len": 0,
      "status": "success"
    },
    {
      "url": "https://news.qq.com/rain/a/20260903A090G500",
      "title": "俄媒文章：上合组织重要性将不断提升",
      "collection_id": "6a9a3ce4462e4bbfa78fba91",
      "insert_len": 0,
      "status": "success"
    },
    {
      "url": "https://news.qq.com/rain/a/20260903A08YLG00",
      "title": "迪拜公司签五年对华协议，每年拟采购万台人形机器人",
      "collection_id": "6a9a3ce4462e4bbfa78fbaee",
      "insert_len": 0,
      "status": "success"
    },
    {
      "url": "https://news.qq.com/rain/a/20260903A08ZXJ00",
      "title": "9月券商金股谁家强？宁德时代、药明康德成“人气王”，“潜力股”怎么挑？",
      "collection_id": "6a9a3ce4462e4bbfa78fbac1",
      "insert_len": 0,
      "status": "success"
    },
    {
      "url": "https://news.qq.com/rain/a/20260903A08Z9B00",
      "title": "",
      "collection_id": null,
      "insert_len": 0,
      "status": "failed",
      "error": "EOF occurred in violation of protocol (_ssl.c:1006)"
    },
    {
      "url": "https://news.qq.com/rain/a/20260903A090EE00",
      "title": "英伟达牵头开放安全AI联盟移交Linux基金会",
      "collection_id": "6a9a3ce5462e4bbfa78fbb70",
      "insert_len": 0,
      "status": "success"
    },
    {
      "url": "https://news.qq.com/rain/a/20260903A090JL00",
      "title": "智能养兔“蹦”出致富新路子",
      "collection_id": "6a9a3ce5462e4bbfa78fbb40",
      "insert_len": 0,
      "status": "success"
    },
    {
      "url": "https://news.qq.com/rain/a/20260903A08YTB00",
      "title": "『回火礼包//V26』今日上线，奇点 正义、RGX 11z Pro 狂徒、上古龙炎 冥驹打包带走！",
      "collection_id": "6a9a3ce6462e4bbfa78fbbe3",
      "insert_len": 0,
      "status": "success"
    },
    {
      "url": "https://news.qq.com/rain/a/20260903A08YZU00",
      "title": "深夜砺兵谋实战！开福区开展老旧小区多层建筑灭火救援盲演",
      "collection_id": "6a9a3ce5462e4bbfa78fbbb2",
      "insert_len": 0,
      "status": "success"
    },
    {
      "url": "https://news.qq.com/rain/a/20260903A08ZXM00",
      "title": "评论｜十八届盛会，铸就属于中国康复事业的时代“成人礼”",
      "collection_id": "6a9a3ce6462e4bbfa78fbc23",
      "insert_len": 0,
      "status": "success"
    },
    {
      "url": "https://news.qq.com/rain/a/20260903A0904Z00",
      "title": "全球媒体聚焦 | 英媒：外国投资者兴起“中国科技考察热”",
      "collection_id": "6a9a3ce6462e4bbfa78fbc5a",
      "insert_len": 0,
      "status": "success"
    },
    {
      "url": "https://news.qq.com/rain/a/20260903A08ZTI00",
      "title": "CBA夏季联赛青岛站火热开赛，辽宁、山西、山东检验新援成色，青岛25分大胜广厦迎开门红",
      "collection_id": "6a9a3ce6462e4bbfa78fbc96",
      "insert_len": 0,
      "status": "success"
    },
    {
      "url": "https://news.qq.com/rain/a/20260903A090S200",
      "title": "",
      "collection_id": null,
      "insert_len": 0,
      "status": "failed",
      "error": "EOF occurred in violation of protocol (_ssl.c:1006)"
    },
    {
      "url": "https://news.qq.com/rain/a/20260903A0901E00",
      "title": "一个电话全搞定！松江枢纽开通24小时服务热线",
      "collection_id": "6a9a3ce7462e4bbfa78fbce3",
      "insert_len": 0,
      "status": "success"
    },
    {
      "url": "https://news.qq.com/rain/a/20260903A08OAH00",
      "title": "亏损7亿后，阿迪靠一个50年前的LOGO翻身了？",
      "collection_id": "6a9a3ce7462e4bbfa78fbd1b",
      "insert_len": 0,
      "status": "success"
    },
    {
      "url": "https://news.qq.com/rain/a/20260903A08ZXO00",
      "title": "美籍专家“灵魂质问”西方抹黑：都没来过中国，怎能随意评判？",
      "collection_id": "6a9a3ce7462e4bbfa78fbd5c",
      "insert_len": 0,
      "status": "success"
    },
    {
      "url": "https://news.qq.com/rain/a/20260903A0901U00",
      "title": "彩妆退潮之后，逸仙电商正在进行一场危险的品牌手术",
      "collection_id": "6a9a3ce8462e4bbfa78fbd9b",
      "insert_len": 0,
      "status": "success"
    },
    {
      "url": "https://news.qq.com/rain/a/20260903A08ZFM00",
      "title": "体育总局：“十五五”期间将新建或改扩建超5000个“小而美”运动场地",
      "collection_id": "6a9a3ce8462e4bbfa78fbdd3",
      "insert_len": 0,
      "status": "success"
    },
    {
      "url": "https://news.qq.com/rain/a/20260903A090DC00",
      "title": "江苏淮安警方：公开征集“卞六”、“大露子”、“傻强”等人违法犯罪线索",
      "collection_id": "6a9a3ce8462e4bbfa78fbe24",
      "insert_len": 0,
      "status": "success"
    },
    {
      "url": "https://news.qq.com/rain/a/20260903A090T900",
      "title": "",
      "collection_id": null,
      "insert_len": 0,
      "status": "failed",
      "error": "新闻内容过短。"
    },
    {
      "url": "https://news.qq.com/rain/a/20260903A090BQ00",
      "title": "韩国政府部门将分批迁往世宗，总统办公室三年后竣工",
      "collection_id": "6a9a3ce9462e4bbfa78fbe66",
      "insert_len": 0,
      "status": "success"
    },
    {
      "url": "https://news.qq.com/rain/a/20260903A090QL00",
      "title": "",
      "collection_id": null,
      "insert_len": 0,
      "status": "failed",
      "error": "新闻内容过短。"
    },
    {
      "url": "https://news.qq.com/rain/a/20260903A090I500",
      "title": "国家消防救援局：力争用5年左右时间增强全民消防安全意识",
      "collection_id": "6a9a3ce9462e4bbfa78fbea1",
      "insert_len": 0,
      "status": "success"
    },
    {
      "url": "https://news.qq.com/rain/a/20260903A090TM00",
      "title": "上海浦东森兰容积率低于1.0纯别墅在售楼盘2026盘点：低密社区产品类型与价格区间解析",
      "collection_id": "6a9a3cea462e4bbfa78fbef2",
      "insert_len": 0,
      "status": "success"
    },
    {
      "url": "https://news.qq.com/rain/a/20260903A08Z6N00",
      "title": "28所顶尖机构联合综述：软体机器人的未来，是让“身体”自己学会思考",
      "collection_id": "6a9a3ceb462e4bbfa78fbfac",
      "insert_len": 0,
      "status": "success"
    },
    {
      "url": "https://news.qq.com/rain/a/20260903A090LP00",
      "title": "上海土拍释放楼市新信号：资金加速流向热点城市，低密度地块成新宠",
      "collection_id": "6a9a3cea462e4bbfa78fbef0",
      "insert_len": 0,
      "status": "success"
    },
    {
      "url": "https://news.qq.com/rain/a/20260903A090RZ00",
      "title": "",
      "collection_id": null,
      "insert_len": 0,
      "status": "failed",
      "error": "新闻内容过短。"
    },
    {
      "url": "https://news.qq.com/rain/a/20260903A090D300",
      "title": "曾毓群：比速度比参数比低价牺牲质量与信任",
      "collection_id": "6a9a3ceb462e4bbfa78fbf72",
      "insert_len": 0,
      "status": "success"
    },
    {
      "url": "https://news.qq.com/rain/a/20260903A090VH00",
      "title": "",
      "collection_id": null,
      "insert_len": 0,
      "status": "failed",
      "error": "新闻内容过短。"
    },
    {
      "url": "https://news.qq.com/rain/a/20260903A08ZXP00",
      "title": "",
      "collection_id": null,
      "insert_len": 0,
      "status": "failed",
      "error": "EOF occurred in violation of protocol (_ssl.c:1006)"
    },
    {
      "url": "https://news.qq.com/rain/a/20260903A0906100",
      "title": "小米18 Fold硬件细节曝光：抗跌落能力超强！",
      "collection_id": "6a9a3ceb462e4bbfa78fbff4",
      "insert_len": 0,
      "status": "success"
    },
    {
      "url": "https://news.qq.com/rain/a/20260903A090B800",
      "title": "",
      "collection_id": null,
      "insert_len": 0,
      "status": "failed",
      "error": "EOF occurred in violation of protocol (_ssl.c:1006)"
    },
    {
      "url": "https://news.qq.com/rain/a/20260903A090BP00",
      "title": "园博湖公交式轮渡服贸会前开航！还有“园博夜未央”等你来",
      "collection_id": "6a9a3cec462e4bbfa78fc097",
      "insert_len": 0,
      "status": "success"
    },
    {
      "url": "https://news.qq.com/rain/a/20260903A090RN00",
      "title": "博通两年交付3500亿美元芯片",
      "collection_id": "6a9a3cec462e4bbfa78fc066",
      "insert_len": 0,
      "status": "success"
    },
    {
      "url": "https://news.qq.com/rain/a/20260903A08ZQC00",
      "title": "",
      "collection_id": null,
      "insert_len": 0,
      "status": "failed",
      "error": "新闻内容过短。"
    },
    {
      "url": "https://news.qq.com/rain/a/20260903A090PM00",
      "title": "",
      "collection_id": null,
      "insert_len": 0,
      "status": "failed",
      "error": "EOF occurred in violation of protocol (_ssl.c:1006)"
    },
    {
      "url": "https://news.qq.com/rain/a/20260903A090FG00",
      "title": "PTC最后机会赛第二日结束：AG排名第一",
      "collection_id": "6a9a3ced462e4bbfa78fc0d9",
      "insert_len": 0,
      "status": "success"
    },
    {
      "url": "https://news.qq.com/rain/a/20260903A090NK00",
      "title": "",
      "collection_id": null,
      "insert_len": 0,
      "status": "failed",
      "error": "新闻内容过短。"
    },
    {
      "url": "https://news.qq.com/rain/a/20260903A08PFC00",
      "title": "商务部：炒作 “经济失衡”“产能过剩” 实质是推行保护主义 中方坚决反对",
      "collection_id": "6a9a3cef462e4bbfa78fc113",
      "insert_len": 0,
      "status": "success"
    },
    {
      "url": "https://news.qq.com/rain/a/20260903A08ZUG00",
      "title": "可借鉴：四个真实案例还原装修平台处理纠纷全过程",
      "collection_id": "6a9a3cf0462e4bbfa78fc171",
      "insert_len": 0,
      "status": "success"
    },
    {
      "url": "https://news.qq.com/rain/a/20260903A090BG00",
      "title": "在韩遇难中国女留学生家属发声：已委托代理律师，“克服万难也要将凶手引渡回国审判”",
      "collection_id": "6a9a3cf0462e4bbfa78fc1b6",
      "insert_len": 0,
      "status": "success"
    },
    {
      "url": "https://news.qq.com/rain/a/20260903A090DP00",
      "title": "",
      "collection_id": null,
      "insert_len": 0,
      "status": "failed",
      "error": "EOF occurred in violation of protocol (_ssl.c:1006)"
    },
    {
      "url": "https://news.qq.com/rain/a/20260903A090OK00",
      "title": "",
      "collection_id": null,
      "insert_len": 0,
      "status": "failed",
      "error": "EOF occurred in violation of protocol (_ssl.c:1006)"
    },
    {
      "url": "https://news.qq.com/rain/a/20260903A090JX00",
      "title": "罗德里或难成巴萨常规首发，教练团队注重其赛程管理",
      "collection_id": "6a9a3cf1462e4bbfa78fc1f0",
      "insert_len": 0,
      "status": "success"
    },
    {
      "url": "https://news.qq.com/rain/a/20260903A090A600",
      "title": "长宁区召开2026年下半年预定新兵役前教育动员大会",
      "collection_id": "6a9a3cf1462e4bbfa78fc22a",
      "insert_len": 0,
      "status": "success"
    },
    {
      "url": "https://news.qq.com/rain/a/20260903A0919N00",
      "title": "",
      "collection_id": null,
      "insert_len": 0,
      "status": "failed",
      "error": "EOF occurred in violation of protocol (_ssl.c:1006)"
    },
    {
      "url": "https://news.qq.com/rain/a/20260903A090W200",
      "title": "黄仁勋G20技术会议发声 AI监管不应基于理论损害",
      "collection_id": "6a9a3cf2462e4bbfa78fc261",
      "insert_len": 0,
      "status": "success"
    },
    {
      "url": "https://news.qq.com/rain/a/20260903A090TU00",
      "title": "",
      "collection_id": null,
      "insert_len": 0,
      "status": "failed",
      "error": "新闻内容过短。"
    },
    {
      "url": "https://news.qq.com/rain/a/20260903A090TJ00",
      "title": "深圳400-500万品质新房推荐2026：龙华央企新盘规划与配套全解析",
      "collection_id": "6a9a3cf4462e4bbfa78fc29a",
      "insert_len": 0,
      "status": "success"
    },
    {
      "url": "https://news.qq.com/rain/a/20260903A0915U00",
      "title": "",
      "collection_id": null,
      "insert_len": 0,
      "status": "failed",
      "error": "EOF occurred in violation of protocol (_ssl.c:1006)"
    },
    {
      "url": "https://news.qq.com/rain/a/20260903A090NB00",
      "title": "",
      "collection_id": null,
      "insert_len": 0,
      "status": "failed",
      "error": "EOF occurred in violation of protocol (_ssl.c:1006)"
    },
    {
      "url": "https://news.qq.com/rain/a/20260903A090D100",
      "title": "分组更精准、基层更有力，按病种付费3.0版正式发布",
      "collection_id": "6a9a3cf6462e4bbfa78fc2e1",
      "insert_len": 0,
      "status": "success"
    },
    {
      "url": "https://news.qq.com/rain/a/20260903A090O400",
      "title": "",
      "collection_id": null,
      "insert_len": 0,
      "status": "failed",
      "error": "新闻内容过短。"
    },
    {
      "url": "https://news.qq.com/rain/a/20260903A08XND00",
      "title": "被爆执勤期间“带队去有女陪侍的酒店”狂欢，台陆军一旅长被调职",
      "collection_id": "6a9a3cf6462e4bbfa78fc33d",
      "insert_len": 0,
      "status": "success"
    },
    {
      "url": "https://news.qq.com/rain/a/20260903A090WQ00",
      "title": "",
      "collection_id": null,
      "insert_len": 0,
      "status": "failed",
      "error": "EOF occurred in violation of protocol (_ssl.c:1006)"
    },
    {
      "url": "https://news.qq.com/rain/a/20260903A08PCZ00",
      "title": "存储原厂探索新方向：让NAND“更靠近GPU”；SK海力士半导体“双基地”投资或同步推进；美国拟对半导体加征新关税",
      "collection_id": "6a9a3cf7462e4bbfa78fc376",
      "insert_len": 0,
      "status": "success"
    },
    {
      "url": "https://news.qq.com/rain/a/20260903A090PS00",
      "title": "",
      "collection_id": null,
      "insert_len": 0,
      "status": "failed",
      "error": "新闻内容过短。"
    },
    {
      "url": "https://news.qq.com/rain/a/20260903A090QX00",
      "title": "2026世界动力电池大会启幕，特斯拉携赛博越野旅行车、人形机器人等亮相",
      "collection_id": "6a9a3cf8462e4bbfa78fc3b0",
      "insert_len": 0,
      "status": "success"
    },
    {
      "url": "https://news.qq.com/rain/a/20260903A090C100",
      "title": "因为有他们，昔日险途已成平安大道",
      "collection_id": "6a9a3cf9462e4bbfa78fc421",
      "insert_len": 0,
      "status": "success"
    },
    {
      "url": "https://news.qq.com/rain/a/20260903A0909900",
      "title": "中国经济的新命题：从“投物”转向“投人”",
      "collection_id": "6a9a3cf9462e4bbfa78fc3e9",
      "insert_len": 0,
      "status": "success"
    },
    {
      "url": "https://news.qq.com/rain/a/20260903A08ZTV00",
      "title": "",
      "collection_id": null,
      "insert_len": 0,
      "status": "failed",
      "error": "EOF occurred in violation of protocol (_ssl.c:1006)"
    },
    {
      "url": "https://news.qq.com/rain/a/20260903A08ZRE00",
      "title": "70年前，中国对日本战犯进行正义审判",
      "collection_id": "6a9a3cfa462e4bbfa78fc47d",
      "insert_len": 0,
      "status": "success"
    },
    {
      "url": "https://news.qq.com/rain/a/20260903A0912I00",
      "title": "不止国内！手机涨价潮席卷海外：越等越贵",
      "collection_id": "6a9a3cfa462e4bbfa78fc4e2",
      "insert_len": 0,
      "status": "success"
    },
    {
      "url": "https://news.qq.com/rain/a/20260903A091AN00",
      "title": "中国银河证券：8月油价重心抬升 料9月Brent原油价格在80-95美元/桶区间",
      "collection_id": "6a9a3cfa462e4bbfa78fc4b9",
      "insert_len": 0,
      "status": "success"
    },
    {
      "url": "https://news.qq.com/rain/a/20260903A090TO00",
      "title": "杭州望江新城2026新开楼盘推荐：8000万以内，板块交通学区与户型装修标准解读",
      "collection_id": "6a9a3cfb462e4bbfa78fc533",
      "insert_len": 0,
      "status": "success"
    },
    {
      "url": "https://news.qq.com/rain/a/20260903A090OZ00",
      "title": "",
      "collection_id": null,
      "insert_len": 0,
      "status": "failed",
      "error": "新闻内容过短。"
    },
    {
      "url": "https://news.qq.com/rain/a/20260903A0919X00",
      "title": "非农定调 9 月：BTC 回升 7.7 万，瑞波领涨",
      "collection_id": "6a9a3cfb462e4bbfa78fc577",
      "insert_len": 0,
      "status": "success"
    },
    {
      "url": "https://news.qq.com/rain/a/20260903A091E600",
      "title": "防脱洗发水哪个牌子好？2026 年 8 款口碑产品全面测评：持证、植萃、科技各有所长",
      "collection_id": "6a9a3cfd462e4bbfa78fc5e8",
      "insert_len": 0,
      "status": "success"
    },
    {
      "url": "https://news.qq.com/rain/a/20260903A090SZ00",
      "title": "湖南一高层住宅凌晨起火致一家4口死亡，细节披露：充电的手机电池引燃床品，户主将门三重反锁，起火近20分钟找不到钥匙",
      "collection_id": "6a9a3cfc462e4bbfa78fc5b0",
      "insert_len": 0,
      "status": "success"
    },
    {
      "url": "https://news.qq.com/rain/a/20260903A0915000",
      "title": "",
      "collection_id": null,
      "insert_len": 0,
      "status": "failed",
      "error": "EOF occurred in violation of protocol (_ssl.c:1006)"
    },
    {
      "url": "https://news.qq.com/rain/a/20260903A090OR00",
      "title": "",
      "collection_id": null,
      "insert_len": 0,
      "status": "failed",
      "error": "新闻内容过短。"
    },
    {
      "url": "https://news.qq.com/rain/a/20260903A090O000",
      "title": "",
      "collection_id": null,
      "insert_len": 0,
      "status": "failed",
      "error": "新闻内容过短。"
    },
    {
      "url": "https://news.qq.com/rain/a/20260903A0912800",
      "title": "押注开源推理！英伟达携手Equinix、Together AI推出企业AI推理方案",
      "collection_id": "6a9a3cfd462e4bbfa78fc634",
      "insert_len": 0,
      "status": "success"
    },
    {
      "url": "https://news.qq.com/rain/a/20260903A0919V00",
      "title": "延津县丰庄镇党建引领人居环境整治 擦亮和美乡村底色",
      "collection_id": "6a9a3cfe462e4bbfa78fc687",
      "insert_len": 0,
      "status": "success"
    },
    {
      "url": "https://news.qq.com/rain/a/20260903A090TK00",
      "title": "熬了15年！佛山主城超级旧改发力，压轴江景地才是重头戏！",
      "collection_id": "6a9a3cfe462e4bbfa78fc6b7",
      "insert_len": 0,
      "status": "success"
    },
    {
      "url": "https://news.qq.com/rain/a/20260903A090U200",
      "title": "",
      "collection_id": null,
      "insert_len": 0,
      "status": "failed",
      "error": "新闻内容过短。"
    },
    {
      "url": "https://news.qq.com/rain/a/20260903A0915Z00",
      "title": "IGN9分《黎明行者》强开DLSS5：5090显卡帧率暴降",
      "collection_id": "6a9a3cfe462e4bbfa78fc6fb",
      "insert_len": 0,
      "status": "success"
    },
    {
      "url": "https://news.qq.com/rain/a/20260903A090N700",
      "title": "",
      "collection_id": null,
      "insert_len": 0,
      "status": "failed",
      "error": "新闻内容过短。"
    },
    {
      "url": "https://news.qq.com/rain/a/20260903A091H000",
      "title": "康养赋能暖民心 就业助残启新程",
      "collection_id": "6a9a3cfe462e4bbfa78fc733",
      "insert_len": 0,
      "status": "success"
    },
    {
      "url": "https://news.qq.com/rain/a/20260903A0915X00",
      "title": "",
      "collection_id": null,
      "insert_len": 0,
      "status": "failed",
      "error": "新闻内容过短。"
    },
    {
      "url": "https://news.qq.com/rain/a/20260903A0901V00",
      "title": "",
      "collection_id": null,
      "insert_len": 0,
      "status": "failed",
      "error": "EOF occurred in violation of protocol (_ssl.c:1006)"
    },
    {
      "url": "https://news.qq.com/rain/a/20260903A090VO00",
      "title": "",
      "collection_id": null,
      "insert_len": 0,
      "status": "failed",
      "error": "EOF occurred in violation of protocol (_ssl.c:1006)"
    },
    {
      "url": "https://news.qq.com/rain/a/20260903A0909V00",
      "title": "@所有人，官方吉祥物“山宝 · 水宝”正式发售",
      "collection_id": "6a9a3cff462e4bbfa78fc774",
      "insert_len": 0,
      "status": "success"
    },
    {
      "url": "https://news.qq.com/rain/a/20260903A091A500",
      "title": "",
      "collection_id": null,
      "insert_len": 0,
      "status": "failed",
      "error": "EOF occurred in violation of protocol (_ssl.c:1006)"
    },
    {
      "url": "https://news.qq.com/rain/a/20260903A0912G00",
      "title": "首发439元！ATK推出新款烈空幻影鼠标：PAW3955传感器 双8K轮询率",
      "collection_id": "6a9a3d01462e4bbfa78fc7b1",
      "insert_len": 0,
      "status": "success"
    },
    {
      "url": "https://news.qq.com/rain/a/20260903A08ZVD00",
      "title": "手机涨价千元背后：存储领涨、SoC跟涨，唯独面板还未“出牌”",
      "collection_id": "6a9a3d01462e4bbfa78fc7e9",
      "insert_len": 0,
      "status": "success"
    },
    {
      "url": "https://news.qq.com/rain/a/20260903A090CL00",
      "title": "福建福鼎暴雨成灾：所有乡镇累计雨量超300毫米 防汛应急响应升至Ⅰ级",
      "collection_id": "6a9a3d02462e4bbfa78fc839",
      "insert_len": 0,
      "status": "success"
    },
    {
      "url": "https://news.qq.com/rain/a/20260903A090T000",
      "title": "",
      "collection_id": null,
      "insert_len": 0,
      "status": "failed",
      "error": "新闻内容过短。"
    },
    {
      "url": "https://news.qq.com/rain/a/20260903A090VT00",
      "title": "",
      "collection_id": null,
      "insert_len": 0,
      "status": "failed",
      "error": "新闻内容过短。"
    },
    {
      "url": "https://news.qq.com/rain/a/20260903A0912500",
      "title": "管乐孟鹤堂版《小气鬼》上线，改编不是胡编，对不起法国原版",
      "collection_id": "6a9a3d03462e4bbfa78fc874",
      "insert_len": 0,
      "status": "success"
    },
    {
      "url": "https://news.qq.com/rain/a/20260903A0918300",
      "title": "主帅宣，小因扎吉：我们会在接下来的比赛中看到马丁内利出场",
      "collection_id": "6a9a3d04462e4bbfa78fc8b9",
      "insert_len": 0,
      "status": "success"
    },
    {
      "url": "https://news.qq.com/rain/a/20260903A091FM00",
      "title": "2026年1-8月盐城房企销售业绩TOP20",
      "collection_id": "6a9a3d04462e4bbfa78fc913",
      "insert_len": 0,
      "status": "success"
    },
    {
      "url": "https://news.qq.com/rain/a/20260903A090V200",
      "title": "",
      "collection_id": null,
      "insert_len": 0,
      "status": "failed",
      "error": "新闻内容过短。"
    },
    {
      "url": "https://news.qq.com/rain/a/20260903A0918B00",
      "title": "官方：摩纳哥门将列纳租借加盟色格拉布鲁日",
      "collection_id": "6a9a3d04462e4bbfa78fc8ea",
      "insert_len": 0,
      "status": "success"
    },
    {
      "url": "https://news.qq.com/rain/a/20260903A0909000",
      "title": "珍稀 “神话之鸟” 飞抵日照！刘家湾滩涂引来摄影爱好者扎堆打卡",
      "collection_id": "6a9a3d04462e4bbfa78fc959",
      "insert_len": 0,
      "status": "success"
    },
    {
      "url": "https://news.qq.com/rain/a/20260903A091VT00",
      "title": "",
      "collection_id": null,
      "insert_len": 0,
      "status": "failed",
      "error": "新闻内容过短。"
    },
    {
      "url": "https://news.qq.com/rain/a/20260903A090PO00",
      "title": "",
      "collection_id": null,
      "insert_len": 0,
      "status": "failed",
      "error": "新闻内容过短。"
    },
    {
      "url": "https://news.qq.com/rain/a/20260903A090Q100",
      "title": "",
      "collection_id": null,
      "insert_len": 0,
      "status": "failed",
      "error": "新闻内容过短。"
    },
    {
      "url": "https://news.qq.com/rain/a/20260903A090RT00",
      "title": "",
      "collection_id": null,
      "insert_len": 0,
      "status": "failed",
      "error": "新闻内容过短。"
    },
    {
      "url": "https://news.qq.com/rain/a/20260903A090Q800",
      "title": "",
      "collection_id": null,
      "insert_len": 0,
      "status": "failed",
      "error": "新闻内容过短。"
    },
    {
      "url": "https://news.qq.com/rain/a/20260903A0919400",
      "title": "世体：巴萨需要一名中后卫，冬窗会争取签下奈斯塔德",
      "collection_id": "6a9a3d05462e4bbfa78fc99a",
      "insert_len": 0,
      "status": "success"
    },
    {
      "url": "https://news.qq.com/rain/a/20260903A091GZ00",
      "title": "轻资产赛道强势崛起 新城建管成新城控股全新增长极",
      "collection_id": "6a9a3d05462e4bbfa78fc9ca",
      "insert_len": 0,
      "status": "success"
    },
    {
      "url": "https://news.qq.com/rain/a/20260903A0913D00",
      "title": "S型绕桩、定舟救溺......上海公安机关开展2026年度水域执法综合实战比武",
      "collection_id": "6a9a3d05462e4bbfa78fca09",
      "insert_len": 0,
      "status": "success"
    },
    {
      "url": "https://news.qq.com/rain/a/20260903A090QW00",
      "title": "",
      "collection_id": null,
      "insert_len": 0,
      "status": "failed",
      "error": "EOF occurred in violation of protocol (_ssl.c:1006)"
    },
    {
      "url": "https://news.qq.com/rain/a/20260903A091PE00",
      "title": "促进中小企业发展“十五五”规划发布",
      "collection_id": "6a9a3d06462e4bbfa78fca81",
      "insert_len": 0,
      "status": "success"
    },
    {
      "url": "https://news.qq.com/rain/a/20260903A0913T00",
      "title": "全球最大口岸城市下个五年如何发力？上海解读国际贸易中心建设“十五五”规划",
      "collection_id": "6a9a3d05462e4bbfa78fca49",
      "insert_len": 0,
      "status": "success"
    },
    {
      "url": "https://news.qq.com/rain/a/20260903A08ZHT00",
      "title": "潮评丨家长群“亮身份”求关照：教育公平不容特权“打招呼”",
      "collection_id": "6a9a3d06462e4bbfa78fcaba",
      "insert_len": 0,
      "status": "success"
    },
    {
      "url": "https://news.qq.com/rain/a/20260903A08SBM00",
      "title": "盟委党校（行政学院）举行2026年秋季学期开学典礼黄雅丽作开学“第一讲”",
      "collection_id": "6a9a3d06462e4bbfa78fcaf2",
      "insert_len": 0,
      "status": "success"
    },
    {
      "url": "https://news.qq.com/rain/a/20260903A091H800",
      "title": "Equinix推Fabric One：自动化连接多云AI，2027年正式商用",
      "collection_id": "6a9a3d06462e4bbfa78fcb22",
      "insert_len": 0,
      "status": "success"
    },
    {
      "url": "https://news.qq.com/rain/a/20260903A090R200",
      "title": "",
      "collection_id": null,
      "insert_len": 0,
      "status": "failed",
      "error": "新闻内容过短。"
    },
    {
      "url": "https://news.qq.com/rain/a/20260903A090F300",
      "title": "萍乡6项入选！ 省级AI、软件、VR领域优秀名单公布",
      "collection_id": "6a9a3d06462e4bbfa78fcb71",
      "insert_len": 0,
      "status": "success"
    },
    {
      "url": "https://news.qq.com/rain/a/20260903A08ZDV00",
      "title": "男子求职发现“被犯罪”15年，竟因身份证号码搞错了",
      "collection_id": "6a9a3d06462e4bbfa78fcba1",
      "insert_len": 0,
      "status": "success"
    },
    {
      "url": "https://news.qq.com/rain/a/20260903A0918E00",
      "title": "欧阳明高：未来十年磷酸铁锂仍将主导，但高比能量电池同等重要",
      "collection_id": "6a9a3d07462e4bbfa78fcbd1",
      "insert_len": 0,
      "status": "success"
    },
    {
      "url": "https://news.qq.com/rain/a/20260903A090UM00",
      "title": "",
      "collection_id": null,
      "insert_len": 0,
      "status": "failed",
      "error": "新闻内容过短。"
    },
    {
      "url": "https://news.qq.com/rain/a/20260903A091M900",
      "title": "国家疾控局：HPV疫苗将开放周末接种、课后接种专场",
      "collection_id": "6a9a3d07462e4bbfa78fcc37",
      "insert_len": 0,
      "status": "success"
    },
    {
      "url": "https://news.qq.com/rain/a/20260903A091LP00",
      "title": "解读临沂高排放非道路移动机械管控新规",
      "collection_id": "6a9a3d07462e4bbfa78fcc39",
      "insert_len": 0,
      "status": "success"
    },
    {
      "url": "https://news.qq.com/rain/a/20260903A0914R00",
      "title": "流感季将至，疫苗怎么打？新版流感疫苗接种指南发布",
      "collection_id": "6a9a3d07462e4bbfa78fcc94",
      "insert_len": 0,
      "status": "success"
    },
    {
      "url": "https://news.qq.com/rain/a/20260903A091K600",
      "title": "科技赋能“地心救援” 畅通地下生命通道",
      "collection_id": "6a9a3d08462e4bbfa78fccc4",
      "insert_len": 0,
      "status": "success"
    },
    {
      "url": "https://news.qq.com/rain/a/20260903A08ZZ500",
      "title": "外地人搭飞机都要来吃！金湾“蟹王”靠着这口鲜，日入过万",
      "collection_id": "6a9a3d08462e4bbfa78fcce9",
      "insert_len": 0,
      "status": "success"
    },
    {
      "url": "https://news.qq.com/rain/a/20260903A091XB00",
      "title": "湖南化工职大向溆浦县双井镇学校捐赠千套课桌椅",
      "collection_id": "6a9a3d08462e4bbfa78fcd17",
      "insert_len": 0,
      "status": "success"
    },
    {
      "url": "https://news.qq.com/rain/a/20260903A0906T00",
      "title": "六台联创联制联播 共绘山河家园 大型融媒体项目《家园》9月15日起重磅推出",
      "collection_id": "6a9a3d08462e4bbfa78fcd4b",
      "insert_len": 0,
      "status": "success"
    },
    {
      "url": "https://news.qq.com/rain/a/20260903A0914O00",
      "title": "五大亮点提前披露！外滩大会下周在上海开幕：首次聚焦AI新经济",
      "collection_id": "6a9a3d08462e4bbfa78fcd8a",
      "insert_len": 0,
      "status": "success"
    },
    {
      "url": "https://news.qq.com/rain/a/20260903A090AF00",
      "title": "",
      "collection_id": null,
      "insert_len": 0,
      "status": "failed",
      "error": "新闻内容过短。"
    },
    {
      "url": "https://news.qq.com/rain/a/20260903A090RO00",
      "title": "",
      "collection_id": null,
      "insert_len": 0,
      "status": "failed",
      "error": "新闻内容过短。"
    },
    {
      "url": "https://news.qq.com/rain/a/20260903A0922D00",
      "title": "甘李药业：获得GZC8072片新适应症《药物临床试验批准通知书》",
      "collection_id": "6a9a3d09462e4bbfa78fce14",
      "insert_len": 0,
      "status": "success"
    },
    {
      "url": "https://news.qq.com/rain/a/20260903A091P200",
      "title": "外媒嘉宾围观机器狗巡检电力设备：这非常有价值",
      "collection_id": "6a9a3d09462e4bbfa78fce44",
      "insert_len": 0,
      "status": "success"
    },
    {
      "url": "https://news.qq.com/rain/a/20260903A0916800",
      "title": "",
      "collection_id": null,
      "insert_len": 0,
      "status": "failed",
      "error": "新闻内容过短。"
    },
    {
      "url": "https://news.qq.com/rain/a/20260903A0914V00",
      "title": "云合快报 | 中剧《重案六组：消失的警号》上线3天，热播霸屏榜三连冠、市占率破60%",
      "collection_id": "6a9a3d09462e4bbfa78fce83",
      "insert_len": 0,
      "status": "success"
    },
    {
      "url": "https://news.qq.com/rain/a/20260903A08Z4400",
      "title": "鄂尔多斯一地60周岁及以上户籍居民医保代缴开始登记啦!",
      "collection_id": "6a9a3d09462e4bbfa78fceb3",
      "insert_len": 0,
      "status": "success"
    },
    {
      "url": "https://news.qq.com/rain/a/20260903A0912K00",
      "title": "",
      "collection_id": null,
      "insert_len": 0,
      "status": "failed",
      "error": "EOF occurred in violation of protocol (_ssl.c:1006)"
    },
    {
      "url": "https://news.qq.com/rain/a/20260903A091P300",
      "title": "2连板光洋股份：上半年机器人业务占比较低，公司已持有东南相互100%股权",
      "collection_id": "6a9a3d0a462e4bbfa78fcef3",
      "insert_len": 0,
      "status": "success"
    },
    {
      "url": "https://news.qq.com/rain/a/20260903A091IN00",
      "title": "山体滑坡冲垮家园，11人提前40分钟转移避险",
      "collection_id": "6a9a3d0a462e4bbfa78fcf2d",
      "insert_len": 0,
      "status": "success"
    },
    {
      "url": "https://news.qq.com/rain/a/20260903A0911T00",
      "title": "太美了！绵竹城区也有“高原花海”啦！",
      "collection_id": "6a9a3d0b462e4bbfa78fd040",
      "insert_len": 0,
      "status": "success"
    },
    {
      "url": "https://news.qq.com/rain/a/20260903A081VH00",
      "title": "我们的“十五五”丨未来五年，医疗保障网更密更暖更牢",
      "collection_id": "6a9a3d0a462e4bbfa78fcf5e",
      "insert_len": 0,
      "status": "success"
    },
    {
      "url": "https://news.qq.com/rain/a/20260903A08X7O00",
      "title": "这时候想租借皇马中场悍将？加拉塔萨雷这样算不算不讲武德？",
      "collection_id": "6a9a3d0b462e4bbfa78fcf9e",
      "insert_len": 0,
      "status": "success"
    },
    {
      "url": "https://news.qq.com/rain/a/20260903A0925200",
      "title": "《异度之刃》团队开发！《塞尔达传说》新作新爆料",
      "collection_id": "6a9a3d0b462e4bbfa78fcfce",
      "insert_len": 0,
      "status": "success"
    },
    {
      "url": "https://news.qq.com/rain/a/20260903A091CA00",
      "title": "新款捷尼赛思G80上市 限时28.986万元起",
      "collection_id": "6a9a3d0b462e4bbfa78fd010",
      "insert_len": 0,
      "status": "success"
    },
    {
      "url": "https://news.qq.com/rain/a/20260903A0901Z00",
      "title": "9月起，部分退休人员可多领到一笔收入，咋回事？来看看有没有你",
      "collection_id": "6a9a3d0b462e4bbfa78fd071",
      "insert_len": 0,
      "status": "success"
    },
    {
      "url": "https://news.qq.com/rain/a/20260903A092BH00",
      "title": "杨超越解锁“脚戒”新穿搭 被赞古灵精怪的时髦妹妹",
      "collection_id": "6a9a3d0c462e4bbfa78fd0b2",
      "insert_len": 0,
      "status": "success"
    },
    {
      "url": "https://news.qq.com/rain/a/20260903A0913M00",
      "title": "上海公益微电影节启动，评委会主席黄晓明：不要被流量裹挟，去拍真正温暖人心的人和事",
      "collection_id": "6a9a3d0c462e4bbfa78fd0e3",
      "insert_len": 0,
      "status": "success"
    },
    {
      "url": "https://news.qq.com/rain/a/20260903A090GS00",
      "title": "河北保定：莲池区“福润莲池”大学生开学季促消费活动启幕",
      "collection_id": "6a9a3d0c462e4bbfa78fd11c",
      "insert_len": 0,
      "status": "success"
    },
    {
      "url": "https://news.qq.com/rain/a/20260903A0926L00",
      "title": "还在用含硅油洗发水？2026 无硅油洗发水 9 款深度测评：从发根蓬松到头皮清爽，油头扁塌星人必看",
      "collection_id": "6a9a3d0c462e4bbfa78fd197",
      "insert_len": 0,
      "status": "success"
    },
    {
      "url": "https://news.qq.com/rain/a/20260903A092HQ00",
      "title": "铭利达：财务总监韩芳因个人原因辞职",
      "collection_id": "6a9a3d0c462e4bbfa78fd167",
      "insert_len": 0,
      "status": "success"
    },
    {
      "url": "https://news.qq.com/rain/a/20260903A090ZQ00",
      "title": "好车不怕晚！三大“BBA”纯电旅行车已在路上，看着都很帅",
      "collection_id": "6a9a3d0c462e4bbfa78fd1dc",
      "insert_len": 0,
      "status": "success"
    },
    {
      "url": "https://news.qq.com/rain/a/20260903A091WQ00",
      "title": "宁远交警送上交通安全“开学第一课”",
      "collection_id": "6a9a3d0d462e4bbfa78fd236",
      "insert_len": 0,
      "status": "success"
    },
    {
      "url": "https://news.qq.com/rain/a/20260903A0925400",
      "title": "存储双雄上市：从技术突破走向产业规模化",
      "collection_id": "6a9a3d0d462e4bbfa78fd266",
      "insert_len": 0,
      "status": "success"
    },
    {
      "url": "https://news.qq.com/rain/a/20260903A091ZV00",
      "title": "尼泊尔电力局董事:被困一周的46名工人可能仍活着，搜救者将二次进隧道寻找“房间状结构”",
      "collection_id": "6a9a3d0e462e4bbfa78fd399",
      "insert_len": 0,
      "status": "success"
    },
    {
      "url": "https://news.qq.com/rain/a/20260903A08VLK00",
      "title": "价格比国内贵10倍，国产三蹦子在欧美卖爆了，订单排到27年",
      "collection_id": "6a9a3d0d462e4bbfa78fd2d2",
      "insert_len": 0,
      "status": "success"
    },
    {
      "url": "https://news.qq.com/rain/a/20260903A091IU00",
      "title": "隐患闭环整改存疑，问题车辆“带病”上路",
      "collection_id": "6a9a3d0d462e4bbfa78fd2d0",
      "insert_len": 0,
      "status": "success"
    },
    {
      "url": "https://news.qq.com/rain/a/20260903A091PP00",
      "title": "上交所张斌：将进一步丰富跨境ETF产品体系 持续完善双向互联互通机制",
      "collection_id": "6a9a3d0e462e4bbfa78fd329",
      "insert_len": 0,
      "status": "success"
    },
    {
      "url": "https://news.qq.com/rain/a/20260903A091WT00",
      "title": "宁远县鲤溪镇：扎实开展2026年秋季征兵工作",
      "collection_id": "6a9a3d0e462e4bbfa78fd362",
      "insert_len": 0,
      "status": "success"
    },
    {
      "url": "https://news.qq.com/rain/a/20260903A0922Q00",
      "title": "AITC落户上海，奥迪从“适配者”变“定义者”！罗英瀚：四环与AUDI双品牌互不替代",
      "collection_id": "6a9a3d0e462e4bbfa78fd3d2",
      "insert_len": 0,
      "status": "success"
    },
    {
      "url": "https://news.qq.com/rain/a/20260903A091I300",
      "title": "OpenAI浏览器换壳杀回！高管改用ChatGPT上网，效率从未这么高",
      "collection_id": "6a9a3d0e462e4bbfa78fd45a",
      "insert_len": 0,
      "status": "success"
    },
    {
      "url": "https://news.qq.com/rain/a/20260903A091FJ00",
      "title": "2026年1-8月滨州房企销售业绩TOP20",
      "collection_id": "6a9a3d0e462e4bbfa78fd458",
      "insert_len": 0,
      "status": "success"
    },
    {
      "url": "https://news.qq.com/rain/a/20260903A091WU00",
      "title": "主动退费“零跑腿”，石峰区法院高效退付诉讼费获企业点赞",
      "collection_id": "6a9a3d0e462e4bbfa78fd40f",
      "insert_len": 0,
      "status": "success"
    },
    {
      "url": "https://news.qq.com/rain/a/20260903A092FX00",
      "title": "中石化油服：董事长吴柏志辞职",
      "collection_id": "6a9a3d0f462e4bbfa78fd4b6",
      "insert_len": 0,
      "status": "success"
    },
    {
      "url": "https://news.qq.com/rain/a/20260903A0914400",
      "title": "台风“科罗旺”来了！南通将有8-9级大风",
      "collection_id": "6a9a3d0f462e4bbfa78fd50d",
      "insert_len": 0,
      "status": "success"
    },
    {
      "url": "https://news.qq.com/rain/a/20260903A091IA00",
      "title": "大湾区首个！全球服务外包巨头在南海开业",
      "collection_id": "6a9a3d0f462e4bbfa78fd562",
      "insert_len": 0,
      "status": "success"
    },
    {
      "url": "https://news.qq.com/rain/a/20260903A091X000",
      "title": "株洲交通全力迎战台风“沙德尔”，筑牢安全防线",
      "collection_id": "6a9a3d0f462e4bbfa78fd541",
      "insert_len": 0,
      "status": "success"
    },
    {
      "url": "https://news.qq.com/rain/a/20260903A08ZXT00",
      "title": "“以军兴经”？日本的春秋大梦该醒了｜新漫评",
      "collection_id": "6a9a3d0f462e4bbfa78fd5a1",
      "insert_len": 0,
      "status": "success"
    },
    {
      "url": "https://news.qq.com/rain/a/20260903A091WR00",
      "title": "宁远气象全力抗击台风 “沙德尔”",
      "collection_id": "6a9a3d10462e4bbfa78fd634",
      "insert_len": 0,
      "status": "success"
    },
    {
      "url": "https://news.qq.com/rain/a/20260903A091MQ00",
      "title": "武陵源群山深处，有他俩50个“儿女”",
      "collection_id": "6a9a3d10462e4bbfa78fd638",
      "insert_len": 0,
      "status": "success"
    },
    {
      "url": "https://news.qq.com/rain/a/20260903A08Z0C00",
      "title": "灵活就业人员将突破3亿！为啥人越来越多？这些原因都不能忽视",
      "collection_id": "6a9a3d0f462e4bbfa78fd5f2",
      "insert_len": 0,
      "status": "success"
    },
    {
      "url": "https://news.qq.com/rain/a/20260903A091IF00",
      "title": "到发旅客超255万人次！佛山西站暑运“成绩单”",
      "collection_id": "6a9a3d10462e4bbfa78fd683",
      "insert_len": 0,
      "status": "success"
    },
    {
      "url": "https://news.qq.com/rain/a/20260903A08SPC00",
      "title": "国产替代趋势明确，全球半导体行业景气度向好，芯片ETF哪个好？芯片ETF景顺(159560)跟踪指数囊括芯片设计、制造、封装与测试等领域",
      "collection_id": "6a9a3d10462e4bbfa78fd6e5",
      "insert_len": 0,
      "status": "success"
    },
    {
      "url": "https://news.qq.com/rain/a/20260903A0925F00",
      "title": "美妆市场一增一退！部分外资品牌离场，本土头部跑出增长",
      "collection_id": "6a9a3d10462e4bbfa78fd749",
      "insert_len": 0,
      "status": "success"
    },
    {
      "url": "https://news.qq.com/rain/a/20260903A0928700",
      "title": "中国设备落后15年？蔡司高管承认“很难准确判断”",
      "collection_id": "6a9a3d10462e4bbfa78fd719",
      "insert_len": 0,
      "status": "success"
    },
    {
      "url": "https://news.qq.com/rain/a/20260903A091HW00",
      "title": "Claude后台接管电脑，真·赛博替身！人机并行时代来了",
      "collection_id": "6a9a3d10462e4bbfa78fd77d",
      "insert_len": 0,
      "status": "success"
    },
    {
      "url": "https://news.qq.com/rain/a/20260903A092GM00",
      "title": "",
      "collection_id": null,
      "insert_len": 0,
      "status": "failed",
      "error": "EOF occurred in violation of protocol (_ssl.c:1006)"
    },
    {
      "url": "https://news.qq.com/rain/a/20260903A08TEO00",
      "title": "中国香港“广告教母”伦洁莹溺水离世 享年71岁",
      "collection_id": "6a9a3d10462e4bbfa78fd7e6",
      "insert_len": 0,
      "status": "success"
    },
    {
      "url": "https://news.qq.com/rain/a/20260903A0926H00",
      "title": "消防救援队伍在吉隆泥石流受灾区域纵深推进全域精细化搜寻",
      "collection_id": "6a9a3d11462e4bbfa78fd81a",
      "insert_len": 0,
      "status": "success"
    },
    {
      "url": "https://news.qq.com/rain/a/20260903A092TU00",
      "title": "澄迈咖啡、金鲳鱼两项团体标准发布",
      "collection_id": "6a9a3d11462e4bbfa78fd859",
      "insert_len": 0,
      "status": "success"
    },
    {
      "url": "https://news.qq.com/rain/a/20260903A092H500",
      "title": "微软调整财报口径重组为两大业务板块",
      "collection_id": "6a9a3d11462e4bbfa78fd889",
      "insert_len": 0,
      "status": "success"
    },
    {
      "url": "https://news.qq.com/rain/a/20260903A0923Z00",
      "title": "“推动商品消费扩容升级”的政策亮点及意义",
      "collection_id": "6a9a3d11462e4bbfa78fd8cb",
      "insert_len": 0,
      "status": "success"
    },
    {
      "url": "https://news.qq.com/rain/a/20260903A08ZWM00",
      "title": "视频丨赓续传承白求恩精神 锻造新时代卫勤尖兵",
      "collection_id": "6a9a3d11462e4bbfa78fd90c",
      "insert_len": 0,
      "status": "success"
    },
    {
      "url": "https://news.qq.com/rain/a/20260903A092G200",
      "title": "节能国祯：联合体中标石化工业园污水处理及中水回用特许经营项目",
      "collection_id": "6a9a3d12462e4bbfa78fd966",
      "insert_len": 0,
      "status": "success"
    },
    {
      "url": "https://news.qq.com/rain/a/20260903A08T4F00",
      "title": "呼伦贝尔机场公益研学迎香港特殊少年",
      "collection_id": "6a9a3d12462e4bbfa78fd996",
      "insert_len": 0,
      "status": "success"
    },
    {
      "url": "https://news.qq.com/rain/a/20260903A092EI00",
      "title": "",
      "collection_id": null,
      "insert_len": 0,
      "status": "failed",
      "error": "EOF occurred in violation of protocol (_ssl.c:1006)"
    },
    {
      "url": "https://news.qq.com/rain/a/20260903A091EO00",
      "title": "新城控股：销售降近四成、回款率118%，商业撑起近八成毛利 || 中报点评",
      "collection_id": "6a9a3d12462e4bbfa78fd9de",
      "insert_len": 0,
      "status": "success"
    },
    {
      "url": "https://news.qq.com/rain/a/20260903A091FS00",
      "title": "2026年8月天津商品住宅成交TOP10",
      "collection_id": "6a9a3d12462e4bbfa78fda1a",
      "insert_len": 0,
      "status": "success"
    },
    {
      "url": "https://news.qq.com/rain/a/20260903A0925P00",
      "title": "为期26天！歙县这条路半封闭施工",
      "collection_id": "6a9a3d13462e4bbfa78fda76",
      "insert_len": 0,
      "status": "success"
    },
    {
      "url": "https://news.qq.com/rain/a/20260903A092HI00",
      "title": "国家疾控局：全国学生总体近视率近五年呈连续下降态势",
      "collection_id": "6a9a3d13462e4bbfa78fdaa6",
      "insert_len": 0,
      "status": "success"
    },
    {
      "url": "https://news.qq.com/rain/a/20260903A092MI00",
      "title": "8月楼市数据出炉：供应探底成交回暖，市场分化格局加剧",
      "collection_id": "6a9a3d14462e4bbfa78fdaf8",
      "insert_len": 0,
      "status": "success"
    },
    {
      "url": "https://news.qq.com/rain/a/20260903A08Z0Y00",
      "title": "主播说丨开学第一天 郑州一学校班级群33名家长被骗9108元",
      "collection_id": "6a9a3d14462e4bbfa78fdaf4",
      "insert_len": 0,
      "status": "success"
    },
    {
      "url": "https://news.qq.com/rain/a/20260903A091I900",
      "title": "【开学季】法治伴成长 普法进校园｜邵二台法庭开展秋季开学法治宣讲",
      "collection_id": "6a9a3d14462e4bbfa78fdb61",
      "insert_len": 0,
      "status": "success"
    },
    {
      "url": "https://news.qq.com/rain/a/20260903A091JN00",
      "title": "【开学季】筑牢安全防线 共建平安校园｜灯塔市多部门走进实验中学开展开学安全第一课活动",
      "collection_id": "6a9a3d14462e4bbfa78fdb8a",
      "insert_len": 0,
      "status": "success"
    },
    {
      "url": "https://news.qq.com/rain/a/20260903A091S500",
      "title": "解锁福州“城脉密码”：千年底蕴、城市更新、红色古厝，答案在此！",
      "collection_id": "6a9a3d15462e4bbfa78fdbd5",
      "insert_len": 0,
      "status": "success"
    },
    {
      "url": "https://news.qq.com/rain/a/20260903A08YTF00",
      "title": "MRCA 3.0来了，教练机也能竞标战斗机项目，印度这次到底想买什么？",
      "collection_id": "6a9a3d16462e4bbfa78fdc1c",
      "insert_len": 0,
      "status": "success"
    },
    {
      "url": "https://news.qq.com/rain/a/20260903A0927Z00",
      "title": "云南元江：风吹稻浪 哈尼梯田“丰”景如画",
      "collection_id": "6a9a3d16462e4bbfa78fdc1a",
      "insert_len": 0,
      "status": "success"
    },
    {
      "url": "https://news.qq.com/rain/a/20260903A092QA00",
      "title": "贵阳贵安今晚仍有分散阵雨 雨量总体不大",
      "collection_id": "6a9a3d16462e4bbfa78fdc81",
      "insert_len": 0,
      "status": "success"
    },
    {
      "url": "https://news.qq.com/rain/a/20260903A092D000",
      "title": "普京：俄乌双方仍保持接触，主要通过情报机构渠道，谈判应在俄乌之间进行",
      "collection_id": "6a9a3d16462e4bbfa78fdcb8",
      "insert_len": 0,
      "status": "success"
    },
    {
      "url": "https://news.qq.com/rain/a/20260903A0921X00",
      "title": "“寸锦载山河 匠心忆峥嵘”云锦艺术发展学术座谈会在南京举办",
      "collection_id": "6a9a3d16462e4bbfa78fdcea",
      "insert_len": 0,
      "status": "success"
    },
    {
      "url": "https://news.qq.com/rain/a/20260903A092RC00",
      "title": "华润置地以82.99亿元竞得北京顺义温榆河地块",
      "collection_id": "6a9a3d16462e4bbfa78fdd21",
      "insert_len": 0,
      "status": "success"
    },
    {
      "url": "https://news.qq.com/rain/a/20260903A0927V00",
      "title": "江苏退休，工龄33.58年，个人账户55万，退休金有多少钱？",
      "collection_id": "6a9a3d17462e4bbfa78fdd62",
      "insert_len": 0,
      "status": "success"
    },
    {
      "url": "https://news.qq.com/rain/a/20260903A092B600",
      "title": "网友反映甘肃一银行上午10点多柜台没有工作人员，行长回应：银行柜员在大厅给客户办理社保卡，后续将优化工作细节",
      "collection_id": "6a9a3d17462e4bbfa78fddca",
      "insert_len": 0,
      "status": "success"
    },
    {
      "url": "https://news.qq.com/rain/a/20260903A0925E00",
      "title": "订单先跑、毛利跟上，极智嘉离规模化盈利还有多远？",
      "collection_id": "6a9a3d17462e4bbfa78fdd92",
      "insert_len": 0,
      "status": "success"
    },
    {
      "url": "https://news.qq.com/rain/a/20260903A092PB00",
      "title": "郑州金水区教育配套与学校分布解读：2026重点小学初中划片参考及优质学区房新房推荐",
      "collection_id": "6a9a3d17462e4bbfa78fddfb",
      "insert_len": 0,
      "status": "success"
    },
    {
      "url": "https://news.qq.com/rain/a/20260903A091X300",
      "title": "宁远县五龙山瑶族乡“和美五龙山杯” 篮球联赛火热开赛",
      "collection_id": "6a9a3d17462e4bbfa78fde67",
      "insert_len": 0,
      "status": "success"
    },
    {
      "url": "https://news.qq.com/rain/a/20260903A092PT00",
      "title": "申万宏源维持老铺黄金“买入”评级，目标价639.25港元",
      "collection_id": "6a9a3d18462e4bbfa78fdecf",
      "insert_len": 0,
      "status": "success"
    },
    {
      "url": "https://news.qq.com/rain/a/20260903A092GH00",
      "title": "",
      "collection_id": null,
      "insert_len": 0,
      "status": "failed",
      "error": "EOF occurred in violation of protocol (_ssl.c:1006)"
    },
    {
      "url": "https://news.qq.com/rain/a/20260903A0924200",
      "title": "数字赋能忆往昔，南京图书馆“时代记忆 数字重现”历史文献特展带来沉浸式文化盛宴",
      "collection_id": "6a9a3d17462e4bbfa78fde97",
      "insert_len": 0,
      "status": "success"
    },
    {
      "url": "https://news.qq.com/rain/a/20260903A090C600",
      "title": "跟着镜头游龙江｜黑龙江支流旱河湿地  五十余只东方白鹳翩翩而至",
      "collection_id": "6a9a3d18462e4bbfa78fdf49",
      "insert_len": 0,
      "status": "success"
    },
    {
      "url": "https://news.qq.com/rain/a/20260903A0918F00",
      "title": "“山东邂逅美”短视频大赛丨青岛大学学子探访崂山冷凝香：在揉泥制香中聆听非遗回音",
      "collection_id": "6a9a3d19462e4bbfa78fdfcb",
      "insert_len": 0,
      "status": "success"
    },
    {
      "url": "https://news.qq.com/rain/a/20260903A091ID00",
      "title": "G20峰会上，科技大佬盯上AI基建“电力”和“人力”瓶颈！",
      "collection_id": "6a9a3d18462e4bbfa78fdf14",
      "insert_len": 0,
      "status": "success"
    },
    {
      "url": "https://news.qq.com/rain/a/20260903A091EG00",
      "title": "华润置地：销售逆势增长，经常性业务挑大梁 || 中报点评",
      "collection_id": "6a9a3d19462e4bbfa78fdf8f",
      "insert_len": 0,
      "status": "success"
    },
    {
      "url": "https://news.qq.com/rain/a/20260903A092EH00",
      "title": "泉州、漳州、汕头，紧急停课",
      "collection_id": "6a9a3d19462e4bbfa78fdffb",
      "insert_len": 0,
      "status": "success"
    },
    {
      "url": "https://news.qq.com/rain/a/20260903A091PM00",
      "title": "环形地标亮相！梁平低空产业配套载体加速成形",
      "collection_id": "6a9a3d1a462e4bbfa78fe0a2",
      "insert_len": 0,
      "status": "success"
    },
    {
      "url": "https://news.qq.com/rain/a/20260903A091WW00",
      "title": "2026第十八届湖南茶业博览会9月11日启幕 四大创新打造湘茶产业新标杆",
      "collection_id": "6a9a3d1a462e4bbfa78fe0d2",
      "insert_len": 0,
      "status": "success"
    },
    {
      "url": "https://news.qq.com/rain/a/20260903A091WX00",
      "title": "宁远县水市镇：加强低洼地段防汛处置工作",
      "collection_id": "6a9a3d19462e4bbfa78fe069",
      "insert_len": 0,
      "status": "success"
    },
    {
      "url": "https://news.qq.com/rain/a/20260903A091I000",
      "title": "",
      "collection_id": null,
      "insert_len": 0,
      "status": "failed",
      "error": "EOF occurred in violation of protocol (_ssl.c:1006)"
    },
    {
      "url": "https://news.qq.com/rain/a/20260903A091P000",
      "title": "把千年美学揉进食物里，你舍得吃吗？河南文物在天津化身精致甜品，好看又好吃，“用巧克力做旧，更接近刚出土的质感”",
      "collection_id": "6a9a3d1b462e4bbfa78fe11e",
      "insert_len": 0,
      "status": "success"
    },
    {
      "url": "https://news.qq.com/rain/a/20260903A092DB00",
      "title": "李月汝护照丢失，无缘女篮世界杯",
      "collection_id": "6a9a3d1b462e4bbfa78fe14c",
      "insert_len": 0,
      "status": "success"
    },
    {
      "url": "https://news.qq.com/rain/a/20260903A092TT00",
      "title": "黑龙江：“十四五”打造121个“旗舰中医馆”353个“中医阁”",
      "collection_id": "6a9a3d1b462e4bbfa78fe190",
      "insert_len": 0,
      "status": "success"
    },
    {
      "url": "https://news.qq.com/rain/a/20260903A092PX00",
      "title": "上海外环TOD楼盘汇总2026：15号线、17号线、18号线地铁上盖新盘，通勤与配套如何兼得",
      "collection_id": "6a9a3d1b462e4bbfa78fe1c0",
      "insert_len": 0,
      "status": "success"
    },
    {
      "url": "https://news.qq.com/rain/a/20260903A092PQ00",
      "title": "华创证券：上市险企归母净利润普遍高增，保险板块防御属性凸显",
      "collection_id": "6a9a3d1c462e4bbfa78fe236",
      "insert_len": 0,
      "status": "success"
    },
    {
      "url": "https://news.qq.com/rain/a/20260903A092OW00",
      "title": "又一对演员夫妇诞生了，刘智爱和郭时旸将于今年11月结婚",
      "collection_id": "6a9a3d1c462e4bbfa78fe206",
      "insert_len": 0,
      "status": "success"
    },
    {
      "url": "https://news.qq.com/rain/a/20260903A092D200",
      "title": "“梅姨”年龄首次曝光：70岁左右，不到71周岁；律师：其年龄情况可适用无期徒刑和死刑",
      "collection_id": "6a9a3d1c462e4bbfa78fe27d",
      "insert_len": 0,
      "status": "success"
    },
    {
      "url": "https://news.qq.com/rain/a/20260903A0928500",
      "title": "通甬高铁杭州湾跨海铁路大桥建设取得重大进展",
      "collection_id": "6a9a3d1c462e4bbfa78fe2ae",
      "insert_len": 0,
      "status": "success"
    },
    {
      "url": "https://news.qq.com/rain/a/20260903A092ZK00",
      "title": "",
      "collection_id": null,
      "insert_len": 0,
      "status": "failed",
      "error": "EOF occurred in violation of protocol (_ssl.c:1006)"
    },
    {
      "url": "https://news.qq.com/rain/a/20260903A0924500",
      "title": "2026世界动力电池大会｜中国有色金属工业协会原会长葛红林：“十五五”新能源金属要从“做大”转向“做稳”",
      "collection_id": "6a9a3d1d462e4bbfa78fe2f1",
      "insert_len": 0,
      "status": "success"
    },
    {
      "url": "https://news.qq.com/rain/a/20260903A092DD00",
      "title": "",
      "collection_id": null,
      "insert_len": 0,
      "status": "failed",
      "error": "EOF occurred in violation of protocol (_ssl.c:1006)"
    },
    {
      "url": "https://news.qq.com/rain/a/20260903A08ZIW00",
      "title": "环境治理、客车报废……昌平网友关心的问题，官方回复了！",
      "collection_id": "6a9a3d1d462e4bbfa78fe32f",
      "insert_len": 0,
      "status": "success"
    },
    {
      "url": "https://news.qq.com/rain/a/20260903A091I100",
      "title": "南海00后林子棠，入选国家队！",
      "collection_id": "6a9a3d1e462e4bbfa78fe37d",
      "insert_len": 0,
      "status": "success"
    },
    {
      "url": "https://news.qq.com/rain/a/20260903A092I200",
      "title": "深水规院：董事长朱闻博因退休离任",
      "collection_id": "6a9a3d1f462e4bbfa78fe3c6",
      "insert_len": 0,
      "status": "success"
    },
    {
      "url": "https://news.qq.com/rain/a/20260903A091IP00",
      "title": "“厄尔尼诺交易”走到哪一步了？",
      "collection_id": "6a9a3d1f462e4bbfa78fe3fd",
      "insert_len": 0,
      "status": "success"
    },
    {
      "url": "https://news.qq.com/rain/a/20260903A091MO00",
      "title": "郑丽文不介入竹北市长选举？本人回应：吃奶的力都使出来了",
      "collection_id": "6a9a3d1f462e4bbfa78fe437",
      "insert_len": 0,
      "status": "success"
    },
    {
      "url": "https://news.qq.com/rain/a/20260903A092V300",
      "title": "丽水市政府最新干部任免",
      "collection_id": "6a9a3d20462e4bbfa78fe487",
      "insert_len": 0,
      "status": "success"
    },
    {
      "url": "https://news.qq.com/rain/a/20260903A090WK00",
      "title": "",
      "collection_id": null,
      "insert_len": 0,
      "status": "failed",
      "error": "新闻内容过短。"
    },
    {
      "url": "https://news.qq.com/rain/a/20260903A092PP00",
      "title": "2025年甘肃体彩社会责任报告在兰发布",
      "collection_id": "6a9a3d20462e4bbfa78fe4c0",
      "insert_len": 0,
      "status": "success"
    },
    {
      "url": "https://news.qq.com/rain/a/20260903A092PO00",
      "title": "2026上半年科创板公司营收增速近40%，净利润增长4.4倍",
      "collection_id": "6a9a3d21462e4bbfa78fe4f2",
      "insert_len": 0,
      "status": "success"
    },
    {
      "url": "https://news.qq.com/rain/a/20260903A0928E00",
      "title": "福建省泉州市气象台发布台风蓝色预警信号",
      "collection_id": "6a9a3d21462e4bbfa78fe52a",
      "insert_len": 0,
      "status": "success"
    },
    {
      "url": "https://news.qq.com/rain/a/20260903A092AX00",
      "title": "",
      "collection_id": null,
      "insert_len": 0,
      "status": "failed",
      "error": "EOF occurred in violation of protocol (_ssl.c:1006)"
    },
    {
      "url": "https://news.qq.com/rain/a/20260903A092E700",
      "title": "穆里尼奥：不拿出最高水平无法击败贝蒂斯，珍惜梅西的比赛",
      "collection_id": "6a9a3d21462e4bbfa78fe56a",
      "insert_len": 0,
      "status": "success"
    },
    {
      "url": "https://news.qq.com/rain/a/20260903A092Y200",
      "title": "马竞强留阿尔瓦雷斯！穆里尼奥：到了9月1日就该满意，否则别出场",
      "collection_id": "6a9a3d22462e4bbfa78fe5a4",
      "insert_len": 0,
      "status": "success"
    },
    {
      "url": "https://news.qq.com/rain/a/20260903A092I300",
      "title": "西班牙政府召见摩洛哥驻西班牙大使",
      "collection_id": "6a9a3d22462e4bbfa78fe5d4",
      "insert_len": 0,
      "status": "success"
    },
    {
      "url": "https://news.qq.com/rain/a/20260903A0914N00",
      "title": "长剧 | 2026暑期档网播表现及上新观察",
      "collection_id": "6a9a3d22462e4bbfa78fe623",
      "insert_len": 0,
      "status": "success"
    },
    {
      "url": "https://news.qq.com/rain/a/20260903A092P800",
      "title": "2026上海中环800万地铁改善新房推荐：桃浦板块房价、地铁与新房供应及交通商业教育医疗配套对比",
      "collection_id": "6a9a3d22462e4bbfa78fe65f",
      "insert_len": 0,
      "status": "success"
    },
    {
      "url": "https://news.qq.com/rain/a/20260903A091AP00",
      "title": "曝苹果首款折叠手机屏幕无折痕失败，采用单挖孔前置方案",
      "collection_id": "6a9a3d22462e4bbfa78fe693",
      "insert_len": 0,
      "status": "success"
    },
    {
      "url": "https://news.qq.com/rain/a/20260903A08SFA00",
      "title": "",
      "collection_id": null,
      "insert_len": 0,
      "status": "failed",
      "error": "EOF occurred in violation of protocol (_ssl.c:1006)"
    },
    {
      "url": "https://news.qq.com/rain/a/20260903A0927R00",
      "title": "江苏省南通市气象台发布海区大风黄色预警信号",
      "collection_id": "6a9a3d22462e4bbfa78fe6db",
      "insert_len": 0,
      "status": "success"
    },
    {
      "url": "https://news.qq.com/rain/a/20260903A08Y1O00",
      "title": "澳洲23岁大学生睡梦中遭枪杀，一黑帮成员发帖：杀错人了，连房子都找错了",
      "collection_id": "6a9a3d23462e4bbfa78fe723",
      "insert_len": 0,
      "status": "success"
    },
    {
      "url": "https://news.qq.com/rain/a/20260903A092YW00",
      "title": "",
      "collection_id": null,
      "insert_len": 0,
      "status": "failed",
      "error": "新闻内容过短。"
    },
    {
      "url": "https://news.qq.com/rain/a/20260903A092GJ00",
      "title": "地标中国行丨张家川红花牛凭什么能让老百姓致富？",
      "collection_id": "6a9a3d23462e4bbfa78fe765",
      "insert_len": 0,
      "status": "success"
    },
    {
      "url": "https://news.qq.com/rain/a/20260903A091TJ00",
      "title": "今年10月两场国际顶级自行车赛将在崇明轮番上演",
      "collection_id": "6a9a3d23462e4bbfa78fe799",
      "insert_len": 0,
      "status": "success"
    },
    {
      "url": "https://news.qq.com/rain/a/20260903A092Q000",
      "title": "2026杭州三代同堂改善新房怎么选？公园近、配套完善，这5个新盘值得重点关注",
      "collection_id": "6a9a3d26462e4bbfa78fe88b",
      "insert_len": 0,
      "status": "success"
    },
    {
      "url": "https://news.qq.com/rain/a/20260903A092LG00",
      "title": "工龄25.5年，个人账户175836.91元，50岁退休，养老金有多少？",
      "collection_id": "6a9a3d24462e4bbfa78fe7e1",
      "insert_len": 0,
      "status": "success"
    },
    {
      "url": "https://news.qq.com/rain/a/20260903A092O200",
      "title": "7个月大小金毛溜出门从22楼捣蛋到1楼，邻居不仅没生气还欢迎“牌子狗”再来玩，隔天主人带着鲜花水果道歉：嚯嚯了6户，花了2千赔礼",
      "collection_id": "6a9a3d24462e4bbfa78fe81a",
      "insert_len": 0,
      "status": "success"
    },
    {
      "url": "https://news.qq.com/rain/a/20260903A091YI00",
      "title": "装上“挂钩”让鸡二联疫苗保护力倍增",
      "collection_id": "6a9a3d25462e4bbfa78fe853",
      "insert_len": 0,
      "status": "success"
    },
    {
      "url": "https://news.qq.com/rain/a/20260903A0930300",
      "title": "",
      "collection_id": null,
      "insert_len": 0,
      "status": "failed",
      "error": "EOF occurred in violation of protocol (_ssl.c:1006)"
    },
    {
      "url": "https://news.qq.com/rain/a/20260903A0932F00",
      "title": "日本足协官方：利物浦女足中场板村真央因接受手术无缘世青赛",
      "collection_id": "6a9a3d26462e4bbfa78fe8d1",
      "insert_len": 0,
      "status": "success"
    },
    {
      "url": "https://news.qq.com/rain/a/20260903A0924J00",
      "title": "",
      "collection_id": null,
      "insert_len": 0,
      "status": "failed",
      "error": "EOF occurred in violation of protocol (_ssl.c:1006)"
    },
    {
      "url": "https://news.qq.com/rain/a/20260903A092BO00",
      "title": "",
      "collection_id": null,
      "insert_len": 0,
      "status": "failed",
      "error": "EOF occurred in violation of protocol (_ssl.c:1006)"
    },
    {
      "url": "https://news.qq.com/rain/a/20260903A092H000",
      "title": "【港股收评】三大指数下挫！大消费、科技齐跌，黄金、医药走强",
      "collection_id": "6a9a3d27462e4bbfa78fe90d",
      "insert_len": 0,
      "status": "success"
    },
    {
      "url": "https://news.qq.com/rain/a/20260903A092NX00",
      "title": "颠覆认知！美国未来十年最吃香的职业，不是AI和科技",
      "collection_id": "6a9a3d28462e4bbfa78fe954",
      "insert_len": 0,
      "status": "success"
    },
    {
      "url": "https://news.qq.com/rain/a/20260903A092Q500",
      "title": "",
      "collection_id": null,
      "insert_len": 0,
      "status": "failed",
      "error": "EOF occurred in violation of protocol (_ssl.c:1006)"
    },
    {
      "url": "https://news.qq.com/rain/a/20260903A092ZR00",
      "title": "",
      "collection_id": null,
      "insert_len": 0,
      "status": "failed",
      "error": "新闻内容过短。"
    },
    {
      "url": "https://news.qq.com/rain/a/20260903A092P400",
      "title": "科创赋能产业升级 兰州安宁区激活县域经济高质量发展新动能",
      "collection_id": "6a9a3d2a462e4bbfa78fe99c",
      "insert_len": 0,
      "status": "success"
    },
    {
      "url": "https://news.qq.com/rain/a/20260903A08WG800",
      "title": "",
      "collection_id": null,
      "insert_len": 0,
      "status": "failed",
      "error": "新闻内容过短。"
    },
    {
      "url": "https://news.qq.com/rain/a/20260903A092YL00",
      "title": "",
      "collection_id": null,
      "insert_len": 0,
      "status": "failed",
      "error": "EOF occurred in violation of protocol (_ssl.c:1006)"
    },
    {
      "url": "https://news.qq.com/rain/a/20260903A08UBS00",
      "title": "格力时隔六年中报双降，出口减少22%，董明珠把账算到自己头上",
      "collection_id": "6a9a3d2b462e4bbfa78fe9e2",
      "insert_len": 0,
      "status": "success"
    },
    {
      "url": "https://news.qq.com/rain/a/20260903A0928L00",
      "title": "",
      "collection_id": null,
      "insert_len": 0,
      "status": "failed",
      "error": "EOF occurred in violation of protocol (_ssl.c:1006)"
    },
    {
      "url": "https://news.qq.com/rain/a/20260903A092Z300",
      "title": "银行理财公司再获QDII额度，“出海”新棋局加速落子",
      "collection_id": "6a9a3d2c462e4bbfa78fea25",
      "insert_len": 0,
      "status": "success"
    },
    {
      "url": "https://news.qq.com/rain/a/20260903A092ZI00",
      "title": "",
      "collection_id": null,
      "insert_len": 0,
      "status": "failed",
      "error": "新闻内容过短。"
    },
    {
      "url": "https://news.qq.com/rain/a/20260903A091F700",
      "title": "2026年1-8月西安房企与项目销售榜单",
      "collection_id": "6a9a3d2d462e4bbfa78fea75",
      "insert_len": 0,
      "status": "success"
    },
    {
      "url": "https://news.qq.com/rain/a/20260903A092EM00",
      "title": "温州发布告全体市民书",
      "collection_id": "6a9a3d2d462e4bbfa78feac7",
      "insert_len": 0,
      "status": "success"
    },
    {
      "url": "https://news.qq.com/rain/a/20260903A0925I00",
      "title": "中国初、高中篮球联赛新赛季启动仪式在京举行",
      "collection_id": "6a9a3d2e462e4bbfa78feb2f",
      "insert_len": 0,
      "status": "success"
    },
    {
      "url": "https://news.qq.com/rain/a/20260903A0939Y00",
      "title": "“梅姨”拐卖儿童案即将开庭，被拐孩子父亲申军良发声：我要当面质问她几个问题",
      "collection_id": "6a9a3d2e462e4bbfa78feaff",
      "insert_len": 0,
      "status": "success"
    },
    {
      "url": "https://news.qq.com/rain/a/20260903A094XG00",
      "title": "中国女排前队长 奥运MVP近况曝光 远嫁泰国被嘲讽 如今赢下中国女排",
      "collection_id": "6a9a3d2e462e4bbfa78feb7a",
      "insert_len": 0,
      "status": "success"
    },
    {
      "url": "https://news.qq.com/rain/a/20260903A090SG00",
      "title": "视频丨在新疆“蟹”逅鲜甜！不靠海的沙漠 藏着海鲜养殖密码",
      "collection_id": "6a9a3d2e462e4bbfa78febae",
      "insert_len": 0,
      "status": "success"
    },
    {
      "url": "https://news.qq.com/rain/a/20260903A092DN00",
      "title": "张檬带娃回河南老家，穿T恤牛仔裤打扮很低调，素颜皮肤状态真实",
      "collection_id": "6a9a3d2f462e4bbfa78febf5",
      "insert_len": 0,
      "status": "success"
    },
    {
      "url": "https://news.qq.com/rain/a/20260903A0931N00",
      "title": "弗罗因德：从未打算让伊藤洋辉离队，除非有好报价且他想走",
      "collection_id": "6a9a3d2f462e4bbfa78fec29",
      "insert_len": 0,
      "status": "success"
    },
    {
      "url": "https://news.qq.com/rain/a/20260903A090LD00",
      "title": "蓬佩奥七年前否定中国的那句话, 正被特朗普升级为“新圈地运动”",
      "collection_id": "6a9a3d2f462e4bbfa78fec92",
      "insert_len": 0,
      "status": "success"
    },
    {
      "url": "https://news.qq.com/rain/a/20260903A092O600",
      "title": "云南丽江一游客称在菌汤锅吃到黑色硬质塑料，市监介入后已退还餐费并赔偿500元；涉事门店：无法确定塑料块来源，监控已给警方，等待核查",
      "collection_id": "6a9a3d2f462e4bbfa78fec7d",
      "insert_len": 0,
      "status": "success"
    },
    {
      "url": "https://news.qq.com/rain/a/20260903A0930000",
      "title": "重庆巴南绘“十五五”蓝图 将建五大强区赋能城乡深度融合",
      "collection_id": "6a9a3d30462e4bbfa78fed25",
      "insert_len": 0,
      "status": "success"
    },
    {
      "url": "https://news.qq.com/rain/a/20260903A092T700",
      "title": "新政后北京首轮土拍！温榆河地块以82.993亿元落锤，驼房营地块暂停交易",
      "collection_id": "6a9a3d30462e4bbfa78fed10",
      "insert_len": 0,
      "status": "success"
    },
    {
      "url": "https://news.qq.com/rain/a/20260903A0934500",
      "title": "云顶新耀首款心血管创新药星必妥获批，首个且唯一成人PSVT应急自救创新疗法进入中国",
      "collection_id": "6a9a3d30462e4bbfa78fed8b",
      "insert_len": 0,
      "status": "success"
    },
    {
      "url": "https://news.qq.com/rain/a/20260903A0928F00",
      "title": "连休5天！成都部分区、学校秋假时间已定",
      "collection_id": "6a9a3d30462e4bbfa78fedc0",
      "insert_len": 0,
      "status": "success"
    },
    {
      "url": "https://news.qq.com/rain/a/20260903A091FF00",
      "title": "2026年1-8月长沙房企销售业绩TOP30（九区县）",
      "collection_id": "6a9a3d30462e4bbfa78fede8",
      "insert_len": 0,
      "status": "success"
    },
    {
      "url": "https://news.qq.com/rain/a/20260903A093DD00",
      "title": "",
      "collection_id": null,
      "insert_len": 0,
      "status": "failed",
      "error": "EOF occurred in violation of protocol (_ssl.c:1006)"
    },
    {
      "url": "https://news.qq.com/rain/a/20260903A092R200",
      "title": "当一生都成为考场：“无限竞争社会”的代价",
      "collection_id": "6a9a3d30462e4bbfa78fee68",
      "insert_len": 0,
      "status": "success"
    },
    {
      "url": "https://news.qq.com/rain/a/20260903A092YK00",
      "title": "山东退休，工龄35.5年，个人账户30.58万，退休金有多少钱？",
      "collection_id": "6a9a3d30462e4bbfa78fee80",
      "insert_len": 0,
      "status": "success"
    },
    {
      "url": "https://news.qq.com/rain/a/20260903A0924T00",
      "title": "约会软件上认识“黑寡妇”？美国69岁男子喝下威士忌后住院，警方称女子涉嫌下药谋财",
      "collection_id": "6a9a3d31462e4bbfa78feece",
      "insert_len": 0,
      "status": "success"
    },
    {
      "url": "https://news.qq.com/rain/a/20260903A091QL00",
      "title": "全球最知名数据网站卖身“魔窟”?玩家一片哀嚎",
      "collection_id": "6a9a3d31462e4bbfa78fef2e",
      "insert_len": 0,
      "status": "success"
    },
    {
      "url": "https://news.qq.com/rain/a/20260903A0931700",
      "title": "免费观赛！第48届世界技能大赛观众注册开启",
      "collection_id": "6a9a3d31462e4bbfa78fef80",
      "insert_len": 0,
      "status": "success"
    },
    {
      "url": "https://news.qq.com/rain/a/20260903A093FA00",
      "title": "渣打集团斥资821.76万英镑回购37.42万股",
      "collection_id": "6a9a3d31462e4bbfa78fef84",
      "insert_len": 0,
      "status": "success"
    },
    {
      "url": "https://news.qq.com/rain/a/20260903A08XIK00",
      "title": "俄罗斯对欧“混合攻击”升级，欧洲不敢打、又不能不还手",
      "collection_id": "6a9a3d31462e4bbfa78ff00a",
      "insert_len": 0,
      "status": "success"
    },
    {
      "url": "https://news.qq.com/rain/a/20260903A093Q000",
      "title": "金地商置：8月合约销售额约4.25亿元 今年累计销售额约44.08亿元",
      "collection_id": "6a9a3d32462e4bbfa78ff084",
      "insert_len": 0,
      "status": "success"
    },
    {
      "url": "https://news.qq.com/rain/a/20260903A0930Y00",
      "title": "肥城：小山村闯出共富新路",
      "collection_id": "6a9a3d31462e4bbfa78fefed",
      "insert_len": 0,
      "status": "success"
    },
    {
      "url": "https://news.qq.com/rain/a/20260903A0933Z00",
      "title": "",
      "collection_id": null,
      "insert_len": 0,
      "status": "failed",
      "error": "EOF occurred in violation of protocol (_ssl.c:1006)"
    },
    {
      "url": "https://news.qq.com/rain/a/20260903A092ZN00",
      "title": "【我为群众办实事】金叶飘香开秤忙 富民产业启新程",
      "collection_id": "6a9a3d32462e4bbfa78ff0b5",
      "insert_len": 0,
      "status": "success"
    },
    {
      "url": "https://news.qq.com/rain/a/20260903A092YF00",
      "title": "",
      "collection_id": null,
      "insert_len": 0,
      "status": "failed",
      "error": "新闻正文为空。"
    },
    {
      "url": "https://news.qq.com/rain/a/20260903A0934400",
      "title": "印度 GDP7.8% 还是 2.6%？数据之争背后的加密投资真相",
      "collection_id": "6a9a3d33462e4bbfa78ff0ff",
      "insert_len": 0,
      "status": "success"
    },
    {
      "url": "https://news.qq.com/rain/a/20260903A091HV00",
      "title": "",
      "collection_id": null,
      "insert_len": 0,
      "status": "failed",
      "error": "EOF occurred in violation of protocol (_ssl.c:1006)"
    },
    {
      "url": "https://news.qq.com/rain/a/20260903A093H600",
      "title": "两个赛道、一个目标  ——医保局办的这场大赛能为“健康中国”建设做些什么",
      "collection_id": "6a9a3d33462e4bbfa78ff145",
      "insert_len": 0,
      "status": "success"
    },
    {
      "url": "https://news.qq.com/rain/a/20260903A093D600",
      "title": "广东退休，工龄37.58年，个人账户28.33万，退休金有多少钱？",
      "collection_id": "6a9a3d34462e4bbfa78ff18c",
      "insert_len": 0,
      "status": "success"
    },
    {
      "url": "https://news.qq.com/rain/a/20260903A0930X00",
      "title": "探秘徂徕林海 感知生态自然——泰安市小记者团走进徂徕山",
      "collection_id": "6a9a3d34462e4bbfa78ff1c5",
      "insert_len": 0,
      "status": "success"
    },
    {
      "url": "https://news.qq.com/rain/a/20260903A08WMV00",
      "title": "高校连休13天！这个秋天，假期为何变长了？",
      "collection_id": "6a9a3d35462e4bbfa78ff1ff",
      "insert_len": 0,
      "status": "success"
    },
    {
      "url": "https://news.qq.com/rain/a/20260903A08XR000",
      "title": "米莱谈来年大选：30年内阿根廷将会成为世界强国",
      "collection_id": "6a9a3d35462e4bbfa78ff263",
      "insert_len": 0,
      "status": "success"
    },
    {
      "url": "https://news.qq.com/rain/a/20260903A093QM00",
      "title": "十部门：开展东、中、西部和东北地区集群产业链对接 分行业推动区域间集群对口合作",
      "collection_id": "6a9a3d35462e4bbfa78ff265",
      "insert_len": 0,
      "status": "success"
    },
    {
      "url": "https://news.qq.com/rain/a/20260903A08XIN00",
      "title": "一线城市房价普遍下跌，为什么小县城的房子，却死活不降价？",
      "collection_id": "6a9a3d36462e4bbfa78ff2f7",
      "insert_len": 0,
      "status": "success"
    },
    {
      "url": "https://news.qq.com/rain/a/20260903A091J500",
      "title": "德国突然对俄摊牌！限期关闭俄总领馆，普京直言“一个严重的错误！”",
      "collection_id": "6a9a3d36462e4bbfa78ff2c2",
      "insert_len": 0,
      "status": "success"
    },
    {
      "url": "https://news.qq.com/rain/a/20260903A08PM800",
      "title": "私募大佬落幕，演员叶飞上线！“诈王”总在风口上飞？",
      "collection_id": "6a9a3d36462e4bbfa78ff390",
      "insert_len": 0,
      "status": "success"
    },
    {
      "url": "https://news.qq.com/rain/a/20260903A092DM00",
      "title": "尺素传情越山海 少年行走嘉庚路丨“重走嘉庚路”第三季主题活动圆满收官",
      "collection_id": "6a9a3d36462e4bbfa78ff35b",
      "insert_len": 0,
      "status": "success"
    },
    {
      "url": "https://news.qq.com/rain/a/20260903A092CR00",
      "title": "南通中、小学课表“上新”！",
      "collection_id": "6a9a3d37462e4bbfa78ff3ff",
      "insert_len": 0,
      "status": "success"
    },
    {
      "url": "https://news.qq.com/rain/a/20260903A093EE00",
      "title": "“我想去”三个字，涌向吉隆",
      "collection_id": "6a9a3d37462e4bbfa78ff460",
      "insert_len": 0,
      "status": "success"
    },
    {
      "url": "https://news.qq.com/rain/a/20260903A08XTO00",
      "title": "63岁男子与家人闹矛盾喝下3两敌敌畏，自己开车2小时去医院就诊，抢救时还扯掉监护线非要去上班，医生：十个人里九个撑不到医院",
      "collection_id": "6a9a3d37462e4bbfa78ff42f",
      "insert_len": 0,
      "status": "success"
    },
    {
      "url": "https://news.qq.com/rain/a/20260903A093Q400",
      "title": "瑞芯微：股东黄旭减持643万股 套现11.98亿元",
      "collection_id": "6a9a3d37462e4bbfa78ff4a8",
      "insert_len": 0,
      "status": "success"
    },
    {
      "url": "https://news.qq.com/rain/a/20260903A093OV00",
      "title": "深水规院：董事长朱闻博退休",
      "collection_id": "6a9a3d37462e4bbfa78ff4d8",
      "insert_len": 0,
      "status": "success"
    },
    {
      "url": "https://news.qq.com/rain/a/20260903A08X5I00",
      "title": "94岁，演了一辈子配角，却把每个人都演成了主角——刘兆铭走了",
      "collection_id": "6a9a3d38462e4bbfa78ff516",
      "insert_len": 0,
      "status": "success"
    },
    {
      "url": "https://news.qq.com/rain/a/20260903A093QU00",
      "title": "投标产品不符合政策要求 华康洁净9019万元项目被废",
      "collection_id": "6a9a3d38462e4bbfa78ff54a",
      "insert_len": 0,
      "status": "success"
    },
    {
      "url": "https://news.qq.com/rain/a/20260903A093J100",
      "title": "尼泊尔洪灾一周：逾1100人遇难，水电站隧道成最后生命战场",
      "collection_id": "6a9a3d38462e4bbfa78ff58a",
      "insert_len": 0,
      "status": "success"
    },
    {
      "url": "https://news.qq.com/rain/a/20260903A093PP00",
      "title": "深高速披露7月路费收入：广深高速单月收入2.26亿元居前",
      "collection_id": "6a9a3d38462e4bbfa78ff5ba",
      "insert_len": 0,
      "status": "success"
    },
    {
      "url": "https://news.qq.com/rain/a/20260903A092UZ00",
      "title": "“宝宝别怕，叔叔的娃跟你差不多大！”苍南暴雨致内涝，23岁消防员抱着2个月大婴儿蹚水转移，刚当爸爸三个月",
      "collection_id": "6a9a3d38462e4bbfa78ff5ea",
      "insert_len": 0,
      "status": "success"
    },
    {
      "url": "https://news.qq.com/rain/a/20260903A0949L00",
      "title": "国际民航组织更新冲突地区飞行安全指南",
      "collection_id": "6a9a3d39462e4bbfa78ff6cf",
      "insert_len": 0,
      "status": "success"
    },
    {
      "url": "https://news.qq.com/rain/a/20260903A093R000",
      "title": "*ST康佳A拟主动退市 9月4日起停牌",
      "collection_id": "6a9a3d39462e4bbfa78ff6ff",
      "insert_len": 0,
      "status": "success"
    },
    {
      "url": "https://news.qq.com/rain/a/20260903A092Z800",
      "title": "韩国警方为啥不给“女留学生遇害案嫌疑人”打码?",
      "collection_id": "6a9a3d39462e4bbfa78ff63b",
      "insert_len": 0,
      "status": "success"
    },
    {
      "url": "https://news.qq.com/rain/a/20260903A092HX00",
      "title": "博通2028年AI收入剑指2300亿！芯片ETF汇添富(516920)近3日回调吸金！风浪之下“芯”火未熄，如何看产业景气的下一程",
      "collection_id": "6a9a3d39462e4bbfa78ff673",
      "insert_len": 0,
      "status": "success"
    },
    {
      "url": "https://news.qq.com/rain/a/20260903A0949M00",
      "title": "俄罗斯大规模推广数字卢布",
      "collection_id": "6a9a3d3a462e4bbfa78ff72f",
      "insert_len": 0,
      "status": "success"
    },
    {
      "url": "https://news.qq.com/rain/a/20260903A093PS00",
      "title": "十部门：设立国家中小企业发展基金二期 带动社会资本投早、投小、投长期、投硬科技",
      "collection_id": "6a9a3d3a462e4bbfa78ff7dd",
      "insert_len": 0,
      "status": "success"
    },
    {
      "url": "https://news.qq.com/rain/a/20260903A093RT00",
      "title": "中细软科技：李富山获委任非执行董事",
      "collection_id": "6a9a3d3a462e4bbfa78ff775",
      "insert_len": 0,
      "status": "success"
    },
    {
      "url": "https://news.qq.com/rain/a/20260903A093QN00",
      "title": "中国铁塔：委任文步高为董事会战略委员会委员",
      "collection_id": "6a9a3d3a462e4bbfa78ff7a5",
      "insert_len": 0,
      "status": "success"
    },
    {
      "url": "https://news.qq.com/rain/a/20260903A091PB00",
      "title": "一部《后西游记》，掀起影视股集体涨停潮",
      "collection_id": "6a9a3d3a462e4bbfa78ff7fb",
      "insert_len": 0,
      "status": "success"
    },
    {
      "url": "https://news.qq.com/rain/a/20260903A093O800",
      "title": "",
      "collection_id": null,
      "insert_len": 0,
      "status": "failed",
      "error": "EOF occurred in violation of protocol (_ssl.c:1006)"
    },
    {
      "url": "https://news.qq.com/rain/a/20260903A093SK00",
      "title": "",
      "collection_id": null,
      "insert_len": 0,
      "status": "failed",
      "error": "EOF occurred in violation of protocol (_ssl.c:1006)"
    },
    {
      "url": "https://news.qq.com/rain/a/20260903A093SJ00",
      "title": "财中ETF风向标｜继电器龙头业绩驱动板块热度升温，电网设备ETF广发(159320)今日上涨0.33%",
      "collection_id": "6a9a3d3a462e4bbfa78ff85f",
      "insert_len": 0,
      "status": "success"
    },
    {
      "url": "https://news.qq.com/rain/a/20260903A093QL00",
      "title": "节能国祯：联合中标污水处理项目 特许经营期为30年",
      "collection_id": "6a9a3d3a462e4bbfa78ff88f",
      "insert_len": 0,
      "status": "success"
    },
    {
      "url": "https://news.qq.com/rain/a/20260903A0949B00",
      "title": "德媒：黄金短期内不再是投资者“避风港”",
      "collection_id": "6a9a3d3b462e4bbfa78ff8cf",
      "insert_len": 0,
      "status": "success"
    },
    {
      "url": "https://news.qq.com/rain/a/20260903A092NG00",
      "title": "潞河医院新增300个车位！就医更方便",
      "collection_id": "6a9a3d3b462e4bbfa78ff8ff",
      "insert_len": 0,
      "status": "success"
    },
    {
      "url": "https://news.qq.com/rain/a/20260903A093PF00",
      "title": "十部门：鼓励创办中小企业 带动更多耐心资本投向种子期、初创期中小企业",
      "collection_id": "6a9a3d3b462e4bbfa78ff939",
      "insert_len": 0,
      "status": "success"
    },
    {
      "url": "https://news.qq.com/rain/a/20260903A094A400",
      "title": "全球金融监管机构警告：尖端AI或引发金融市场动荡",
      "collection_id": "6a9a3d3b462e4bbfa78ff972",
      "insert_len": 0,
      "status": "success"
    },
    {
      "url": "https://news.qq.com/rain/a/20260903A093NU00",
      "title": "包村干部到底怎么干？桑植县沙塔坪乡“干部学堂”开讲实战课",
      "collection_id": "6a9a3d3b462e4bbfa78ff9a3",
      "insert_len": 0,
      "status": "success"
    },
    {
      "url": "https://news.qq.com/rain/a/20260903A0949900",
      "title": "中国老字号从“本土品牌”走向“全球文化符号”",
      "collection_id": "6a9a3d3c462e4bbfa78ff9e4",
      "insert_len": 0,
      "status": "success"
    },
    {
      "url": "https://news.qq.com/rain/a/20260903A08YRH00",
      "title": "展鹏科技：股东奚方完成减持0.7603%公司股份",
      "collection_id": "6a9a3d3c462e4bbfa78ffa24",
      "insert_len": 0,
      "status": "success"
    },
    {
      "url": "https://news.qq.com/rain/a/20260903A093CS00",
      "title": "公募行业零售的钱到底被谁赚走了？",
      "collection_id": "6a9a3d3c462e4bbfa78ffa77",
      "insert_len": 0,
      "status": "success"
    },
    {
      "url": "https://news.qq.com/rain/a/20260903A07IJM00",
      "title": "主场迎战浙江全力抢分！津门虎立足保级硬仗蓄势突围",
      "collection_id": "6a9a3d3c462e4bbfa78ffaaf",
      "insert_len": 0,
      "status": "success"
    },
    {
      "url": "https://news.qq.com/rain/a/20260903A07JT600",
      "title": "",
      "collection_id": null,
      "insert_len": 0,
      "status": "failed",
      "error": "新闻内容过短。"
    },
    {
      "url": "https://news.qq.com/rain/a/20260903A07JAW00",
      "title": "",
      "collection_id": null,
      "insert_len": 0,
      "status": "failed",
      "error": "新闻内容过短。"
    },
    {
      "url": "https://news.qq.com/rain/a/20260903A07JAJ00",
      "title": "",
      "collection_id": null,
      "insert_len": 0,
      "status": "failed",
      "error": "新闻内容过短。"
    },
    {
      "url": "https://news.qq.com/rain/a/20260903A07J1X00",
      "title": "基亚帕武器公司1911手枪 精密铸造钢套筒座 性能超越同价位产品",
      "collection_id": "6a9a3d3d462e4bbfa78ffb02",
      "insert_len": 0,
      "status": "success"
    },
    {
      "url": "https://news.qq.com/rain/a/20260903A07JSF00",
      "title": "上海“十五五”深化国际消费中心城市建设：展赛流量变消费增量 服务消费成主引擎",
      "collection_id": "6a9a3d3e462e4bbfa78ffb59",
      "insert_len": 0,
      "status": "success"
    },
    {
      "url": "https://news.qq.com/rain/a/20260903A07JHT00",
      "title": "中国娱乐及媒体行业的技术重塑与价值回归",
      "collection_id": "6a9a3d3e462e4bbfa78ffb89",
      "insert_len": 0,
      "status": "success"
    },
    {
      "url": "https://news.qq.com/rain/a/20260903A07JXZ00",
      "title": "苹果换帅！特努斯接棒，他是谁？一图读懂",
      "collection_id": "6a9a3d3e462e4bbfa78ffbce",
      "insert_len": 0,
      "status": "success"
    },
    {
      "url": "https://news.qq.com/rain/a/20260903A07JSU00",
      "title": "",
      "collection_id": null,
      "insert_len": 0,
      "status": "failed",
      "error": "EOF occurred in violation of protocol (_ssl.c:1006)"
    },
    {
      "url": "https://news.qq.com/rain/a/20260903A07J9T00",
      "title": "美国和委内瑞拉正式签署石油项目协议，将维持25年，委代总统：将在时机成熟时举行选举",
      "collection_id": "6a9a3d3f462e4bbfa78ffc1a",
      "insert_len": 0,
      "status": "success"
    },
    {
      "url": "https://news.qq.com/rain/a/20260903A07JEL00",
      "title": "知名品牌原切牛肉卷检出瓜尔胶，下架召回！涉事企业被立案，官方通报",
      "collection_id": "6a9a3d3f462e4bbfa78ffc55",
      "insert_len": 0,
      "status": "success"
    },
    {
      "url": "https://news.qq.com/rain/a/20260903A07J5900",
      "title": "福建中小学家庭关注！名优骨干教师学科开学第一课",
      "collection_id": "6a9a3d40462e4bbfa78ffcb6",
      "insert_len": 0,
      "status": "success"
    },
    {
      "url": "https://news.qq.com/rain/a/20260903A07KEX00",
      "title": "中国海诚：目前半导体领域相关业务在公司整体营收中占比较低",
      "collection_id": "6a9a3d40462e4bbfa78ffc85",
      "insert_len": 0,
      "status": "success"
    },
    {
      "url": "https://news.qq.com/rain/a/20260903A07IDR00",
      "title": "午后，突发！日韩股市，直线跳水！",
      "collection_id": "6a9a3d40462e4bbfa78ffcff",
      "insert_len": 0,
      "status": "success"
    },
    {
      "url": "https://news.qq.com/rain/a/20260903A07KDS00",
      "title": "钱变贵了！通胀、高负债、美国AI融资三重夹击，欧洲或将长期承受高融资成本",
      "collection_id": "6a9a3d40462e4bbfa78ffd34",
      "insert_len": 0,
      "status": "success"
    },
    {
      "url": "https://news.qq.com/rain/a/20260903A07HR600",
      "title": "3人餐馆中毒要求老板“花20万了结” 老板表示：与食材无关，警方正在调查",
      "collection_id": "6a9a3d40462e4bbfa78ffd75",
      "insert_len": 0,
      "status": "success"
    },
    {
      "url": "https://news.qq.com/rain/a/20260903A07KIV00",
      "title": "大型融媒文化栏目《书画周口》第六期将于9月5日晚8:10播出",
      "collection_id": "6a9a3d41462e4bbfa78ffe1f",
      "insert_len": 0,
      "status": "success"
    },
    {
      "url": "https://news.qq.com/rain/a/20260903A07I4W00",
      "title": "“淘宝崩了” 冲上热搜：大量用户无法查看订单及页面报错，官方暂未回应",
      "collection_id": "6a9a3d41462e4bbfa78ffdb3",
      "insert_len": 0,
      "status": "success"
    },
    {
      "url": "https://news.qq.com/rain/a/20260903A07K5700",
      "title": "",
      "collection_id": null,
      "insert_len": 0,
      "status": "failed",
      "error": "EOF occurred in violation of protocol (_ssl.c:1006)"
    },
    {
      "url": "https://news.qq.com/rain/a/20260903A07JSP00",
      "title": "",
      "collection_id": null,
      "insert_len": 0,
      "status": "failed",
      "error": "新闻内容过短。"
    },
    {
      "url": "https://news.qq.com/rain/a/20260903A07KB300",
      "title": "机构：维持有色金属行业“推荐”评级",
      "collection_id": "6a9a3d41462e4bbfa78ffdef",
      "insert_len": 0,
      "status": "success"
    },
    {
      "url": "https://news.qq.com/rain/a/20260903A07K3000",
      "title": "2026 大理婚纱照前十名 新手旅拍避坑选店全指南",
      "collection_id": "6a9a3d42462e4bbfa78ffe62",
      "insert_len": 0,
      "status": "success"
    },
    {
      "url": "https://news.qq.com/rain/a/20260903A07IXN00",
      "title": "AI“资本局”：当大厂“经营现金流”不够烧了",
      "collection_id": "6a996851462e4bbfa78624f4",
      "insert_len": 0,
      "status": "skipped"
    },
    {
      "url": "https://news.qq.com/rain/a/20260903A07KIW00",
      "title": "以茶为桥传文脉 以技聚力促交融 首届厦台职工评茶员技能竞赛在厦举办",
      "collection_id": "6a9a3d42462e4bbfa78ffe9a",
      "insert_len": 0,
      "status": "success"
    },
    {
      "url": "https://news.qq.com/rain/a/20260903A07KDM00",
      "title": "8月开户创年内新低，散户与机构再度站到了同一边",
      "collection_id": "6a9a3d42462e4bbfa78ffee3",
      "insert_len": 0,
      "status": "success"
    },
    {
      "url": "https://news.qq.com/rain/a/20260903A07KDJ00",
      "title": "南京市委书记、市长，为新公司揭牌",
      "collection_id": "6a9a3d42462e4bbfa78fff1f",
      "insert_len": 0,
      "status": "success"
    },
    {
      "url": "https://news.qq.com/rain/a/20260903A07KFB00",
      "title": "高盛策略师：长期仍看好风险资产 但“最容易赚的钱”可能已经赚完了",
      "collection_id": "6a9a3d43462e4bbfa78fff66",
      "insert_len": 0,
      "status": "success"
    },
    {
      "url": "https://news.qq.com/rain/a/20260903A07IVK00",
      "title": "红色教育浸润童心 德州小学开展爱国主题教育活动",
      "collection_id": "6a9a3d43462e4bbfa78fff97",
      "insert_len": 0,
      "status": "success"
    },
    {
      "url": "https://news.qq.com/rain/a/20260903A07JT800",
      "title": "",
      "collection_id": null,
      "insert_len": 0,
      "status": "failed",
      "error": "新闻内容过短。"
    },
    {
      "url": "https://news.qq.com/rain/a/20260903A07KC200",
      "title": "品种升级持续推进，财信证券：维持华菱钢铁“买入”评级",
      "collection_id": "6a9a3d43462e4bbfa78fffcf",
      "insert_len": 0,
      "status": "success"
    },
    {
      "url": "https://news.qq.com/rain/a/20260903A07JP900",
      "title": "CCTV-1黄金档《生逢其时》今晚开播！",
      "collection_id": "6a9a3d43462e4bbfa7900010",
      "insert_len": 0,
      "status": "success"
    },
    {
      "url": "https://news.qq.com/rain/a/20260903A07KE900",
      "title": "中船防务盘中涨超4%，造船手持订单734亿元",
      "collection_id": "6a9a3d43462e4bbfa7900040",
      "insert_len": 0,
      "status": "success"
    },
    {
      "url": "https://news.qq.com/rain/a/20260903A07KF600",
      "title": "",
      "collection_id": null,
      "insert_len": 0,
      "status": "failed",
      "error": "EOF occurred in violation of protocol (_ssl.c:1006)"
    },
    {
      "url": "https://news.qq.com/rain/a/20260903A07JDA00",
      "title": "香港今年106家新股市值排行及股市表现",
      "collection_id": "6a9a3d44462e4bbfa7900077",
      "insert_len": 0,
      "status": "success"
    },
    {
      "url": "https://news.qq.com/rain/a/20260903A07KKC00",
      "title": "渤海开海 永辉预计采购约24万斤渔获",
      "collection_id": "6a9a3d44462e4bbfa79000b8",
      "insert_len": 0,
      "status": "success"
    },
    {
      "url": "https://news.qq.com/rain/a/20260903A07KZJ00",
      "title": "韩国K9火炮打入西班牙，单价低于德国货，欧洲炮兵市场要变天",
      "collection_id": "6a9a3d44462e4bbfa79000e8",
      "insert_len": 0,
      "status": "success"
    },
    {
      "url": "https://news.qq.com/rain/a/20260903A07JGI00",
      "title": "新华社消息｜我国开展台湾岛以东管辖海域海洋地球物理综合调查",
      "collection_id": "6a9a3d45462e4bbfa7900158",
      "insert_len": 0,
      "status": "success"
    },
    {
      "url": "https://news.qq.com/rain/a/20260903A07KDD00",
      "title": "瑞士8月通胀加速至近两年最高，远超市场预期",
      "collection_id": "6a9a3d45462e4bbfa7900127",
      "insert_len": 0,
      "status": "success"
    },
    {
      "url": "https://news.qq.com/rain/a/20260903A07KDZ00",
      "title": "未来EPS增长+分红提升有望共振，华源证券：维持福能股份“买入”评级",
      "collection_id": "6a9a3d45462e4bbfa7900198",
      "insert_len": 0,
      "status": "success"
    },
    {
      "url": "https://news.qq.com/rain/a/20260903A07HKN00",
      "title": "活力中国调研行·绥化篇｜黑土粮仓的“活力密码”",
      "collection_id": "6a9a3d45462e4bbfa79001c8",
      "insert_len": 0,
      "status": "success"
    },
    {
      "url": "https://news.qq.com/rain/a/20260903A07L5Z00",
      "title": "韩国电力拟向三星电子、SK海力士预收25万亿韩元电费",
      "collection_id": "6a9a3d46462e4bbfa790020e",
      "insert_len": 0,
      "status": "success"
    },
    {
      "url": "https://news.qq.com/rain/a/20260903A07KLQ00",
      "title": "莆田市发布防御暴雨动员令 全市实行“三停一休”",
      "collection_id": "6a9a3d46462e4bbfa7900247",
      "insert_len": 0,
      "status": "success"
    },
    {
      "url": "https://news.qq.com/rain/a/20260903A07L3P00",
      "title": "西媒：皇马青训卖人进账2.16亿欧，净支出仅900万欧",
      "collection_id": "6a9a3d47462e4bbfa7900345",
      "insert_len": 0,
      "status": "success"
    },
    {
      "url": "https://news.qq.com/rain/a/20260903A07L3M00",
      "title": "小摩高管高喊全球并购或迎“纪录之年”：最后数月有望集中放量 剑指5.3万亿美元历史峰值",
      "collection_id": "6a9a3d46462e4bbfa7900287",
      "insert_len": 0,
      "status": "success"
    },
    {
      "url": "https://news.qq.com/rain/a/20260903A07KD400",
      "title": "高盛：部分市场泡沫已经出清，散户追涨热潮也有所消退",
      "collection_id": "6a9a3d47462e4bbfa79002f1",
      "insert_len": 0,
      "status": "success"
    },
    {
      "url": "https://news.qq.com/rain/a/20260903A07JDC00",
      "title": "何小鹏解释命名“小鹏汽车”的原因",
      "collection_id": "6a9a3d47462e4bbfa79002c1",
      "insert_len": 0,
      "status": "success"
    },
    {
      "url": "https://news.qq.com/rain/a/20260903A07KCY00",
      "title": "",
      "collection_id": null,
      "insert_len": 0,
      "status": "failed",
      "error": "EOF occurred in violation of protocol (_ssl.c:1006)"
    },
    {
      "url": "https://news.qq.com/rain/a/20260903A07KDC00",
      "title": "高盛策略师：现在重新布局法国股市尚为时过早",
      "collection_id": "6a9a3d47462e4bbfa7900347",
      "insert_len": 0,
      "status": "success"
    },
    {
      "url": "https://news.qq.com/rain/a/20260903A07L0400",
      "title": "",
      "collection_id": null,
      "insert_len": 0,
      "status": "failed",
      "error": "EOF occurred in violation of protocol (_ssl.c:1006)"
    },
    {
      "url": "https://news.qq.com/rain/a/20260903A07L3E00",
      "title": "维卡里奥：布冯是足球史上最好的门将；尤文图斯比英超更重要",
      "collection_id": "6a9a3d48462e4bbfa79003af",
      "insert_len": 0,
      "status": "success"
    },
    {
      "url": "https://news.qq.com/rain/a/20260903A07JVK00",
      "title": "从“炫技”到“干活”，机器人“打工”时代加速",
      "collection_id": "6a9a3d49462e4bbfa79003ed",
      "insert_len": 0,
      "status": "success"
    },
    {
      "url": "https://news.qq.com/rain/a/20260903A07L2V00",
      "title": "官方：巴萨B队中场罗赫尔加盟卡塔尔二级联赛俱乐部马希亚",
      "collection_id": "6a9a3d49462e4bbfa790041e",
      "insert_len": 0,
      "status": "success"
    },
    {
      "url": "https://news.qq.com/rain/a/20260903A07J3E00",
      "title": "中国台湾歌手吴克群：为普通人 “做不可能的事”，海峡对岸的朋友也被打动",
      "collection_id": "6a9a3d49462e4bbfa790044e",
      "insert_len": 0,
      "status": "success"
    },
    {
      "url": "https://news.qq.com/rain/a/20260903A07KYR00",
      "title": "",
      "collection_id": null,
      "insert_len": 0,
      "status": "failed",
      "error": "EOF occurred in violation of protocol (_ssl.c:1006)"
    },
    {
      "url": "https://news.qq.com/rain/a/20260903A07LAU00",
      "title": "AI狂飙突进，会抢走气象人的饭碗吗？",
      "collection_id": "6a9a3d4b462e4bbfa79004be",
      "insert_len": 0,
      "status": "success"
    },
    {
      "url": "https://news.qq.com/rain/a/20260903A07L3W00",
      "title": "四大AI预测米亚尔比vs尤尔加登：各家一致预测客队取胜",
      "collection_id": "6a9a3d4b462e4bbfa7900503",
      "insert_len": 0,
      "status": "success"
    },
    {
      "url": "https://news.qq.com/rain/a/20260903A07JYT00",
      "title": "小米玄戒O3纪念铝板亮相内嵌芯片雷军签名",
      "collection_id": "6a9a3d4c462e4bbfa7900547",
      "insert_len": 0,
      "status": "success"
    },
    {
      "url": "https://news.qq.com/rain/a/20260903A07IPS00",
      "title": "",
      "collection_id": null,
      "insert_len": 0,
      "status": "failed",
      "error": "新闻正文为空。"
    },
    {
      "url": "https://news.qq.com/rain/a/20260903A07L3Z00",
      "title": "",
      "collection_id": null,
      "insert_len": 0,
      "status": "failed",
      "error": "EOF occurred in violation of protocol (_ssl.c:1006)"
    },
    {
      "url": "https://news.qq.com/rain/a/20260903A07K1D00",
      "title": "舜宇智行二次递表：车载光学全球第一的分拆上市之路与毛利之困",
      "collection_id": "6a9a3d4d462e4bbfa7900580",
      "insert_len": 0,
      "status": "success"
    },
    {
      "url": "https://news.qq.com/rain/a/20260903A07KOH00",
      "title": "全新腾势N8内饰官图发布 天际屏+全景屏+环抱式氛围灯",
      "collection_id": "6a9a3d4e462e4bbfa79005c7",
      "insert_len": 0,
      "status": "success"
    },
    {
      "url": "https://news.qq.com/rain/a/20260903A07L3600",
      "title": "基米希：比朔夫表现出色，肯定能帮到我们",
      "collection_id": "6a9a3d57462e4bbfa79008ae",
      "insert_len": 0,
      "status": "success"
    },
    {
      "url": "https://news.qq.com/rain/a/20260903A07L0L00",
      "title": "中信金融资产下属公司要求中安科董事会扩容",
      "collection_id": "6a9a3d4f462e4bbfa7900632",
      "insert_len": 0,
      "status": "success"
    },
    {
      "url": "https://news.qq.com/rain/a/20260903A07K9A00",
      "title": "和平年代，我们为什么还要军训？",
      "collection_id": "6a9a3d4e462e4bbfa7900602",
      "insert_len": 0,
      "status": "success"
    },
    {
      "url": "https://news.qq.com/rain/a/20260903A07L3U00",
      "title": "",
      "collection_id": null,
      "insert_len": 0,
      "status": "failed",
      "error": "新闻内容过短。"
    },
    {
      "url": "https://news.qq.com/rain/a/20260903A07JDL00",
      "title": "财中ETF风向标｜标普油气ETF富国(513350)盘中跌2.69% 隔夜美股三大指数集体收涨",
      "collection_id": "6a9a3d4f462e4bbfa790067e",
      "insert_len": 0,
      "status": "success"
    },
    {
      "url": "https://news.qq.com/rain/a/20260903A07CPW00",
      "title": "“用了AI，就成了过街老鼠？”",
      "collection_id": "6a9a3d4f462e4bbfa79006b5",
      "insert_len": 0,
      "status": "success"
    },
    {
      "url": "https://news.qq.com/rain/a/20260903A07LDC00",
      "title": "",
      "collection_id": null,
      "insert_len": 0,
      "status": "failed",
      "error": "新闻正文为空。"
    },
    {
      "url": "https://news.qq.com/rain/a/20260903A07ICG00",
      "title": "18个团组，足迹遍及三大洲！哈工程人走进全球前沿课堂！",
      "collection_id": "6a9a3d50462e4bbfa79006fa",
      "insert_len": 0,
      "status": "success"
    },
    {
      "url": "https://news.qq.com/rain/a/20260903A07GR000",
      "title": "",
      "collection_id": null,
      "insert_len": 0,
      "status": "failed",
      "error": "EOF occurred in violation of protocol (_ssl.c:1006)"
    },
    {
      "url": "https://news.qq.com/rain/a/20260903A07KIA00",
      "title": "两房换三房四房，300-500万番禺选盘攻略",
      "collection_id": "6a9a3d51462e4bbfa790073f",
      "insert_len": 0,
      "status": "success"
    },
    {
      "url": "https://news.qq.com/rain/a/20260903A07JZQ00",
      "title": "记者探访济南月饼市场：单个零售月饼价格2元—15元，一周后或迎销售高峰 | 新黄河探市",
      "collection_id": "6a9a3d51462e4bbfa7900784",
      "insert_len": 0,
      "status": "success"
    },
    {
      "url": "https://news.qq.com/rain/a/20260903A07J4400",
      "title": "",
      "collection_id": null,
      "insert_len": 0,
      "status": "failed",
      "error": "EOF occurred in violation of protocol (_ssl.c:1006)"
    },
    {
      "url": "https://news.qq.com/rain/a/20260903A07L4F00",
      "title": "",
      "collection_id": null,
      "insert_len": 0,
      "status": "failed",
      "error": "EOF occurred in violation of protocol (_ssl.c:1006)"
    },
    {
      "url": "https://news.qq.com/rain/a/20260903A07KZY00",
      "title": "父母围孕期叶酸和维生素B12水平不足，可增加子代出生缺陷发生风险",
      "collection_id": "6a9a3d55462e4bbfa79007d5",
      "insert_len": 0,
      "status": "success"
    },
    {
      "url": "https://news.qq.com/rain/a/20260903A07K6L00",
      "title": "2026 年一丹奖获奖名单揭晓——研究奖致敬多学科融合创新 发展奖表彰早期儿童成长革新",
      "collection_id": "6a9a3d56462e4bbfa790082f",
      "insert_len": 0,
      "status": "success"
    },
    {
      "url": "https://news.qq.com/rain/a/20260903A07LHW00",
      "title": "冷饮烧烤吃多积食？医生提醒：根源是脾胃虚弱",
      "collection_id": "6a9a3d56462e4bbfa790087e",
      "insert_len": 0,
      "status": "success"
    },
    {
      "url": "https://news.qq.com/rain/a/20260903A07LOC00",
      "title": "9月3日“农产品批发价格200指数”比昨天上升0.01个点",
      "collection_id": "6a9a3d56462e4bbfa790082b",
      "insert_len": 0,
      "status": "success"
    },
    {
      "url": "https://news.qq.com/rain/a/20260903A07KWX00",
      "title": "淘宝突发大面积服务器故障，客服：已修复",
      "collection_id": "6a9a3d58462e4bbfa7900a2f",
      "insert_len": 0,
      "status": "success"
    },
    {
      "url": "https://news.qq.com/rain/a/20260903A07LHT00",
      "title": "",
      "collection_id": null,
      "insert_len": 0,
      "status": "failed",
      "error": "EOF occurred in violation of protocol (_ssl.c:1006)"
    },
    {
      "url": "https://news.qq.com/rain/a/20260903A07L4P00",
      "title": "一场极限挑战 读懂甲醇汽车与新疆的双向奔赴",
      "collection_id": "6a9a3d57462e4bbfa79008f5",
      "insert_len": 0,
      "status": "success"
    },
    {
      "url": "https://news.qq.com/rain/a/20260903A07L3G00",
      "title": "彩经日报：控球优势与进攻效率多次背离，昨日赛果带来启发",
      "collection_id": "6a9a3d57462e4bbfa790093c",
      "insert_len": 0,
      "status": "success"
    },
    {
      "url": "https://news.qq.com/rain/a/20260903A07M5M00",
      "title": "航行警告！黄海部分海域将进行军事演练 禁止驶入",
      "collection_id": "6a9a3d57462e4bbfa7900974",
      "insert_len": 0,
      "status": "success"
    },
    {
      "url": "https://news.qq.com/rain/a/20260903A07LLB00",
      "title": "国铁半年答卷，飞驰铁轨连着万家烟火",
      "collection_id": "6a9a3d58462e4bbfa79009c3",
      "insert_len": 0,
      "status": "success"
    },
    {
      "url": "https://news.qq.com/rain/a/20260903A07LAH00",
      "title": "25类服装鞋帽商标购买平台推荐：6家主流渠道客观盘点",
      "collection_id": "6a9a3d58462e4bbfa79009f3",
      "insert_len": 0,
      "status": "success"
    },
    {
      "url": "https://news.qq.com/rain/a/20260903A06SPT00",
      "title": "黄颖慧Grace、Edward Freeman、邝颖怡Cindy，加入「瑞生」香港办公室",
      "collection_id": "6a9a3d58462e4bbfa7900a90",
      "insert_len": 0,
      "status": "success"
    },
    {
      "url": "https://news.qq.com/rain/a/20260903A07KD800",
      "title": "",
      "collection_id": null,
      "insert_len": 0,
      "status": "failed",
      "error": "新闻正文为空。"
    },
    {
      "url": "https://news.qq.com/rain/a/20260903A07LIF00",
      "title": "",
      "collection_id": null,
      "insert_len": 0,
      "status": "failed",
      "error": "EOF occurred in violation of protocol (_ssl.c:1006)"
    },
    {
      "url": "https://news.qq.com/rain/a/20260903A06PTP00",
      "title": "一键可查单删？微信回应：暂不提供批量查看单删联系人",
      "collection_id": "6a9a3d58462e4bbfa7900ac7",
      "insert_len": 0,
      "status": "success"
    },
    {
      "url": "https://news.qq.com/rain/a/20260903A07KSV00",
      "title": "【9.3抗战胜利纪念日】致敬伟大胜利！",
      "collection_id": "6a9a3d59462e4bbfa7900b02",
      "insert_len": 0,
      "status": "success"
    },
    {
      "url": "https://news.qq.com/rain/a/20260903A06PEP00",
      "title": "“微信 单删提示”冲上热搜，腾讯客服：微信目前暂不支持批量查看已被对方删除的联系人信息",
      "collection_id": "6a9a3d59462e4bbfa7900b3a",
      "insert_len": 0,
      "status": "success"
    },
    {
      "url": "https://news.qq.com/rain/a/20260903A07KK300",
      "title": "滨江观序尚府深度测评报告：区域价值榜首，滨江品牌加持下的改善优选",
      "collection_id": "6a9a3d59462e4bbfa7900b79",
      "insert_len": 0,
      "status": "success"
    },
    {
      "url": "https://news.qq.com/rain/a/20260903A07L1G00",
      "title": "@杭州家长，上下学接送娃停车指南收好！",
      "collection_id": "6a9a3d59462e4bbfa7900bb1",
      "insert_len": 0,
      "status": "success"
    },
    {
      "url": "https://news.qq.com/rain/a/20260903A07LJZ00",
      "title": "尖端技术+灵活空间 比亚迪海狮08正式上市 售22.99万起",
      "collection_id": "6a9a3d5a462e4bbfa7900c3b",
      "insert_len": 0,
      "status": "success"
    },
    {
      "url": "https://news.qq.com/rain/a/20260903A07LK700",
      "title": "木兰礼赞 | 张海燕：一针一线间，织就无声少年“入世铠甲”",
      "collection_id": "6a9a3d5a462e4bbfa7900bff",
      "insert_len": 0,
      "status": "success"
    },
    {
      "url": "https://news.qq.com/rain/a/20260903A07KFS00",
      "title": "A股上市公司半年报披露近日收官 双创板块业绩增长突出",
      "collection_id": "6a9a3d5a462e4bbfa7900c7e",
      "insert_len": 0,
      "status": "success"
    },
    {
      "url": "https://news.qq.com/rain/a/20260903A07KE300",
      "title": "光大银行中报归母净利润大跌背后的考验",
      "collection_id": "6a9a3d5a462e4bbfa7900cd6",
      "insert_len": 0,
      "status": "success"
    },
    {
      "url": "https://news.qq.com/rain/a/20260903A07L9C00",
      "title": "海狮08定价22.99万起，25万级中大型SUV基盘要乱套了！",
      "collection_id": "6a9a3d5a462e4bbfa7900d0a",
      "insert_len": 0,
      "status": "success"
    },
    {
      "url": "https://news.qq.com/rain/a/20260903A07KOY00",
      "title": "",
      "collection_id": null,
      "insert_len": 0,
      "status": "failed",
      "error": "EOF occurred in violation of protocol (_ssl.c:1006)"
    },
    {
      "url": "https://news.qq.com/rain/a/20260903A07LZ400",
      "title": "卫冕冠军翁泓阳击败骆健佑 晋级中国大师赛八强",
      "collection_id": "6a9a3d5b462e4bbfa7900d5f",
      "insert_len": 0,
      "status": "success"
    },
    {
      "url": "https://news.qq.com/rain/a/20260903A06DF000",
      "title": "腾讯不想让WorkBuddy困在桌面",
      "collection_id": "6a9a3d5b462e4bbfa7900d96",
      "insert_len": 0,
      "status": "success"
    },
    {
      "url": "https://news.qq.com/rain/a/20260903A07HZK00",
      "title": "",
      "collection_id": null,
      "insert_len": 0,
      "status": "failed",
      "error": "EOF occurred in violation of protocol (_ssl.c:1006)"
    },
    {
      "url": "https://news.qq.com/rain/a/20260903A07KEN00",
      "title": "希音‑W午后港股走弱跌近10%",
      "collection_id": "6a9a3d5c462e4bbfa7900ddc",
      "insert_len": 0,
      "status": "success"
    },
    {
      "url": "https://news.qq.com/rain/a/20260903A07L3Y00",
      "title": "阿梅利亚：德赫亚会证明自身价值",
      "collection_id": "6a9a3d5c462e4bbfa7900e16",
      "insert_len": 0,
      "status": "success"
    },
    {
      "url": "https://news.qq.com/rain/a/20260903A06FXY00",
      "title": "腾讯WorkBuddy发布开放平台，想用开放「连」起一个AI生态",
      "collection_id": "6a9a3d5d462e4bbfa7900e50",
      "insert_len": 0,
      "status": "success"
    },
    {
      "url": "https://news.qq.com/rain/a/20260903A07M4Z00",
      "title": "南向资金连续7日净买入港股！港股红利低波ETF招商（520550）份额新高的背后，透露着什么信号？",
      "collection_id": "6a9a3d5d462e4bbfa7900efc",
      "insert_len": 0,
      "status": "success"
    },
    {
      "url": "https://news.qq.com/rain/a/20260903A07M6A00",
      "title": "5月获利离场、8月重新杀回！施罗德为何再度看多黄金？",
      "collection_id": "6a9a3d5d462e4bbfa7900ec8",
      "insert_len": 0,
      "status": "success"
    },
    {
      "url": "https://news.qq.com/rain/a/20260903A07IG900",
      "title": "每年约40万中国女性确诊乳腺癌，专家呼吁：重视HER2全谱系检测，抓住治疗新窗口",
      "collection_id": "6a9a3d5e462e4bbfa7900f3d",
      "insert_len": 0,
      "status": "success"
    },
    {
      "url": "https://news.qq.com/rain/a/20260903A07KD200",
      "title": "美银：标普500指数8月向上突破的有效性持续得到验证",
      "collection_id": "6a9a3d5e462e4bbfa7900f82",
      "insert_len": 0,
      "status": "success"
    },
    {
      "url": "https://news.qq.com/rain/a/20260903A07MAP00",
      "title": "Keeping the World Moving 不断链的世界——共建“一带一路”融媒体传播活动在陕启幕",
      "collection_id": "6a9a3d5f462e4bbfa7900fc3",
      "insert_len": 0,
      "status": "success"
    },
    {
      "url": "https://news.qq.com/rain/a/20260903A07MAN00",
      "title": "",
      "collection_id": null,
      "insert_len": 0,
      "status": "failed",
      "error": "EOF occurred in violation of protocol (_ssl.c:1006)"
    },
    {
      "url": "https://news.qq.com/rain/a/20260903A07MAH00",
      "title": "",
      "collection_id": null,
      "insert_len": 0,
      "status": "failed",
      "error": "EOF occurred in violation of protocol (_ssl.c:1006)"
    },
    {
      "url": "https://news.qq.com/rain/a/20260903A07L2O00",
      "title": "晚旗报：切尔西夏窗三大目标基本达成",
      "collection_id": "6a9a3d61462e4bbfa7901032",
      "insert_len": 0,
      "status": "success"
    },
    {
      "url": "https://news.qq.com/rain/a/20260903A07JDZ00",
      "title": "机器人拎起钉枪上工地，美国建筑工人的饭碗要被抢了？",
      "collection_id": "6a9a3d61462e4bbfa7901002",
      "insert_len": 0,
      "status": "success"
    },
    {
      "url": "https://news.qq.com/rain/a/20260903A07L7I00",
      "title": "啤酒调价分化：大众产品为何涨不动，高端产品还能涨多少？",
      "collection_id": "6a9a3d61462e4bbfa7901082",
      "insert_len": 0,
      "status": "success"
    },
    {
      "url": "https://news.qq.com/rain/a/20260903A07K4M00",
      "title": "",
      "collection_id": null,
      "insert_len": 0,
      "status": "failed",
      "error": "EOF occurred in violation of protocol (_ssl.c:1006)"
    },
    {
      "url": "https://news.qq.com/rain/a/20260903A07LIL00",
      "title": "好好吃饭、多动一动！简单好习惯，帮你远离慢性病",
      "collection_id": "6a9a3d63462e4bbfa79010e0",
      "insert_len": 0,
      "status": "success"
    },
    {
      "url": "https://news.qq.com/rain/a/20260903A07L1A00",
      "title": "已进入48小时警戒线！台风“科罗旺”路径调整！会影响杭州吗？",
      "collection_id": "6a9a3d63462e4bbfa790111c",
      "insert_len": 0,
      "status": "success"
    },
    {
      "url": "https://news.qq.com/rain/a/20260903A07M7700",
      "title": "",
      "collection_id": null,
      "insert_len": 0,
      "status": "failed",
      "error": "EOF occurred in violation of protocol (_ssl.c:1006)"
    },
    {
      "url": "https://news.qq.com/rain/a/20260903A07GK400",
      "title": "险！10人江边游玩被困！",
      "collection_id": "6a9a3d64462e4bbfa7901186",
      "insert_len": 0,
      "status": "success"
    },
    {
      "url": "https://news.qq.com/rain/a/20260903A07MEY00",
      "title": "国博古代书画展即将上新，集中展示宋元至明清时期书画珍品",
      "collection_id": "6a9a3d64462e4bbfa7901156",
      "insert_len": 0,
      "status": "success"
    },
    {
      "url": "https://news.qq.com/rain/a/20260903A07LLP00",
      "title": "午后医药板块集体爆发！中国生物制药大涨7%，生物科技、疫苗多细分领涨，发生了什么？",
      "collection_id": "6a9a3d64462e4bbfa79011c6",
      "insert_len": 0,
      "status": "success"
    },
    {
      "url": "https://news.qq.com/rain/a/20260903A07M7P00",
      "title": "物自体科技完成新一轮融资，推动企业级 AI 营销走向增长系统",
      "collection_id": "6a9a3d65462e4bbfa79011ff",
      "insert_len": 0,
      "status": "success"
    },
    {
      "url": "https://news.qq.com/rain/a/20260903A07M0X00",
      "title": "马斯克要“自产”燃气轮机叶片 但这场跨界可能没那么轻松？",
      "collection_id": "6a9a3d65462e4bbfa7901283",
      "insert_len": 0,
      "status": "success"
    },
    {
      "url": "https://news.qq.com/rain/a/20260903A07M5L00",
      "title": "线上零售巨头竞逐线下，一场“店仓融合”的万亿账",
      "collection_id": "6a9a3d65462e4bbfa790124b",
      "insert_len": 0,
      "status": "success"
    },
    {
      "url": "https://news.qq.com/rain/a/20260903A07M1E00",
      "title": "这场公安水上比武，赛场比拼对应现实救援场景",
      "collection_id": "6a9a3d66462e4bbfa79012d0",
      "insert_len": 0,
      "status": "success"
    },
    {
      "url": "https://news.qq.com/rain/a/20260903A07M5Q00",
      "title": "算力浪潮提振有色金属需求，工业有色ETF易方达（159032）标的指数上涨1.5%",
      "collection_id": "6a9a3d66462e4bbfa7901311",
      "insert_len": 0,
      "status": "success"
    },
    {
      "url": "https://news.qq.com/rain/a/20260903A07NDO00",
      "title": "",
      "collection_id": null,
      "insert_len": 0,
      "status": "failed",
      "error": "新闻内容过短。"
    },
    {
      "url": "https://news.qq.com/rain/a/20260903A07LZA00",
      "title": "明方向 增实干 见行动——全市政法领导干部专题研讨班侧记",
      "collection_id": "6a9a3d66462e4bbfa7901352",
      "insert_len": 0,
      "status": "success"
    },
    {
      "url": "https://news.qq.com/rain/a/20260903A07MUJ00",
      "title": "行进中国丨“拎包入驻”造芯片",
      "collection_id": "6a9a3d67462e4bbfa790138a",
      "insert_len": 0,
      "status": "success"
    },
    {
      "url": "https://news.qq.com/rain/a/20260903A07L7L00",
      "title": "",
      "collection_id": null,
      "insert_len": 0,
      "status": "failed",
      "error": "EOF occurred in violation of protocol (_ssl.c:1006)"
    },
    {
      "url": "https://news.qq.com/rain/a/20260903A07MTP00",
      "title": "知产变资产融资提速度！烟台黄渤海新区助科创企业解资金难题",
      "collection_id": "6a9a3d67462e4bbfa79013e6",
      "insert_len": 0,
      "status": "success"
    },
    {
      "url": "https://news.qq.com/rain/a/20260903A07M7000",
      "title": "台积电：季度设备采购预估值近乎翻倍，半导体产业链景气可期，半导体设备ETF易方达（159558）盘中获超1亿份净申购",
      "collection_id": "6a9a3d68462e4bbfa790146f",
      "insert_len": 0,
      "status": "success"
    },
    {
      "url": "https://news.qq.com/rain/a/20260903A07MLZ00",
      "title": "我驻俄使馆就中国公民赴（返）俄留学发布提醒：如接到“征兵”类电话、短信、邮件等，请及时与校方、驻俄使（领）馆联系",
      "collection_id": "6a9a3d68462e4bbfa790141f",
      "insert_len": 0,
      "status": "success"
    },
    {
      "url": "https://news.qq.com/rain/a/20260903A04PK700",
      "title": "LakersMuse回顾东契奇和浓眉当年交易：至今仍然不敢相信",
      "collection_id": "6a9a3d69462e4bbfa79014be",
      "insert_len": 0,
      "status": "success"
    },
    {
      "url": "https://news.qq.com/rain/a/20260903A07N0900",
      "title": "第一次去丽江拍婚纱照？手把手教你选对工作室，预算分配+避坑技巧全在这",
      "collection_id": "6a9a3d69462e4bbfa790152c",
      "insert_len": 0,
      "status": "success"
    },
    {
      "url": "https://news.qq.com/rain/a/20260903A07NC100",
      "title": "收入短期承压但盈利质量改善，方正证券：维持曼卡龙“推荐”评级",
      "collection_id": "6a9a3d69462e4bbfa79014ee",
      "insert_len": 0,
      "status": "success"
    },
    {
      "url": "https://news.qq.com/rain/a/20260903A07MXE00",
      "title": "到手工资突然缩水？2026个税调整，别忘这笔退税",
      "collection_id": "6a9a3d6a462e4bbfa7901569",
      "insert_len": 0,
      "status": "success"
    },
    {
      "url": "https://news.qq.com/rain/a/20260903A07MJ000",
      "title": "WTT解说：松岛辉空和F-勒布伦曾在2021年搭档夺得男双冠军",
      "collection_id": "6a9a3d6a462e4bbfa79015a2",
      "insert_len": 0,
      "status": "success"
    },
    {
      "url": "https://news.qq.com/rain/a/20260903A07MYF00",
      "title": "张檬回郑州娘家，和小五带儿子在游乐场玩，素颜仍愿意与粉丝合影",
      "collection_id": "6a9a3d6a462e4bbfa79015d2",
      "insert_len": 0,
      "status": "success"
    },
    {
      "url": "https://news.qq.com/rain/a/20260903A07M3200",
      "title": "好莱坞新作缺席、女导演作品锐减，威尼斯电影节光环渐褪？",
      "collection_id": "6a9a3d6c462e4bbfa790162e",
      "insert_len": 0,
      "status": "success"
    },
    {
      "url": "https://news.qq.com/rain/a/20260903A07MQD00",
      "title": "",
      "collection_id": null,
      "insert_len": 0,
      "status": "failed",
      "error": "新闻正文为空。"
    },
    {
      "url": "https://news.qq.com/rain/a/20260903A07MTU00",
      "title": "",
      "collection_id": null,
      "insert_len": 0,
      "status": "failed",
      "error": "EOF occurred in violation of protocol (_ssl.c:1006)"
    },
    {
      "url": "https://news.qq.com/rain/a/20260903A077IF00",
      "title": "",
      "collection_id": null,
      "insert_len": 0,
      "status": "failed",
      "error": "EOF occurred in violation of protocol (_ssl.c:1006)"
    },
    {
      "url": "https://news.qq.com/rain/a/20260903A07MEH00",
      "title": "",
      "collection_id": null,
      "insert_len": 0,
      "status": "failed",
      "error": "EOF occurred in violation of protocol (_ssl.c:1006)"
    },
    {
      "url": "https://news.qq.com/rain/a/20260903A07MN500",
      "title": "",
      "collection_id": null,
      "insert_len": 0,
      "status": "failed",
      "error": "EOF occurred in violation of protocol (_ssl.c:1006)"
    },
    {
      "url": "https://news.qq.com/rain/a/20260903A07MYN00",
      "title": "“淘宝崩了” 冲上热搜：大量用户无法查看订单及页面报错，官方暂未回应",
      "collection_id": "6a9a3d72462e4bbfa7901696",
      "insert_len": 0,
      "status": "success"
    },
    {
      "url": "https://news.qq.com/rain/a/20260903A07L7P00",
      "title": "泰国甘烹碧府校园枪击惊魂：14岁学生持父亲配枪开枪，动机曝光",
      "collection_id": "6a9a3d72462e4bbfa79016c6",
      "insert_len": 0,
      "status": "success"
    },
    {
      "url": "https://news.qq.com/rain/a/20260903A07MFS00",
      "title": "",
      "collection_id": null,
      "insert_len": 0,
      "status": "failed",
      "error": "EOF occurred in violation of protocol (_ssl.c:1006)"
    },
    {
      "url": "https://news.qq.com/rain/a/20260903A07NCQ00",
      "title": "",
      "collection_id": null,
      "insert_len": 0,
      "status": "failed",
      "error": "EOF occurred in violation of protocol (_ssl.c:1006)"
    },
    {
      "url": "https://news.qq.com/rain/a/20260903A07MF400",
      "title": "莫德里奇或将在年底退役！之后考虑当教练，梦想是执教皇马！",
      "collection_id": "6a9a3d72462e4bbfa7901701",
      "insert_len": 0,
      "status": "success"
    },
    {
      "url": "https://news.qq.com/rain/a/20260903A07MJG00",
      "title": "官方：因球员穿错球衣导致开球延误，对南京城市罚款4万",
      "collection_id": "6a9a3d72462e4bbfa7901731",
      "insert_len": 0,
      "status": "success"
    },
    {
      "url": "https://news.qq.com/rain/a/20260903A07MY100",
      "title": "要放大招！卢伟冰预热今晚IFA直播：将有小米汽车的好消息",
      "collection_id": "6a9a3d73462e4bbfa7901780",
      "insert_len": 0,
      "status": "success"
    },
    {
      "url": "https://news.qq.com/rain/a/20260903A07MZK00",
      "title": "",
      "collection_id": null,
      "insert_len": 0,
      "status": "failed",
      "error": "EOF occurred in violation of protocol (_ssl.c:1006)"
    },
    {
      "url": "https://news.qq.com/rain/a/20260903A07MAL00",
      "title": "闻“汛”而动 浙江温州全力应对持续强降雨",
      "collection_id": "6a9a3d74462e4bbfa79017b7",
      "insert_len": 0,
      "status": "success"
    },
    {
      "url": "https://news.qq.com/rain/a/20260903A07M8600",
      "title": "凤翔湖水街又又又要上新啦！",
      "collection_id": "6a9a3d75462e4bbfa79017f0",
      "insert_len": 0,
      "status": "success"
    },
    {
      "url": "https://news.qq.com/rain/a/20260903A07LOR00",
      "title": "26位球星面临失业！本泽马领衔，2人被穆帅否决，1人被喊赴前线打仗",
      "collection_id": "6a9a3d76462e4bbfa790183b",
      "insert_len": 0,
      "status": "success"
    },
    {
      "url": "https://news.qq.com/rain/a/20260903A07MF100",
      "title": "奇瑞控股集团董事长尹同跃：汽车行业这些问题需要关注",
      "collection_id": "6a9a3d76462e4bbfa790183d",
      "insert_len": 0,
      "status": "success"
    },
    {
      "url": "https://news.qq.com/rain/a/20260903A07MYT00",
      "title": "珑岄上城风井位置楼栋视野影响实测：不挡视线，小区景观与采光通风有保障",
      "collection_id": "6a9a3d77462e4bbfa79018c8",
      "insert_len": 0,
      "status": "success"
    },
    {
      "url": "https://news.qq.com/rain/a/20260903A05KWP00",
      "title": "从中亚到埃及：一条贸易新路正在铺开",
      "collection_id": "6a9a3d77462e4bbfa7901898",
      "insert_len": 0,
      "status": "success"
    },
    {
      "url": "https://news.qq.com/rain/a/20260903A07NAM00",
      "title": "",
      "collection_id": null,
      "insert_len": 0,
      "status": "failed",
      "error": "新闻正文为空。"
    },
    {
      "url": "https://news.qq.com/rain/a/20260903A07MVJ00",
      "title": "一座城市一款校服，深圳为什么非要“一样”？",
      "collection_id": "6a9a3d77462e4bbfa7901920",
      "insert_len": 0,
      "status": "success"
    },
    {
      "url": "https://news.qq.com/rain/a/20260903A07NC800",
      "title": "华曦达提交8月证券变动月报表 H股2.09亿股无变动",
      "collection_id": "6a9a3d77462e4bbfa7901939",
      "insert_len": 0,
      "status": "success"
    },
    {
      "url": "https://news.qq.com/rain/a/20260903A07MUR00",
      "title": "2026年云南弥渡“一节一赛”将于9月24日启幕",
      "collection_id": "6a9a3d78462e4bbfa790197e",
      "insert_len": 0,
      "status": "success"
    },
    {
      "url": "https://news.qq.com/rain/a/20260903A07NHE00",
      "title": "",
      "collection_id": null,
      "insert_len": 0,
      "status": "failed",
      "error": "EOF occurred in violation of protocol (_ssl.c:1006)"
    },
    {
      "url": "https://news.qq.com/rain/a/20260903A07NCO00",
      "title": "中国纺织品进出口商会：1~7月我国家用纺织品累计出口196.4亿美元 同比增长3.7%",
      "collection_id": "6a9a3d78462e4bbfa79019bf",
      "insert_len": 0,
      "status": "success"
    },
    {
      "url": "https://news.qq.com/rain/a/20260903A07MY400",
      "title": "保时捷、宝马都在干：性能电车扎堆上线虚拟换挡功能",
      "collection_id": "6a9a3d79462e4bbfa7901a1f",
      "insert_len": 0,
      "status": "success"
    },
    {
      "url": "https://news.qq.com/rain/a/20260903A07NGP00",
      "title": "霍伊伦：去年夏天米兰其实没有要买我，加盟那不勒斯我没犹豫",
      "collection_id": "6a9a3d78462e4bbfa79019ef",
      "insert_len": 0,
      "status": "success"
    },
    {
      "url": "https://news.qq.com/rain/a/20260903A07NC300",
      "title": "具身智能业务获阶段性进展，东吴证券：维持旭升集团“买入”评级",
      "collection_id": "6a9a3d79462e4bbfa7901a65",
      "insert_len": 0,
      "status": "success"
    },
    {
      "url": "https://news.qq.com/rain/a/20260903A07MYO00",
      "title": "松江布亮相巴黎第一视觉面料展 六百年织造文脉对话国际时尚",
      "collection_id": "6a9a3d79462e4bbfa7901a96",
      "insert_len": 0,
      "status": "success"
    },
    {
      "url": "https://news.qq.com/rain/a/20260903A07MJ600",
      "title": "",
      "collection_id": null,
      "insert_len": 0,
      "status": "failed",
      "error": "EOF occurred in violation of protocol (_ssl.c:1006)"
    },
    {
      "url": "https://news.qq.com/rain/a/20260903A07MYH00",
      "title": "",
      "collection_id": null,
      "insert_len": 0,
      "status": "failed",
      "error": "EOF occurred in violation of protocol (_ssl.c:1006)"
    },
    {
      "url": "https://news.qq.com/rain/a/20260903A07N7W00",
      "title": "台风 “沙德尔” 携雨来袭 福州城区遭遇暴雨内涝",
      "collection_id": "6a9a3d7a462e4bbfa7901ad5",
      "insert_len": 0,
      "status": "success"
    },
    {
      "url": "https://news.qq.com/rain/a/20260903A07MWW00",
      "title": "为7680万家庭“携宠”出行，宠物友好酒店只“允许入住”还不够",
      "collection_id": "6a9a3d7b462e4bbfa7901b0c",
      "insert_len": 0,
      "status": "success"
    },
    {
      "url": "https://news.qq.com/rain/a/20260903A07MZS00",
      "title": "红桥新盘卖到2.9万，万科物业加持凭什么？津城颐润府实探",
      "collection_id": "6a9a3d7c462e4bbfa7901b60",
      "insert_len": 0,
      "status": "success"
    },
    {
      "url": "https://news.qq.com/rain/a/20260903A07N4900",
      "title": "",
      "collection_id": null,
      "insert_len": 0,
      "status": "failed",
      "error": "新闻内容过短。"
    },
    {
      "url": "https://news.qq.com/rain/a/20260903A07NP700",
      "title": "【E汽车】2027款极氪7X将于四季度上市",
      "collection_id": "6a9a3d7d462e4bbfa7901ba7",
      "insert_len": 0,
      "status": "success"
    },
    {
      "url": "https://news.qq.com/rain/a/20260903A07MVL00",
      "title": "",
      "collection_id": null,
      "insert_len": 0,
      "status": "failed",
      "error": "EOF occurred in violation of protocol (_ssl.c:1006)"
    },
    {
      "url": "https://news.qq.com/rain/a/20260903A07KEF00",
      "title": "一瓶水接力，致敬黄鹤楼下的“守护者”",
      "collection_id": "6a9a3d7d462e4bbfa7901be0",
      "insert_len": 0,
      "status": "success"
    },
    {
      "url": "https://news.qq.com/rain/a/20260903A07NG900",
      "title": "记录报：本菲卡已决定不让特鲁宾和卢克巴吉奥离队",
      "collection_id": "6a9a3d7e462e4bbfa7901c1b",
      "insert_len": 0,
      "status": "success"
    },
    {
      "url": "https://news.qq.com/rain/a/20260903A07NG000",
      "title": "基米希：我们在德国杯客场更稳定，不管对手是谁我们都很认真",
      "collection_id": "6a9a3d7e462e4bbfa7901c4b",
      "insert_len": 0,
      "status": "success"
    },
    {
      "url": "https://news.qq.com/rain/a/20260903A07MUN00",
      "title": "",
      "collection_id": null,
      "insert_len": 0,
      "status": "failed",
      "error": "EOF occurred in violation of protocol (_ssl.c:1006)"
    },
    {
      "url": "https://news.qq.com/rain/a/20260903A07MSM00",
      "title": "地坛医院刘郁涛团队：肠道菌群如何左右致病大肠杆菌感染结局（综述） | 热心肠日报",
      "collection_id": "6a9a3d7f462e4bbfa7901c8b",
      "insert_len": 0,
      "status": "success"
    },
    {
      "url": "https://news.qq.com/rain/a/20260903A07MMJ00",
      "title": "中国—上海合作组织口岸经济合作中心在天津揭牌成立",
      "collection_id": "6a9a3d7f462e4bbfa7901cc3",
      "insert_len": 0,
      "status": "success"
    },
    {
      "url": "https://news.qq.com/rain/a/20260903A07LGQ00",
      "title": "《百花杀》原来信王谋反是一场局，死前一个答案让他了却此生执念",
      "collection_id": "6a9a3d80462e4bbfa7901d43",
      "insert_len": 0,
      "status": "success"
    },
    {
      "url": "https://news.qq.com/rain/a/20260903A07N6H00",
      "title": "佛系运营，《全职猎人》富坚义博X账号粉丝量处于日本漫画家榜首",
      "collection_id": "6a9a3d80462e4bbfa7901d13",
      "insert_len": 0,
      "status": "success"
    },
    {
      "url": "https://news.qq.com/rain/a/20260903A07NCC00",
      "title": "消防救援队在吉隆泥石流受灾区持续推进纵深精细化搜寻",
      "collection_id": "6a9a3d80462e4bbfa7901dca",
      "insert_len": 0,
      "status": "success"
    },
    {
      "url": "https://news.qq.com/rain/a/20260903A07MY500",
      "title": "过敏性鼻炎为何难根治？根源在于免疫系统认知偏差",
      "collection_id": "6a9a3d80462e4bbfa7901db8",
      "insert_len": 0,
      "status": "success"
    },
    {
      "url": "https://news.qq.com/rain/a/20260903A07MZU00",
      "title": "西安华发锦宸赋医疗配套解读：距三甲医院约2公里，与金茂璞逸东方医疗资源对比",
      "collection_id": "6a9a3d81462e4bbfa7901e4f",
      "insert_len": 0,
      "status": "success"
    },
    {
      "url": "https://news.qq.com/rain/a/20260903A07MUC00",
      "title": "居家消防安全咋守护“安全课堂”送到业主家门口",
      "collection_id": "6a9a3d81462e4bbfa7901e17",
      "insert_len": 0,
      "status": "success"
    },
    {
      "url": "https://news.qq.com/rain/a/20260903A07NCD00",
      "title": "韩股深V翻红！美就业数据公布前市场谨慎，美联储本月加息概率超6成",
      "collection_id": "6a9a3d82462e4bbfa7901ec8",
      "insert_len": 0,
      "status": "success"
    },
    {
      "url": "https://news.qq.com/rain/a/20260903A07MKS00",
      "title": "从职业律师到“蘑菇大王”：他在黄陂田野间“种”出一家年入千万的火锅店",
      "collection_id": "6a9a3d82462e4bbfa7901e94",
      "insert_len": 0,
      "status": "success"
    },
    {
      "url": "https://news.qq.com/rain/a/20260903A07KYL00",
      "title": "",
      "collection_id": null,
      "insert_len": 0,
      "status": "failed",
      "error": "EOF occurred in violation of protocol (_ssl.c:1006)"
    },
    {
      "url": "https://news.qq.com/rain/a/20260903A07MVK00",
      "title": "前7月重庆市级重点项目完成投资近3000亿元",
      "collection_id": "6a9a3d83462e4bbfa7901f12",
      "insert_len": 0,
      "status": "success"
    },
    {
      "url": "https://news.qq.com/rain/a/20260903A07NPG00",
      "title": "",
      "collection_id": null,
      "insert_len": 0,
      "status": "failed",
      "error": "EOF occurred in violation of protocol (_ssl.c:1006)"
    },
    {
      "url": "https://news.qq.com/rain/a/20260903A07NT200",
      "title": "运价狂飙，利润翻倍，海运周期的关键拐点",
      "collection_id": "6a9a3d84462e4bbfa7901f4c",
      "insert_len": 0,
      "status": "success"
    },
    {
      "url": "https://news.qq.com/rain/a/20260903A07NQB00",
      "title": "全市乡村振兴示范带建设工作推进会召开 张晓强出席并讲话",
      "collection_id": "6a9a3d84462e4bbfa7901f7c",
      "insert_len": 0,
      "status": "success"
    },
    {
      "url": "https://news.qq.com/rain/a/20260903A07MY600",
      "title": "十年为爱 “樱” 援！",
      "collection_id": "6a9a3d84462e4bbfa7901fbe",
      "insert_len": 0,
      "status": "success"
    },
    {
      "url": "https://news.qq.com/rain/a/20260903A07NUG00",
      "title": "",
      "collection_id": null,
      "insert_len": 0,
      "status": "failed",
      "error": "新闻内容过短。"
    },
    {
      "url": "https://news.qq.com/rain/a/20260903A07NCX00",
      "title": "巨胎主业盈利韧性凸显，中邮证券：海安集团Q2环比高增",
      "collection_id": "6a9a3d85462e4bbfa7901ff8",
      "insert_len": 0,
      "status": "success"
    },
    {
      "url": "https://news.qq.com/rain/a/20260903A07NKL00",
      "title": "粤港澳大湾区6G产业发展大会暨2026人工智能+未来产业创新大会“万物智联 端启未来——新一代智能终端创新发展论坛”成功举办",
      "collection_id": "6a9a3d85462e4bbfa790202f",
      "insert_len": 0,
      "status": "success"
    },
    {
      "url": "https://news.qq.com/rain/a/20260903A06FCY00",
      "title": "微信，新增2个功能",
      "collection_id": "6a9a3d86462e4bbfa7902080",
      "insert_len": 0,
      "status": "success"
    },
    {
      "url": "https://news.qq.com/rain/a/20260903A07NE500",
      "title": "范诗然专访|《花开锦绣》范雅客是“受惊的小鹿”",
      "collection_id": "6a9a3d86462e4bbfa79020b0",
      "insert_len": 0,
      "status": "success"
    },
    {
      "url": "https://news.qq.com/rain/a/20260903A07NUV00",
      "title": "",
      "collection_id": null,
      "insert_len": 0,
      "status": "failed",
      "error": "新闻内容过短。"
    },
    {
      "url": "https://news.qq.com/rain/a/20260903A07NGZ00",
      "title": "比朔夫：我很享受上场比赛；在这种比赛中晋级绝非理所当然",
      "collection_id": "6a9a3d87462e4bbfa79020f0",
      "insert_len": 0,
      "status": "success"
    },
    {
      "url": "https://news.qq.com/rain/a/20260903A07N5Y00",
      "title": "",
      "collection_id": null,
      "insert_len": 0,
      "status": "failed",
      "error": "EOF occurred in violation of protocol (_ssl.c:1006)"
    },
    {
      "url": "https://news.qq.com/rain/a/20260903A07NQO00",
      "title": "",
      "collection_id": null,
      "insert_len": 0,
      "status": "failed",
      "error": "新闻内容过短。"
    },
    {
      "url": "https://news.qq.com/rain/a/20260903A07NWB00",
      "title": "闪电心灵愈站｜高中生脾气暴躁 生活学习消极颓废 专家：四招化解叛逆对立",
      "collection_id": "6a9a3d89462e4bbfa790212b",
      "insert_len": 0,
      "status": "success"
    },
    {
      "url": "https://news.qq.com/rain/a/20260903A07N2D00",
      "title": "",
      "collection_id": null,
      "insert_len": 0,
      "status": "failed",
      "error": "EOF occurred in violation of protocol (_ssl.c:1006)"
    },
    {
      "url": "https://news.qq.com/rain/a/20260903A07LEM00",
      "title": "视频丨古树也要“做CT”！第三次全国古树名木资源普查有序推进",
      "collection_id": "6a9a3d89462e4bbfa7902165",
      "insert_len": 0,
      "status": "success"
    },
    {
      "url": "https://news.qq.com/rain/a/20260903A07NEQ00",
      "title": "“行走的法庭”进村入园，金山吕巷镇把庭审搬到百姓家门口",
      "collection_id": "6a9a3d8a462e4bbfa79021ce",
      "insert_len": 0,
      "status": "success"
    },
    {
      "url": "https://news.qq.com/rain/a/20260903A07M5H00",
      "title": "新疆这所高校的本科生，“手搓”烤包子机",
      "collection_id": "6a9a3d8a462e4bbfa79021bc",
      "insert_len": 0,
      "status": "success"
    },
    {
      "url": "https://news.qq.com/rain/a/20260903A07NUD00",
      "title": "潮评丨“没有词元就退学”，话狠却真诚",
      "collection_id": "6a9a3d8b462e4bbfa790224d",
      "insert_len": 0,
      "status": "success"
    },
    {
      "url": "https://news.qq.com/rain/a/20260903A06GIT00",
      "title": "“微信 单删提示”热搜第一！腾讯客服回应：微信暂未推出查看单删功能",
      "collection_id": "6a9a3d8b462e4bbfa790221d",
      "insert_len": 0,
      "status": "success"
    },
    {
      "url": "https://news.qq.com/rain/a/20260903A07N0K00",
      "title": "",
      "collection_id": null,
      "insert_len": 0,
      "status": "failed",
      "error": "EOF occurred in violation of protocol (_ssl.c:1006)"
    },
    {
      "url": "https://news.qq.com/rain/a/20260903A07IYW00",
      "title": "",
      "collection_id": null,
      "insert_len": 0,
      "status": "failed",
      "error": "EOF occurred in violation of protocol (_ssl.c:1006)"
    },
    {
      "url": "https://news.qq.com/rain/a/20260903A07NTU00",
      "title": "营运调整公告",
      "collection_id": "6a9a3d8d462e4bbfa790228f",
      "insert_len": 0,
      "status": "success"
    },
    {
      "url": "https://news.qq.com/rain/a/20260903A07NJ400",
      "title": "",
      "collection_id": null,
      "insert_len": 0,
      "status": "failed",
      "error": "EOF occurred in violation of protocol (_ssl.c:1006)"
    },
    {
      "url": "https://news.qq.com/rain/a/20260903A07NQ800",
      "title": "第七届全国少数民族文艺会演9月演出重磅来袭！",
      "collection_id": "6a9a3d8e462e4bbfa79022c7",
      "insert_len": 0,
      "status": "success"
    },
    {
      "url": "https://news.qq.com/rain/a/20260903A07O1I00",
      "title": "中国工商银行岳阳分行营业部开展金融消费者权益保护宣传活动",
      "collection_id": "6a9a3d8f462e4bbfa79022ff",
      "insert_len": 0,
      "status": "success"
    },
    {
      "url": "https://news.qq.com/rain/a/20260903A07O2400",
      "title": "日均近4万人次出行！岳阳东站2026暑运暖心收官",
      "collection_id": "6a9a3d90462e4bbfa7902336",
      "insert_len": 0,
      "status": "success"
    },
    {
      "url": "https://news.qq.com/rain/a/20260903A07O4V00",
      "title": "ESG 人才紧俏：企业求贤若渴，既懂战略又要会实操的人太少",
      "collection_id": "6a9a3d90462e4bbfa790237f",
      "insert_len": 0,
      "status": "success"
    },
    {
      "url": "https://news.qq.com/rain/a/20260903A07NVY00",
      "title": "",
      "collection_id": null,
      "insert_len": 0,
      "status": "failed",
      "error": "EOF occurred in violation of protocol (_ssl.c:1006)"
    },
    {
      "url": "https://news.qq.com/rain/a/20260903A07NX900",
      "title": "",
      "collection_id": null,
      "insert_len": 0,
      "status": "failed",
      "error": "EOF occurred in violation of protocol (_ssl.c:1006)"
    },
    {
      "url": "https://news.qq.com/rain/a/20260903A07OIR00",
      "title": "A股收评：沪指涨0.02%，深成指涨0.1%，培育钻石、航运、液冷IDC等概念走强",
      "collection_id": "6a9a3d91462e4bbfa79023b8",
      "insert_len": 0,
      "status": "success"
    },
    {
      "url": "https://news.qq.com/rain/a/20260903A07O4Q00",
      "title": "马来西亚央行将政策利率维持在2.75%不变",
      "collection_id": "6a9a3d92462e4bbfa79023ef",
      "insert_len": 0,
      "status": "success"
    },
    {
      "url": "https://news.qq.com/rain/a/20260903A07NYH00",
      "title": "最新重磅：厄尔尼诺现象已形成，将发展为超强级别",
      "collection_id": "6a9a3d93462e4bbfa7902427",
      "insert_len": 0,
      "status": "success"
    },
    {
      "url": "https://news.qq.com/rain/a/20260903A07NZ600",
      "title": "【乌兰浩特市“为民办实事”专项行动】乌兰浩特市太本站镇新华村：沿街墙体“换新装” 美丽乡村“亮新颜”",
      "collection_id": "6a9a3d93462e4bbfa7902457",
      "insert_len": 0,
      "status": "success"
    },
    {
      "url": "https://news.qq.com/rain/a/20260903A07OAH00",
      "title": "",
      "collection_id": null,
      "insert_len": 0,
      "status": "failed",
      "error": "EOF occurred in violation of protocol (_ssl.c:1006)"
    },
    {
      "url": "https://news.qq.com/rain/a/20260903A07NXS00",
      "title": "曾任柳州市副市长，蒙启鹏履新正厅长级职务",
      "collection_id": "6a9a3d93462e4bbfa7902498",
      "insert_len": 0,
      "status": "success"
    },
    {
      "url": "https://news.qq.com/rain/a/20260903A07ND600",
      "title": "奇瑞尹同跃：现在电池厂成果享得多一点，行业应解决“各唱各调”难题",
      "collection_id": "6a9a3d94462e4bbfa79024d0",
      "insert_len": 0,
      "status": "success"
    },
    {
      "url": "https://news.qq.com/rain/a/20260903A07M3Y00",
      "title": "记者“变身”环卫工，看见 12 年的坚守与温情",
      "collection_id": "6a9a3d95462e4bbfa790250a",
      "insert_len": 0,
      "status": "success"
    },
    {
      "url": "https://news.qq.com/rain/a/20260903A07O7D00",
      "title": "自贸离岸债最新进展！已有14家市场主体发行79亿元人民币",
      "collection_id": "6a9a3d95462e4bbfa790254d",
      "insert_len": 0,
      "status": "success"
    },
    {
      "url": "https://news.qq.com/rain/a/20260903A07O7B00",
      "title": "",
      "collection_id": null,
      "insert_len": 0,
      "status": "failed",
      "error": "EOF occurred in violation of protocol (_ssl.c:1006)"
    },
    {
      "url": "https://news.qq.com/rain/a/20260903A07ND300",
      "title": "",
      "collection_id": null,
      "insert_len": 0,
      "status": "failed",
      "error": "EOF occurred in violation of protocol (_ssl.c:1006)"
    },
    {
      "url": "https://news.qq.com/rain/a/20260903A07NGJ00",
      "title": "",
      "collection_id": null,
      "insert_len": 0,
      "status": "failed",
      "error": "EOF occurred in violation of protocol (_ssl.c:1006)"
    },
    {
      "url": "https://news.qq.com/rain/a/20260903A07O7A00",
      "title": "普华永道“行业展望”：2030年中国娱乐及媒体行业总收入占全球15%",
      "collection_id": "6a9a3d98462e4bbfa790258a",
      "insert_len": 0,
      "status": "success"
    },
    {
      "url": "https://news.qq.com/rain/a/20260903A07O4800",
      "title": "“健康管家”守护民生福祉，构建暖心健康服务新格局",
      "collection_id": "6a9a3d99462e4bbfa79025c3",
      "insert_len": 0,
      "status": "success"
    },
    {
      "url": "https://news.qq.com/rain/a/20260903A07NYZ00",
      "title": "走进乡村看振兴 | 乌兰浩特市斯力很现代农业园区：深耕农牧技能培训 激活乡村振兴动能",
      "collection_id": "6a9a3d9a462e4bbfa7902607",
      "insert_len": 0,
      "status": "success"
    },
    {
      "url": "https://news.qq.com/rain/a/20260903A07O3L00",
      "title": "12.95亿美元！和黄全球首创偶联药物与葛兰素史克达成独家海外许可合作",
      "collection_id": "6a9a3d9a462e4bbfa7902640",
      "insert_len": 0,
      "status": "success"
    },
    {
      "url": "https://news.qq.com/rain/a/20260903A07O4F00",
      "title": "州、市政协以院坝协商助推集体“三资”管理增收",
      "collection_id": "6a9a3d9b462e4bbfa7902679",
      "insert_len": 0,
      "status": "success"
    },
    {
      "url": "https://news.qq.com/rain/a/20260903A07NYR00",
      "title": "乌兰浩特市以“图”作战 抓实基层防汛工作",
      "collection_id": "6a9a3d9b462e4bbfa79026a9",
      "insert_len": 0,
      "status": "success"
    },
    {
      "url": "https://news.qq.com/rain/a/20260903A07NIT00",
      "title": "",
      "collection_id": null,
      "insert_len": 0,
      "status": "failed",
      "error": "EOF occurred in violation of protocol (_ssl.c:1006)"
    },
    {
      "url": "https://news.qq.com/rain/a/20260903A07NZB00",
      "title": "【E汽车】腾势N8内饰官图发布",
      "collection_id": "6a9a3d9b462e4bbfa79026e1",
      "insert_len": 0,
      "status": "success"
    },
    {
      "url": "https://news.qq.com/rain/a/20260903A07O2A00",
      "title": "岳阳县筻口镇跻身2026年度湖南省农业产业强镇拟批建名单",
      "collection_id": "6a9a3d9b462e4bbfa7902721",
      "insert_len": 0,
      "status": "success"
    },
    {
      "url": "https://news.qq.com/rain/a/20260903A07ORQ00",
      "title": "天津：持续精简优化考核让基层干部轻装上阵",
      "collection_id": "6a9a3d9c462e4bbfa7902751",
      "insert_len": 0,
      "status": "success"
    },
    {
      "url": "https://news.qq.com/rain/a/20260903A07OUM00",
      "title": "",
      "collection_id": null,
      "insert_len": 0,
      "status": "failed",
      "error": "EOF occurred in violation of protocol (_ssl.c:1006)"
    },
    {
      "url": "https://news.qq.com/rain/a/20260903A07OKI00",
      "title": "",
      "collection_id": null,
      "insert_len": 0,
      "status": "failed",
      "error": "EOF occurred in violation of protocol (_ssl.c:1006)"
    },
    {
      "url": "https://news.qq.com/rain/a/20260903A07NU000",
      "title": "从南京路步行街到校园周边，这套精细化保洁模式擦亮“城市底色”",
      "collection_id": "6a9a3d9c462e4bbfa7902793",
      "insert_len": 0,
      "status": "success"
    },
    {
      "url": "https://news.qq.com/rain/a/20260903A07OIO00",
      "title": "",
      "collection_id": null,
      "insert_len": 0,
      "status": "failed",
      "error": "EOF occurred in violation of protocol (_ssl.c:1006)"
    },
    {
      "url": "https://news.qq.com/rain/a/20260903A07NU800",
      "title": "",
      "collection_id": null,
      "insert_len": 0,
      "status": "failed",
      "error": "EOF occurred in violation of protocol (_ssl.c:1006)"
    },
    {
      "url": "https://news.qq.com/rain/a/20260903A07OIK00",
      "title": "科创芯片ETF汇添富(588750)标的指数振幅加剧，连续3日吸金近1亿元！中报业绩印证“强现实”，AI硬件后市展望",
      "collection_id": "6a9a3da1462e4bbfa79027d2",
      "insert_len": 0,
      "status": "success"
    },
    {
      "url": "https://news.qq.com/rain/a/20260903A07OLV00",
      "title": "",
      "collection_id": null,
      "insert_len": 0,
      "status": "failed",
      "error": "EOF occurred in violation of protocol (_ssl.c:1006)"
    }
  ]
}
