{
  "total": 2000,
  "succeeded": 1631,
  "skipped": 0,
  "failed": 369,
  "retry_exhausted": 0,
  "items": [
    {
      "url": "https://news.qq.com/rain/a/20260903A080J200",
      "title": "2026中国格萨尔文化（果洛）论坛在青海果洛隆重开幕",
      "collection_id": "6a9a3733462e4bbfa78d1c63",
      "insert_len": 0,
      "status": "success"
    },
    {
      "url": "https://news.qq.com/rain/a/20260903A08HIJ00",
      "title": "",
      "collection_id": null,
      "insert_len": 0,
      "status": "failed",
      "error": "EOF occurred in violation of protocol (_ssl.c:1006)"
    },
    {
      "url": "https://news.qq.com/rain/a/20260903A08H9700",
      "title": "保定卫健委通报“家长在班级群自报干部身份，让老师多关照孩子”：网传情况属实，将依规依纪严肃处理",
      "collection_id": "6a9a3734462e4bbfa78d1c9c",
      "insert_len": 0,
      "status": "success"
    },
    {
      "url": "https://news.qq.com/rain/a/20260903A08I8J00",
      "title": "",
      "collection_id": null,
      "insert_len": 0,
      "status": "failed",
      "error": "新闻内容过短。"
    },
    {
      "url": "https://news.qq.com/rain/a/20260903A08IQL00",
      "title": "商务部：美方不顾中方反复交涉，多次以涉伊朗为由制裁中国企业和公民，中方对此强烈不满，坚决反对",
      "collection_id": "6a9a3735462e4bbfa78d1cd3",
      "insert_len": 0,
      "status": "success"
    },
    {
      "url": "https://news.qq.com/rain/a/20260903A04AZ200",
      "title": "海淘“功效糖果”非法添加处方药，误食有健康风险",
      "collection_id": "6a9a3735462e4bbfa78d1d0a",
      "insert_len": 0,
      "status": "success"
    },
    {
      "url": "https://news.qq.com/rain/a/20260903A04OHO00",
      "title": "9月3日，2026年养老金调整未公布，但却传来了一个好消息，了解下",
      "collection_id": "6a9a3736462e4bbfa78d1d43",
      "insert_len": 0,
      "status": "success"
    },
    {
      "url": "https://news.qq.com/rain/a/20260903A08IRI00",
      "title": "骁龙8 Elite Extreme Gen6 GPU细节公布 内置AI矩阵核心",
      "collection_id": "6a9a3737462e4bbfa78d1d86",
      "insert_len": 0,
      "status": "success"
    },
    {
      "url": "https://news.qq.com/rain/a/20260903A08IAI00",
      "title": "大降5万还增配的全新理想MEGA太畅销，下定需等8-10周才能提车",
      "collection_id": "6a9a3738462e4bbfa78d1dbd",
      "insert_len": 0,
      "status": "success"
    },
    {
      "url": "https://news.qq.com/rain/a/20260903A08I6000",
      "title": "上市公司58岁副总被留置！他从技术员做起，升任新职不满一年，公司回应：其工作已由其他领导兼任",
      "collection_id": "6a9a3738462e4bbfa78d1e07",
      "insert_len": 0,
      "status": "success"
    },
    {
      "url": "https://news.qq.com/rain/a/20260903A08HV600",
      "title": "太原小店区珠宝消费新形态：多元化场景如何满足市民购金需求",
      "collection_id": "6a9a3738462e4bbfa78d1e09",
      "insert_len": 0,
      "status": "success"
    },
    {
      "url": "https://news.qq.com/rain/a/20260903A08IAM00",
      "title": "俄罗斯放话：2035年汽车国产率达80% 但现在一半的车都是中国造",
      "collection_id": "6a9a3738462e4bbfa78d1e74",
      "insert_len": 0,
      "status": "success"
    },
    {
      "url": "https://news.qq.com/rain/a/20260903A08IUS00",
      "title": "技能比武淬炼安全队伍 青岛筑牢建筑施工安全生产防线",
      "collection_id": "6a9a3738462e4bbfa78d1e87",
      "insert_len": 0,
      "status": "success"
    },
    {
      "url": "https://news.qq.com/rain/a/20260903A04P0J00",
      "title": "10天翻倍后，“妖股”000017，“一”字跌停",
      "collection_id": "6a9a3739462e4bbfa78d1ed5",
      "insert_len": 0,
      "status": "success"
    },
    {
      "url": "https://news.qq.com/rain/a/20260903A08I9200",
      "title": "苹果正式换帅：掌舵15年，库克改变了什么？",
      "collection_id": "6a9a3739462e4bbfa78d1f09",
      "insert_len": 0,
      "status": "success"
    },
    {
      "url": "https://news.qq.com/rain/a/20260903A08HXD00",
      "title": "",
      "collection_id": null,
      "insert_len": 0,
      "status": "failed",
      "error": "新闻内容过短。"
    },
    {
      "url": "https://news.qq.com/rain/a/20260903A086JJ00",
      "title": "《重器》夏英杰至死不知，余高远为了她当上了院长的真相",
      "collection_id": "6a9a373a462e4bbfa78d1f98",
      "insert_len": 0,
      "status": "success"
    },
    {
      "url": "https://news.qq.com/rain/a/20260903A08IC100",
      "title": "",
      "collection_id": null,
      "insert_len": 0,
      "status": "failed",
      "error": "EOF occurred in violation of protocol (_ssl.c:1006)"
    },
    {
      "url": "https://news.qq.com/rain/a/20260903A05KUA00",
      "title": "微信内测单删检测：可查看谁删了你，并筛选删除",
      "collection_id": "6a9a373b462e4bbfa78d1fea",
      "insert_len": 0,
      "status": "success"
    },
    {
      "url": "https://news.qq.com/rain/a/20260903A08IXY00",
      "title": "",
      "collection_id": null,
      "insert_len": 0,
      "status": "failed",
      "error": "EOF occurred in violation of protocol (_ssl.c:1006)"
    },
    {
      "url": "https://news.qq.com/rain/a/20260903A08HLX00",
      "title": "每经热评 | 家长群里亮的是身份还是筹码？必须铲除“如有需要”背后的土壤",
      "collection_id": "6a9a373f462e4bbfa78d2032",
      "insert_len": 0,
      "status": "success"
    },
    {
      "url": "https://news.qq.com/rain/a/20260903A08I0A00",
      "title": "新学期，北京超50%中小学实现食堂供餐",
      "collection_id": "6a9a3740462e4bbfa78d2076",
      "insert_len": 0,
      "status": "success"
    },
    {
      "url": "https://news.qq.com/rain/a/20260903A08ITI00",
      "title": "外交部：中委合作与第三方无关，更不应受第三方干扰",
      "collection_id": "6a9a3740462e4bbfa78d20ae",
      "insert_len": 0,
      "status": "success"
    },
    {
      "url": "https://news.qq.com/rain/a/20260903A08HYY00",
      "title": "山上“红”连着山下“忙” 小花椒“梳妆打扮”身价“涨”变废为宝“闯”市场",
      "collection_id": "6a9a3740462e4bbfa78d20de",
      "insert_len": 0,
      "status": "success"
    },
    {
      "url": "https://news.qq.com/rain/a/20260903A08J8900",
      "title": "",
      "collection_id": null,
      "insert_len": 0,
      "status": "failed",
      "error": "新闻正文为空。"
    },
    {
      "url": "https://news.qq.com/rain/a/20260903A08HIS00",
      "title": "汇智聚力、广收精研：十五届区政协反映社情民意信息工作量质齐升",
      "collection_id": "6a9a3741462e4bbfa78d211d",
      "insert_len": 0,
      "status": "success"
    },
    {
      "url": "https://news.qq.com/rain/a/20260903A08J6Z00",
      "title": "关于“滨州就业人才网”关停下线的公告",
      "collection_id": "6a9a3742462e4bbfa78d2162",
      "insert_len": 0,
      "status": "success"
    },
    {
      "url": "https://news.qq.com/rain/a/20260903A08IUY00",
      "title": "达不到标准却标高钙 贵阳菜篮子分公司售卖山花牛奶虚假宣传被罚",
      "collection_id": "6a9a3742462e4bbfa78d2199",
      "insert_len": 0,
      "status": "success"
    },
    {
      "url": "https://news.qq.com/rain/a/20260903A07Z8D00",
      "title": "流量生意到头了！移动、电信卖算力，有胜算吗？",
      "collection_id": "6a9a3742462e4bbfa78d21d1",
      "insert_len": 0,
      "status": "success"
    },
    {
      "url": "https://news.qq.com/rain/a/20260903A04NN900",
      "title": "“AI至上”的用友，对员工开刀了",
      "collection_id": "6a9a3742462e4bbfa78d220d",
      "insert_len": 0,
      "status": "success"
    },
    {
      "url": "https://news.qq.com/rain/a/20260903A07TPL00",
      "title": "严惩电诈“工具人”！ 上海警方公布4起典型案例",
      "collection_id": "6a9a3743462e4bbfa78d227c",
      "insert_len": 0,
      "status": "success"
    },
    {
      "url": "https://news.qq.com/rain/a/20260903A08IBW00",
      "title": "",
      "collection_id": null,
      "insert_len": 0,
      "status": "failed",
      "error": "EOF occurred in violation of protocol (_ssl.c:1006)"
    },
    {
      "url": "https://news.qq.com/rain/a/20260903A08IWS00",
      "title": "烟台渔港集市海货鲜活人气旺",
      "collection_id": "6a9a3743462e4bbfa78d22c0",
      "insert_len": 0,
      "status": "success"
    },
    {
      "url": "https://news.qq.com/rain/a/20260903A08JG900",
      "title": "同心聚力守望相助 浙江统一战线驰援西藏吉隆泥石流灾区",
      "collection_id": "6a9a3744462e4bbfa78d22f7",
      "insert_len": 0,
      "status": "success"
    },
    {
      "url": "https://news.qq.com/rain/a/20260903A08HWF00",
      "title": "这门还在亏钱的生意，网文三巨头为何不愿退场",
      "collection_id": "6a9a3744462e4bbfa78d232f",
      "insert_len": 0,
      "status": "success"
    },
    {
      "url": "https://news.qq.com/rain/a/20260903A08IWA00",
      "title": "6级北风来袭 烟台海岸巨浪拍岸",
      "collection_id": "6a9a3745462e4bbfa78d238c",
      "insert_len": 0,
      "status": "success"
    },
    {
      "url": "https://news.qq.com/rain/a/20260903A04ADA00",
      "title": "等了100年，特朗普头像登上美国硬币，但这件事比“破例”更让人后背发凉",
      "collection_id": "6a9a3745462e4bbfa78d23c4",
      "insert_len": 0,
      "status": "success"
    },
    {
      "url": "https://news.qq.com/rain/a/20260903A08JV400",
      "title": "公募合规监管持续高压：上半年近20家公募或相关责任人被处罚，业内人士建议机构重视内控整改的持续有效性",
      "collection_id": "6a9a3746462e4bbfa78d240b",
      "insert_len": 0,
      "status": "success"
    },
    {
      "url": "https://news.qq.com/rain/a/20260903A08IVW00",
      "title": "阿里Qoder眼镜版上线 首发接入千问AI眼镜、乐奇AI眼镜",
      "collection_id": "6a9a3746462e4bbfa78d244f",
      "insert_len": 0,
      "status": "success"
    },
    {
      "url": "https://news.qq.com/rain/a/20260903A08IB100",
      "title": "地平线征程智驾芯片量产突破1500万套",
      "collection_id": "6a9a3747462e4bbfa78d2488",
      "insert_len": 0,
      "status": "success"
    },
    {
      "url": "https://news.qq.com/rain/a/20260903A08I7I00",
      "title": "匿名：AI量化最大的谎言",
      "collection_id": "6a9a3748462e4bbfa78d24c2",
      "insert_len": 0,
      "status": "success"
    },
    {
      "url": "https://news.qq.com/rain/a/20260903A08J9000",
      "title": "",
      "collection_id": null,
      "insert_len": 0,
      "status": "failed",
      "error": "EOF occurred in violation of protocol (_ssl.c:1006)"
    },
    {
      "url": "https://news.qq.com/rain/a/20260903A07TUF00",
      "title": "保利和寓发布社群IP线利体PolyZoom 光合社区开业6个月满租",
      "collection_id": "6a9a3748462e4bbfa78d24fc",
      "insert_len": 0,
      "status": "success"
    },
    {
      "url": "https://news.qq.com/rain/a/20260903A08JUU00",
      "title": "越南近日发表声明称，越南对西沙群岛拥有主权，中方：越南无权对中国在西沙群岛开展必要建设说三道四",
      "collection_id": "6a9a3749462e4bbfa78d2535",
      "insert_len": 0,
      "status": "success"
    },
    {
      "url": "https://news.qq.com/rain/a/20260903A0449S00",
      "title": "",
      "collection_id": null,
      "insert_len": 0,
      "status": "failed",
      "error": "EOF occurred in violation of protocol (_ssl.c:1006)"
    },
    {
      "url": "https://news.qq.com/rain/a/20260903A08HTL00",
      "title": "太平洋财险凉山三家机构合计被罚 25 万元：虚挂代理、虚列费用、虚增承保面积多类违规齐现",
      "collection_id": "6a9a374d462e4bbfa78d2573",
      "insert_len": 0,
      "status": "success"
    },
    {
      "url": "https://news.qq.com/rain/a/20260903A08J1S00",
      "title": "（乡村行·看振兴）一刀切片香飘海外：吉林灵芝古法技艺收获国际知音",
      "collection_id": "6a9a374d462e4bbfa78d25ab",
      "insert_len": 0,
      "status": "success"
    },
    {
      "url": "https://news.qq.com/rain/a/20260903A07XKA00",
      "title": "努比亚NaviX Ultra官宣：骁龙旗舰芯+京东方屏",
      "collection_id": "6a9a374e462e4bbfa78d25e4",
      "insert_len": 0,
      "status": "success"
    },
    {
      "url": "https://news.qq.com/rain/a/20260903A0497500",
      "title": "家长注意！别让“文具刺客”伤害孩子！",
      "collection_id": "6a9a374f462e4bbfa78d261c",
      "insert_len": 0,
      "status": "success"
    },
    {
      "url": "https://news.qq.com/rain/a/20260903A08I5K00",
      "title": "天津市卫生健康委赴和田地区开展巡回医疗暨调研帮扶工作 推动津和医疗卫生对口支援工作走深走实",
      "collection_id": "6a9a374f462e4bbfa78d2684",
      "insert_len": 0,
      "status": "success"
    },
    {
      "url": "https://news.qq.com/rain/a/20260903A08HPX00",
      "title": "REDMI 17 5G印度首发 搭载6.9英寸屏幕+7900mAh电池",
      "collection_id": "6a9a374f462e4bbfa78d2654",
      "insert_len": 0,
      "status": "success"
    },
    {
      "url": "https://news.qq.com/rain/a/20260903A04O3R00",
      "title": "最近好多开发商都开始慌了",
      "collection_id": "6a9a3750462e4bbfa78d26c3",
      "insert_len": 0,
      "status": "success"
    },
    {
      "url": "https://news.qq.com/rain/a/20260903A05OZF00",
      "title": "斯坦福学霸的美国梦碎！融资六千万给美缴税，创始人却被驱逐",
      "collection_id": "6a9a3750462e4bbfa78d26fb",
      "insert_len": 0,
      "status": "success"
    },
    {
      "url": "https://news.qq.com/rain/a/20260903A08IY700",
      "title": "四大AI预测皇家社会vs塞尔塔：各家一致认为主队小胜",
      "collection_id": "6a9a3751462e4bbfa78d274b",
      "insert_len": 0,
      "status": "success"
    },
    {
      "url": "https://news.qq.com/rain/a/20260903A0833X00",
      "title": "保定一家长聊天群里“晒官”引争议，官方通报：属实！当公职身份成为“求关照”的筹码……",
      "collection_id": "6a9a3751462e4bbfa78d277f",
      "insert_len": 0,
      "status": "success"
    },
    {
      "url": "https://news.qq.com/rain/a/20260903A0815B00",
      "title": "星宇股份，热搜不断！",
      "collection_id": "6a9a3751462e4bbfa78d27d2",
      "insert_len": 0,
      "status": "success"
    },
    {
      "url": "https://news.qq.com/rain/a/20260903A05OT000",
      "title": "",
      "collection_id": null,
      "insert_len": 0,
      "status": "failed",
      "error": "EOF occurred in violation of protocol (_ssl.c:1006)"
    },
    {
      "url": "https://news.qq.com/rain/a/20260903A08JEV00",
      "title": "固收见长权益待补，东方基金高管换届迎来转型关键期",
      "collection_id": "6a9a3752462e4bbfa78d2823",
      "insert_len": 0,
      "status": "success"
    },
    {
      "url": "https://news.qq.com/rain/a/20260903A08IUI00",
      "title": "商务部点名“上海定制”，圈粉外国游客专程来华，覆盖服装、珠宝、腕表等领域",
      "collection_id": "6a9a3753462e4bbfa78d2869",
      "insert_len": 0,
      "status": "success"
    },
    {
      "url": "https://news.qq.com/rain/a/20260903A08JE600",
      "title": "一堂“开门”的行政检察案例课",
      "collection_id": "6a9a3754462e4bbfa78d28a3",
      "insert_len": 0,
      "status": "success"
    },
    {
      "url": "https://news.qq.com/rain/a/20260903A0449800",
      "title": "基辅街头爆发枪战：乌克兰两大情报机构为何当街交火",
      "collection_id": "6a9a3755462e4bbfa78d28dd",
      "insert_len": 0,
      "status": "success"
    },
    {
      "url": "https://news.qq.com/rain/a/20260903A08JTW00",
      "title": "德国8月服务业PMI为49.7",
      "collection_id": "6a9a3756462e4bbfa78d2925",
      "insert_len": 0,
      "status": "success"
    },
    {
      "url": "https://news.qq.com/rain/a/20260903A07O6L00",
      "title": "AI token价格创新低，中国模型把价格打下来了",
      "collection_id": "6a9a3756462e4bbfa78d295d",
      "insert_len": 0,
      "status": "success"
    },
    {
      "url": "https://news.qq.com/rain/a/20260903A08JF700",
      "title": "国家疾控局：全国学生总体近视率近五年呈现连续下降态势",
      "collection_id": "6a9a3757462e4bbfa78d2991",
      "insert_len": 0,
      "status": "success"
    },
    {
      "url": "https://news.qq.com/rain/a/20260903A08IEY00",
      "title": "【聚焦第七届中国（甘肃）中医药产业博览会】第七届中国（甘肃）中医药产业博览会明日启幕 参会嘉宾有序报到",
      "collection_id": "6a9a3758462e4bbfa78d29da",
      "insert_len": 0,
      "status": "success"
    },
    {
      "url": "https://news.qq.com/rain/a/20260903A08JC800",
      "title": "全国首单！“城市更新+科技创新”商业不动产REITs深交所成功上市",
      "collection_id": "6a9a3758462e4bbfa78d2a0b",
      "insert_len": 0,
      "status": "success"
    },
    {
      "url": "https://news.qq.com/rain/a/20260903A08H3H00",
      "title": "1球1助攻！挪甲MVP真踢不了中超？28岁归化前锋恐再度无缘国足",
      "collection_id": "6a9a3759462e4bbfa78d2a56",
      "insert_len": 0,
      "status": "success"
    },
    {
      "url": "https://news.qq.com/rain/a/20260903A08I7U00",
      "title": "班级群家长自称医院纪委书记请求关照 保定纪检部门介入调查",
      "collection_id": "6a9a3759462e4bbfa78d2a86",
      "insert_len": 0,
      "status": "success"
    },
    {
      "url": "https://news.qq.com/rain/a/20260903A08HUI00",
      "title": "各省养老金重算补发将陆续启动，养老金3000和6000补发差2倍吗？",
      "collection_id": "6a9a3759462e4bbfa78d2adc",
      "insert_len": 0,
      "status": "success"
    },
    {
      "url": "https://news.qq.com/rain/a/20260903A08JUM00",
      "title": "告别“人海战术”！上半年超半数上市银行减员，集中在哪些岗位？",
      "collection_id": "6a9a3759462e4bbfa78d2ad8",
      "insert_len": 0,
      "status": "success"
    },
    {
      "url": "https://news.qq.com/rain/a/20260903A08BIY00",
      "title": "",
      "collection_id": null,
      "insert_len": 0,
      "status": "failed",
      "error": "EOF occurred in violation of protocol (_ssl.c:1006)"
    },
    {
      "url": "https://news.qq.com/rain/a/20260903A08JP800",
      "title": "房贷制度迎改革 现房销售渐进推进",
      "collection_id": "6a9a375a462e4bbfa78d2b50",
      "insert_len": 0,
      "status": "success"
    },
    {
      "url": "https://news.qq.com/rain/a/20260903A08J6P00",
      "title": "市领导看望市第十三次党代会工作人员和新闻媒体记者",
      "collection_id": "6a9a375a462e4bbfa78d2b94",
      "insert_len": 0,
      "status": "success"
    },
    {
      "url": "https://news.qq.com/rain/a/20260903A08JER00",
      "title": "三部门发文引导汽车企业规范境外竞争行为 多家车企积极响应",
      "collection_id": "6a9a375b462e4bbfa78d2bcd",
      "insert_len": 0,
      "status": "success"
    },
    {
      "url": "https://news.qq.com/rain/a/20260903A08ISM00",
      "title": "",
      "collection_id": null,
      "insert_len": 0,
      "status": "failed",
      "error": "EOF occurred in violation of protocol (_ssl.c:1006)"
    },
    {
      "url": "https://news.qq.com/rain/a/20260903A08IZX00",
      "title": "欧税通赴港IPO：市场份额21.5%，冲刺“跨境合规AI第一股”",
      "collection_id": "6a9a375f462e4bbfa78d2c0e",
      "insert_len": 0,
      "status": "success"
    },
    {
      "url": "https://news.qq.com/rain/a/20260903A07KW900",
      "title": "国产数据库厂商竞争正走向亚太市场：OceanBase位居分布式第一",
      "collection_id": "6a9a375f462e4bbfa78d2c52",
      "insert_len": 0,
      "status": "success"
    },
    {
      "url": "https://news.qq.com/rain/a/20260903A08IQG00",
      "title": "葫芦娃奶奶回应失独：虽说自己已经没有孩子了，但大家一声声爷爷奶奶，喊进了我们的心坎里，是网友敲开了我们封闭二十多年的心门",
      "collection_id": "6a9a3760462e4bbfa78d2c96",
      "insert_len": 0,
      "status": "success"
    },
    {
      "url": "https://news.qq.com/rain/a/20260903A08HEF00",
      "title": "",
      "collection_id": null,
      "insert_len": 0,
      "status": "failed",
      "error": "新闻内容过短。"
    },
    {
      "url": "https://news.qq.com/rain/a/20260903A08JNP00",
      "title": "（图表）图说百科丨秋季校园，重点关注这三类传染病",
      "collection_id": "6a9a3760462e4bbfa78d2cce",
      "insert_len": 0,
      "status": "success"
    },
    {
      "url": "https://news.qq.com/rain/a/20260903A08BMW00",
      "title": "",
      "collection_id": null,
      "insert_len": 0,
      "status": "failed",
      "error": "新闻内容过短。"
    },
    {
      "url": "https://news.qq.com/rain/a/20260903A08JO000",
      "title": "AI工具及网络平台存在误导信息，云南和顺古镇景区发布声明",
      "collection_id": "6a9a3761462e4bbfa78d2d05",
      "insert_len": 0,
      "status": "success"
    },
    {
      "url": "https://news.qq.com/rain/a/20260903A08HZ800",
      "title": "",
      "collection_id": null,
      "insert_len": 0,
      "status": "failed",
      "error": "EOF occurred in violation of protocol (_ssl.c:1006)"
    },
    {
      "url": "https://news.qq.com/rain/a/20260903A08JF500",
      "title": "宜城市领导检查校园安全工作",
      "collection_id": "6a9a3762462e4bbfa78d2d3c",
      "insert_len": 0,
      "status": "success"
    },
    {
      "url": "https://news.qq.com/rain/a/20260903A08K8F00",
      "title": "热浪退场 运动上场——暑期夜间体育消费新场景观察",
      "collection_id": "6a9a3762462e4bbfa78d2d73",
      "insert_len": 0,
      "status": "success"
    },
    {
      "url": "https://news.qq.com/rain/a/20260903A08HVV00",
      "title": "万里疆土在前，统一岂容半点含糊？",
      "collection_id": "6a9a3763462e4bbfa78d2db7",
      "insert_len": 0,
      "status": "success"
    },
    {
      "url": "https://news.qq.com/rain/a/20260903A08JZ900",
      "title": "HBM市场格局生变 三星Q2市占率33%紧追SK海力士",
      "collection_id": "6a9a3763462e4bbfa78d2df3",
      "insert_len": 0,
      "status": "success"
    },
    {
      "url": "https://news.qq.com/rain/a/20260903A08JVH00",
      "title": "2030年社零60万亿！消费扩容路线图里的产业主线",
      "collection_id": "6a9a3764462e4bbfa78d2e32",
      "insert_len": 0,
      "status": "success"
    },
    {
      "url": "https://news.qq.com/rain/a/20260903A08JP100",
      "title": "高通推出跃龙Q-2390与IQ-2390处理器，落地全场景边缘智能计算",
      "collection_id": "6a9a3764462e4bbfa78d2e76",
      "insert_len": 0,
      "status": "success"
    },
    {
      "url": "https://news.qq.com/rain/a/20260903A08KDT00",
      "title": "江西省九江市德安县发布大风蓝色预警信号",
      "collection_id": "6a9a3765462e4bbfa78d2eaf",
      "insert_len": 0,
      "status": "success"
    },
    {
      "url": "https://news.qq.com/rain/a/20260903A08JN400",
      "title": "国资下场，换电终于“转正”了",
      "collection_id": "6a9a3765462e4bbfa78d2ee7",
      "insert_len": 0,
      "status": "success"
    },
    {
      "url": "https://news.qq.com/rain/a/20260903A08JS800",
      "title": "“老虎”伍兹认罪",
      "collection_id": "6a9a3766462e4bbfa78d2f2b",
      "insert_len": 0,
      "status": "success"
    },
    {
      "url": "https://news.qq.com/rain/a/20260903A08IVR00",
      "title": "美国网存Q1电话会：AI驱动需求“结构性改善”而非抢购，涨价效果或更快显现",
      "collection_id": "6a9a3766462e4bbfa78d2f69",
      "insert_len": 0,
      "status": "success"
    },
    {
      "url": "https://news.qq.com/rain/a/20260903A08JE700",
      "title": "从Tomorrowland看百威生意经：不只是经营IP，更是经营“夜晚”",
      "collection_id": "6a9a3766462e4bbfa78d2f89",
      "insert_len": 0,
      "status": "success"
    },
    {
      "url": "https://news.qq.com/rain/a/20260903A08K5O00",
      "title": "上合口岸经济合作中心揭牌成立",
      "collection_id": "6a9a3767462e4bbfa78d3040",
      "insert_len": 0,
      "status": "success"
    },
    {
      "url": "https://news.qq.com/rain/a/20260903A04OIE00",
      "title": "华泰证券：建议优先关注业绩能见度较高的方向",
      "collection_id": "6a9a3767462e4bbfa78d3091",
      "insert_len": 0,
      "status": "success"
    },
    {
      "url": "https://news.qq.com/rain/a/20260903A08KDA00",
      "title": "贵州省铜仁市玉屏侗族自治县发布大风蓝色预警信号",
      "collection_id": "6a9a3767462e4bbfa78d311a",
      "insert_len": 0,
      "status": "success"
    },
    {
      "url": "https://news.qq.com/rain/a/20260903A08JV000",
      "title": "Snowflake美股盘前大涨超25%",
      "collection_id": "6a9a3768462e4bbfa78d314b",
      "insert_len": 0,
      "status": "success"
    },
    {
      "url": "https://news.qq.com/rain/a/20260903A08K9M00",
      "title": "浙江省台州市天台县发布大风黄色预警信号",
      "collection_id": "6a9a3768462e4bbfa78d318a",
      "insert_len": 0,
      "status": "success"
    },
    {
      "url": "https://news.qq.com/rain/a/20260903A08K5H00",
      "title": "Snowflake美股盘前大涨超25%",
      "collection_id": "6a9a3768462e4bbfa78d31ba",
      "insert_len": 0,
      "status": "success"
    },
    {
      "url": "https://news.qq.com/rain/a/20260903A08JZP00",
      "title": "翻倍行情戛然而止，深度拆解深中华A真实经营底色",
      "collection_id": "6a9a3769462e4bbfa78d3229",
      "insert_len": 0,
      "status": "success"
    },
    {
      "url": "https://news.qq.com/rain/a/20260903A08KAT00",
      "title": "钱凯港作用突出，秘鲁香蕉抢“鲜”抵沪",
      "collection_id": "6a9a3769462e4bbfa78d31f9",
      "insert_len": 0,
      "status": "success"
    },
    {
      "url": "https://news.qq.com/rain/a/20260903A08JJC00",
      "title": "",
      "collection_id": null,
      "insert_len": 0,
      "status": "failed",
      "error": "EOF occurred in violation of protocol (_ssl.c:1006)"
    },
    {
      "url": "https://news.qq.com/rain/a/20260903A08JZ500",
      "title": "财中ETF风向标｜恒生互联网ETF万家(159202)跌1.15% 资金连续5个交易日净流出",
      "collection_id": "6a9a3769462e4bbfa78d3275",
      "insert_len": 0,
      "status": "success"
    },
    {
      "url": "https://news.qq.com/rain/a/20260903A08IMD00",
      "title": "若是把09C罗放到如今转会，要花多少钱？",
      "collection_id": "6a9a376a462e4bbfa78d32ae",
      "insert_len": 0,
      "status": "success"
    },
    {
      "url": "https://news.qq.com/rain/a/20260903A08JY000",
      "title": "",
      "collection_id": null,
      "insert_len": 0,
      "status": "failed",
      "error": "EOF occurred in violation of protocol (_ssl.c:1006)"
    },
    {
      "url": "https://news.qq.com/rain/a/20260903A08JYL00",
      "title": "2000万索赔被驳回！lululemon诉国产瑜伽服品牌侵权，一审败诉",
      "collection_id": "6a9a376e462e4bbfa78d32f3",
      "insert_len": 0,
      "status": "success"
    },
    {
      "url": "https://news.qq.com/rain/a/20260903A08KDC00",
      "title": "黑龙江省佳木斯市发布雷电黄色预警信号",
      "collection_id": "6a9a376f462e4bbfa78d332c",
      "insert_len": 0,
      "status": "success"
    },
    {
      "url": "https://news.qq.com/rain/a/20260903A08JXP00",
      "title": "西点药业：“氯化钾颗粒”药品补充申请获批",
      "collection_id": "6a9a376f462e4bbfa78d3364",
      "insert_len": 0,
      "status": "success"
    },
    {
      "url": "https://news.qq.com/rain/a/20260903A08JEI00",
      "title": "国家疾控局：全国新冠疫情已连续3周下降，流感疫情在低流行水平波动",
      "collection_id": "6a9a376f462e4bbfa78d3394",
      "insert_len": 0,
      "status": "success"
    },
    {
      "url": "https://news.qq.com/rain/a/20260903A08J8D00",
      "title": "又一起券商并购加速！东吴证券收购东海证券83.68%股份获证监会受理",
      "collection_id": "6a9a376f462e4bbfa78d33cb",
      "insert_len": 0,
      "status": "success"
    },
    {
      "url": "https://news.qq.com/rain/a/20260903A08KE800",
      "title": "云南省楚雄彝族自治州牟定县发布雷电黄色预警信号",
      "collection_id": "6a9a3770462e4bbfa78d3416",
      "insert_len": 0,
      "status": "success"
    },
    {
      "url": "https://news.qq.com/rain/a/20260903A08K4A00",
      "title": "房地产板块震荡走强 招商蛇口涨超6%",
      "collection_id": "6a9a3770462e4bbfa78d344d",
      "insert_len": 0,
      "status": "success"
    },
    {
      "url": "https://news.qq.com/rain/a/20260903A03SWE00",
      "title": "卖翡翠的主播突然被“缅甸警察”抓走了！七旬老人的百万积蓄，在直播间被骗光",
      "collection_id": "6a9a3770462e4bbfa78d3484",
      "insert_len": 0,
      "status": "success"
    },
    {
      "url": "https://news.qq.com/rain/a/20260903A07H7U00",
      "title": "脱肛治好后会复发吗？这些诱发因素仍需警惕",
      "collection_id": "6a9a3771462e4bbfa78d34e1",
      "insert_len": 0,
      "status": "success"
    },
    {
      "url": "https://news.qq.com/rain/a/20260903A07GK300",
      "title": "东方证券：长期看好LLM赛道下Work Agent机遇 头部模型厂商开始深耕垂直场景",
      "collection_id": "6a9a3771462e4bbfa78d3511",
      "insert_len": 0,
      "status": "success"
    },
    {
      "url": "https://news.qq.com/rain/a/20260903A08K2I00",
      "title": "新人二传河东祐大顶替关田诚大参赛亚锦赛，队友称其风格与关田很像",
      "collection_id": "6a9a3771462e4bbfa78d3551",
      "insert_len": 0,
      "status": "success"
    },
    {
      "url": "https://news.qq.com/rain/a/20260903A08J6W00",
      "title": "【我们这五年之拓新】谷起中原 种耀牧野",
      "collection_id": "6a9a3772462e4bbfa78d3581",
      "insert_len": 0,
      "status": "success"
    },
    {
      "url": "https://news.qq.com/rain/a/20260903A08K8C00",
      "title": "二季度全球企业级SSD五大厂商营收环比翻倍",
      "collection_id": "6a9a3772462e4bbfa78d35e4",
      "insert_len": 0,
      "status": "success"
    },
    {
      "url": "https://news.qq.com/rain/a/20260903A08K5G00",
      "title": "外交部：中国对尼泊尔第三批紧急援助物资已启运，第二批DNA鉴定专家同机赴尼协助工作",
      "collection_id": "6a9a3772462e4bbfa78d3614",
      "insert_len": 0,
      "status": "success"
    },
    {
      "url": "https://news.qq.com/rain/a/20260903A07KDR00",
      "title": "燧原科技IPO发行市值611亿元，营收三年复合增长81%，盈利还有多远？",
      "collection_id": "6a9a3773462e4bbfa78d3678",
      "insert_len": 0,
      "status": "success"
    },
    {
      "url": "https://news.qq.com/rain/a/20260903A07M3H00",
      "title": "WorkBuddy开放平台上线，AI Agent进入“组网”阶段",
      "collection_id": "6a9a3773462e4bbfa78d3658",
      "insert_len": 0,
      "status": "success"
    },
    {
      "url": "https://news.qq.com/rain/a/20260903A08J7400",
      "title": "【我们这五年之涌新】大河奔涌 博浪奋楫",
      "collection_id": "6a9a3773462e4bbfa78d36f3",
      "insert_len": 0,
      "status": "success"
    },
    {
      "url": "https://news.qq.com/rain/a/20260903A08I4P00",
      "title": "曾舜晞主演爱情喜剧：女主是医生，因得罪上级被排挤到乡村诊所",
      "collection_id": "6a9a3773462e4bbfa78d3730",
      "insert_len": 0,
      "status": "success"
    },
    {
      "url": "https://news.qq.com/rain/a/20260903A08K9S00",
      "title": "中国（太原）国际能源产业博览会在太原开幕",
      "collection_id": "6a9a3774462e4bbfa78d3789",
      "insert_len": 0,
      "status": "success"
    },
    {
      "url": "https://news.qq.com/rain/a/20260903A08JXO00",
      "title": "老法师出马！退休政法干警组队化解基层矛盾",
      "collection_id": "6a9a3774462e4bbfa78d37b9",
      "insert_len": 0,
      "status": "success"
    },
    {
      "url": "https://news.qq.com/rain/a/20260903A08B3U00",
      "title": "",
      "collection_id": null,
      "insert_len": 0,
      "status": "failed",
      "error": "新闻内容过短。"
    },
    {
      "url": "https://news.qq.com/rain/a/20260903A08KA100",
      "title": "",
      "collection_id": null,
      "insert_len": 0,
      "status": "failed",
      "error": "EOF occurred in violation of protocol (_ssl.c:1006)"
    },
    {
      "url": "https://news.qq.com/rain/a/20260903A08K0O00",
      "title": "全国防震减灾技术技能大赛甘肃赛区开赛 比拼震后应急硬本领",
      "collection_id": "6a9a3775462e4bbfa78d37fd",
      "insert_len": 0,
      "status": "success"
    },
    {
      "url": "https://news.qq.com/rain/a/20260903A08J7S00",
      "title": "",
      "collection_id": null,
      "insert_len": 0,
      "status": "failed",
      "error": "EOF occurred in violation of protocol (_ssl.c:1006)"
    },
    {
      "url": "https://news.qq.com/rain/a/20260903A08KBJ00",
      "title": "复旦团队研究发现：不仅妈妈，爸爸也要补叶酸和维生素B12",
      "collection_id": "6a9a3779462e4bbfa78d3849",
      "insert_len": 0,
      "status": "success"
    },
    {
      "url": "https://news.qq.com/rain/a/20260903A08J7A00",
      "title": "【我们这五年之塑新】太行秀美景 度假新胜地",
      "collection_id": "6a9a377a462e4bbfa78d3881",
      "insert_len": 0,
      "status": "success"
    },
    {
      "url": "https://news.qq.com/rain/a/20260903A08KCX00",
      "title": "",
      "collection_id": null,
      "insert_len": 0,
      "status": "failed",
      "error": "EOF occurred in violation of protocol (_ssl.c:1006)"
    },
    {
      "url": "https://news.qq.com/rain/a/20260903A04MDF00",
      "title": "美三大股指收涨！美股芯片巨头，重大发布！股价盘后巨震",
      "collection_id": "6a9a377b462e4bbfa78d38d6",
      "insert_len": 0,
      "status": "success"
    },
    {
      "url": "https://news.qq.com/rain/a/20260903A08JX800",
      "title": "朴彩英拒绝约100亿韩元中国知名奶茶代言，引网友热议",
      "collection_id": "6a9a377b462e4bbfa78d3921",
      "insert_len": 0,
      "status": "success"
    },
    {
      "url": "https://news.qq.com/rain/a/20260903A08K8M00",
      "title": "SpaceX申请许可星舰第14次试飞将尝试入轨",
      "collection_id": "6a9a377b462e4bbfa78d3959",
      "insert_len": 0,
      "status": "success"
    },
    {
      "url": "https://news.qq.com/rain/a/20260903A08K6M00",
      "title": "全市物业服务突出问题专项整治工作推进会召开 王驰主持并讲话",
      "collection_id": "6a9a377c462e4bbfa78d3990",
      "insert_len": 0,
      "status": "success"
    },
    {
      "url": "https://news.qq.com/rain/a/20260903A08KCW00",
      "title": "聚焦｜中国经典歌剧《原野》在马德里开启欧洲巡演",
      "collection_id": "6a9a377c462e4bbfa78d39c8",
      "insert_len": 0,
      "status": "success"
    },
    {
      "url": "https://news.qq.com/rain/a/20260903A08BFY00",
      "title": "",
      "collection_id": null,
      "insert_len": 0,
      "status": "failed",
      "error": "新闻内容过短。"
    },
    {
      "url": "https://news.qq.com/rain/a/20260903A0430N00",
      "title": "芭堤雅如此迎接“林肯”号“休息与娱乐”？",
      "collection_id": "6a9a377d462e4bbfa78d39ff",
      "insert_len": 0,
      "status": "success"
    },
    {
      "url": "https://news.qq.com/rain/a/20260903A08K7A00",
      "title": "3000张客队球票无偿开放，兰州球迷齐声高呼“谢谢北京”",
      "collection_id": "6a9a377e462e4bbfa78d3a24",
      "insert_len": 0,
      "status": "success"
    },
    {
      "url": "https://news.qq.com/rain/a/20260903A08K9A00",
      "title": "两部门紧急调拨道路保通加固装备驰援西藏吉隆",
      "collection_id": "6a9a377e462e4bbfa78d3a68",
      "insert_len": 0,
      "status": "success"
    },
    {
      "url": "https://news.qq.com/rain/a/20260903A08JZK00",
      "title": "信捷电气：控股股东李新质押678万股 累计质押44.63%持股",
      "collection_id": "6a9a377f462e4bbfa78d3aaa",
      "insert_len": 0,
      "status": "success"
    },
    {
      "url": "https://news.qq.com/rain/a/20260903A08KA800",
      "title": "",
      "collection_id": null,
      "insert_len": 0,
      "status": "failed",
      "error": "EOF occurred in violation of protocol (_ssl.c:1006)"
    },
    {
      "url": "https://news.qq.com/rain/a/20260903A08B3W00",
      "title": "",
      "collection_id": null,
      "insert_len": 0,
      "status": "failed",
      "error": "新闻内容过短。"
    },
    {
      "url": "https://news.qq.com/rain/a/20260903A08BMJ00",
      "title": "",
      "collection_id": null,
      "insert_len": 0,
      "status": "failed",
      "error": "新闻内容过短。"
    },
    {
      "url": "https://news.qq.com/rain/a/20260903A08KW200",
      "title": "可有效满足苯丙酮尿症患者临床营养需求 这款特医食品获批注册",
      "collection_id": "6a9a3780462e4bbfa78d3aed",
      "insert_len": 0,
      "status": "success"
    },
    {
      "url": "https://news.qq.com/rain/a/20260903A08B8600",
      "title": "",
      "collection_id": null,
      "insert_len": 0,
      "status": "failed",
      "error": "新闻内容过短。"
    },
    {
      "url": "https://news.qq.com/rain/a/20260903A08KBV00",
      "title": "中方：与委内瑞拉的合作与第三方无关，更不应受第三方干扰",
      "collection_id": "6a9a3782462e4bbfa78d3b26",
      "insert_len": 0,
      "status": "success"
    },
    {
      "url": "https://news.qq.com/rain/a/20260903A08I5V00",
      "title": "男子充1000元误到账26419933亿余元，及时归还才是正道",
      "collection_id": "6a9a3782462e4bbfa78d3b5e",
      "insert_len": 0,
      "status": "success"
    },
    {
      "url": "https://news.qq.com/rain/a/20260903A08K1500",
      "title": "两部门紧急调拨道路保通加固装备驰援西藏吉隆",
      "collection_id": "6a9a3783462e4bbfa78d3b96",
      "insert_len": 0,
      "status": "success"
    },
    {
      "url": "https://news.qq.com/rain/a/20260903A08KAI00",
      "title": "长征百问（52）丨红军长征翻越的最高雪山是哪座？",
      "collection_id": "6a9a3783462e4bbfa78d3bce",
      "insert_len": 0,
      "status": "success"
    },
    {
      "url": "https://news.qq.com/rain/a/20260903A08KDG00",
      "title": "江西省南昌市南昌县发布大风蓝色预警信号",
      "collection_id": "6a9a3784462e4bbfa78d3c06",
      "insert_len": 0,
      "status": "success"
    },
    {
      "url": "https://news.qq.com/rain/a/20260903A08JSX00",
      "title": "",
      "collection_id": null,
      "insert_len": 0,
      "status": "failed",
      "error": "EOF occurred in violation of protocol (_ssl.c:1006)"
    },
    {
      "url": "https://news.qq.com/rain/a/20260903A08KFL00",
      "title": "泰国议员披里告诫下议院议长：勿抢先休会逃避选举委员会报告，勿限定结束时间",
      "collection_id": "6a9a3784462e4bbfa78d3c3f",
      "insert_len": 0,
      "status": "success"
    },
    {
      "url": "https://news.qq.com/rain/a/20260903A08K8200",
      "title": "",
      "collection_id": null,
      "insert_len": 0,
      "status": "failed",
      "error": "EOF occurred in violation of protocol (_ssl.c:1006)"
    },
    {
      "url": "https://news.qq.com/rain/a/20260903A08KFN00",
      "title": "泰国瓦龙医生叫停国家灾害保险项目 质疑400亿数据来源",
      "collection_id": "6a9a3789462e4bbfa78d3c7d",
      "insert_len": 0,
      "status": "success"
    },
    {
      "url": "https://news.qq.com/rain/a/20260903A08KAG00",
      "title": "暑运收官！首都机场旅客量突破5000万人次",
      "collection_id": "6a9a378a462e4bbfa78d3cb6",
      "insert_len": 0,
      "status": "success"
    },
    {
      "url": "https://news.qq.com/rain/a/20260903A08K2C00",
      "title": "",
      "collection_id": null,
      "insert_len": 0,
      "status": "failed",
      "error": "EOF occurred in violation of protocol (_ssl.c:1006)"
    },
    {
      "url": "https://news.qq.com/rain/a/20260903A08KDD00",
      "title": "成都AG超玩会发布五人组合照并配文：怎么大家都呆呆的？",
      "collection_id": "6a9a378b462e4bbfa78d3ce6",
      "insert_len": 0,
      "status": "success"
    },
    {
      "url": "https://news.qq.com/rain/a/20260903A08K9V00",
      "title": "篮球世界杯｜中国女篮队长陈玉婕是00后",
      "collection_id": "6a9a378b462e4bbfa78d3d24",
      "insert_len": 0,
      "status": "success"
    },
    {
      "url": "https://news.qq.com/rain/a/20260903A08KNA00",
      "title": "",
      "collection_id": null,
      "insert_len": 0,
      "status": "failed",
      "error": "EOF occurred in violation of protocol (_ssl.c:1006)"
    },
    {
      "url": "https://news.qq.com/rain/a/20260903A08KG800",
      "title": "",
      "collection_id": null,
      "insert_len": 0,
      "status": "failed",
      "error": "新闻内容过短。"
    },
    {
      "url": "https://news.qq.com/rain/a/20260903A08KCL00",
      "title": "黑龙江省佳木斯市汤原县发布雷电黄色预警信号",
      "collection_id": "6a9a3790462e4bbfa78d3d5c",
      "insert_len": 0,
      "status": "success"
    },
    {
      "url": "https://news.qq.com/rain/a/20260903A08JYZ00",
      "title": "泰禾智能：股东许大红质押690万股 累计质押超4成持股",
      "collection_id": "6a9a3790462e4bbfa78d3d95",
      "insert_len": 0,
      "status": "success"
    },
    {
      "url": "https://news.qq.com/rain/a/20260903A08K7B00",
      "title": "崇德科技：整体产线排产饱和度处于较高水平，在手订单储备充足",
      "collection_id": "6a9a3791462e4bbfa78d3dcd",
      "insert_len": 0,
      "status": "success"
    },
    {
      "url": "https://news.qq.com/rain/a/20260903A08KE100",
      "title": "聚焦｜第83届威尼斯国际电影节开幕",
      "collection_id": "6a9a3791462e4bbfa78d3e04",
      "insert_len": 0,
      "status": "success"
    },
    {
      "url": "https://news.qq.com/rain/a/20260903A08KCO00",
      "title": "云南省红河哈尼族彝族自治州绿春县发布雷电黄色预警信号",
      "collection_id": "6a9a3791462e4bbfa78d3e3b",
      "insert_len": 0,
      "status": "success"
    },
    {
      "url": "https://news.qq.com/rain/a/20260903A08K9N00",
      "title": "秋粮主产区打好田间管理“组合拳” 分类施策全力以赴确保粮食丰产归仓",
      "collection_id": "6a9a3792462e4bbfa78d3e72",
      "insert_len": 0,
      "status": "success"
    },
    {
      "url": "https://news.qq.com/rain/a/20260903A08KQC00",
      "title": "一品红：全资子公司获得盐酸舍曲林口服溶液注册证书",
      "collection_id": "6a9a3792462e4bbfa78d3eaa",
      "insert_len": 0,
      "status": "success"
    },
    {
      "url": "https://news.qq.com/rain/a/20260903A08KPL00",
      "title": "逸飞激光：近年来陆续投资了武逸科技、荆楚人形机器人、元生创新、岱石科技等",
      "collection_id": "6a9a3793462e4bbfa78d3ee1",
      "insert_len": 0,
      "status": "success"
    },
    {
      "url": "https://news.qq.com/rain/a/20260903A08K9I00",
      "title": "",
      "collection_id": null,
      "insert_len": 0,
      "status": "failed",
      "error": "EOF occurred in violation of protocol (_ssl.c:1006)"
    },
    {
      "url": "https://news.qq.com/rain/a/20260903A08K0P00",
      "title": "竹山动真格！7名“任性”骑手被曝光",
      "collection_id": "6a9a3793462e4bbfa78d3f18",
      "insert_len": 0,
      "status": "success"
    },
    {
      "url": "https://news.qq.com/rain/a/20260903A04LS500",
      "title": "",
      "collection_id": null,
      "insert_len": 0,
      "status": "failed",
      "error": "新闻内容过短。"
    },
    {
      "url": "https://news.qq.com/rain/a/20260903A08KB400",
      "title": "“激活”一条街、“燃动”一座城 体育产业跨界融合、破圈发展撬动经济新“增量”",
      "collection_id": "6a9a3795462e4bbfa78d3f50",
      "insert_len": 0,
      "status": "success"
    },
    {
      "url": "https://news.qq.com/rain/a/20260903A08KKD00",
      "title": "",
      "collection_id": null,
      "insert_len": 0,
      "status": "failed",
      "error": "新闻内容过短。"
    },
    {
      "url": "https://news.qq.com/rain/a/20260903A08KQX00",
      "title": "墨西哥外长贝拉斯科将访华",
      "collection_id": "6a9a3796462e4bbfa78d3f8a",
      "insert_len": 0,
      "status": "success"
    },
    {
      "url": "https://news.qq.com/rain/a/20260903A08KPW00",
      "title": "倍加洁：张文生完成507.3万股过户",
      "collection_id": "6a9a3797462e4bbfa78d3fc4",
      "insert_len": 0,
      "status": "success"
    },
    {
      "url": "https://news.qq.com/rain/a/20260903A08KKO00",
      "title": "法治上门 平安到家！孙吴县清溪乡开展扫黑除恶“敲门行动”",
      "collection_id": "6a9a3797462e4bbfa78d3ffd",
      "insert_len": 0,
      "status": "success"
    },
    {
      "url": "https://news.qq.com/rain/a/20260903A08J7700",
      "title": "滨城区延续实施失业保险稳岗返还政策的公告",
      "collection_id": "6a9a3798462e4bbfa78d4035",
      "insert_len": 0,
      "status": "success"
    },
    {
      "url": "https://news.qq.com/rain/a/20260903A08HZA00",
      "title": "",
      "collection_id": null,
      "insert_len": 0,
      "status": "failed",
      "error": "EOF occurred in violation of protocol (_ssl.c:1006)"
    },
    {
      "url": "https://news.qq.com/rain/a/20260903A08K1D00",
      "title": "再获国字号名片！随州香菇入选2026年第二批全国名特优新农产品公示名单",
      "collection_id": "6a9a3798462e4bbfa78d406d",
      "insert_len": 0,
      "status": "success"
    },
    {
      "url": "https://news.qq.com/rain/a/20260903A08KH100",
      "title": "保定卫健委通报“医院纪委书记家长群内晒公职求关照”：网传情况属实，将严肃处理",
      "collection_id": "6a9a3799462e4bbfa78d40a5",
      "insert_len": 0,
      "status": "success"
    },
    {
      "url": "https://news.qq.com/rain/a/20260903A04MDC00",
      "title": "钛产业链龙头股上市首日大涨",
      "collection_id": "6a9a379a462e4bbfa78d40dc",
      "insert_len": 0,
      "status": "success"
    },
    {
      "url": "https://news.qq.com/rain/a/20260903A08IIN00",
      "title": "工龄28年11个月，个人账户8.1万，广东退休拿2400元，被小a了吗？",
      "collection_id": "6a9a379b462e4bbfa78d4114",
      "insert_len": 0,
      "status": "success"
    },
    {
      "url": "https://news.qq.com/rain/a/20260903A08K8100",
      "title": "",
      "collection_id": null,
      "insert_len": 0,
      "status": "failed",
      "error": "EOF occurred in violation of protocol (_ssl.c:1006)"
    },
    {
      "url": "https://news.qq.com/rain/a/20260903A08KED00",
      "title": "",
      "collection_id": null,
      "insert_len": 0,
      "status": "failed",
      "error": "EOF occurred in violation of protocol (_ssl.c:1006)"
    },
    {
      "url": "https://news.qq.com/rain/a/20260903A08K9T00",
      "title": "科技赋能海洋经济向“新”而行 借助第一网“鲜”感知“蓝色粮仓”澎湃新动能",
      "collection_id": "6a9a37a0462e4bbfa78d416b",
      "insert_len": 0,
      "status": "success"
    },
    {
      "url": "https://news.qq.com/rain/a/20260903A000XO00",
      "title": "",
      "collection_id": null,
      "insert_len": 0,
      "status": "failed",
      "error": "EOF occurred in violation of protocol (_ssl.c:1006)"
    },
    {
      "url": "https://news.qq.com/rain/a/20260903A08KPO00",
      "title": "赛托生物：前员工涉嫌窃商业秘密被批准逮捕",
      "collection_id": "6a9a37a2462e4bbfa78d41b0",
      "insert_len": 0,
      "status": "success"
    },
    {
      "url": "https://news.qq.com/rain/a/20260903A08K5E00",
      "title": "国家体育总局：开展“深化治理年”行动，重点解决管理不到位、责任不落实等问题",
      "collection_id": "6a9a37a3462e4bbfa78d41e7",
      "insert_len": 0,
      "status": "success"
    },
    {
      "url": "https://news.qq.com/rain/a/20260903A08KDV00",
      "title": "浙江省杭州市临安区发布暴雨黄色预警信号",
      "collection_id": "6a9a37a4462e4bbfa78d422a",
      "insert_len": 0,
      "status": "success"
    },
    {
      "url": "https://news.qq.com/rain/a/20260903A08KPJ00",
      "title": "中航机载：公司间接持有中创世航机器人（西安）有限公司股份",
      "collection_id": "6a9a37a4462e4bbfa78d4261",
      "insert_len": 0,
      "status": "success"
    },
    {
      "url": "https://news.qq.com/rain/a/20260903A08KP600",
      "title": "逸飞激光：今年以来陆续披露与多家客户的大额订单，整体订单充裕",
      "collection_id": "6a9a37a5462e4bbfa78d4298",
      "insert_len": 0,
      "status": "success"
    },
    {
      "url": "https://news.qq.com/rain/a/20260903A08F4400",
      "title": "骨传导耳机哪个品牌比较好？2026最新爆款机型合集整理，购前必看",
      "collection_id": "6a9a37a6462e4bbfa78d4310",
      "insert_len": 0,
      "status": "success"
    },
    {
      "url": "https://news.qq.com/rain/a/20260903A08JUB00",
      "title": "海外市场不能再“任性降价”，汽车出海迎来合规新阶段",
      "collection_id": "6a9a37a6462e4bbfa78d42d0",
      "insert_len": 0,
      "status": "success"
    },
    {
      "url": "https://news.qq.com/rain/a/20260903A08JFS00",
      "title": "开学先花几万块，“数码三件套”涨价让新手大学生肉疼了",
      "collection_id": "6a9a37a7462e4bbfa78d4374",
      "insert_len": 0,
      "status": "success"
    },
    {
      "url": "https://news.qq.com/rain/a/20260903A08J9O00",
      "title": "3300万粉丝网红博雅偷税被罚347.7万元，公司接连改名，昨日仍在直播",
      "collection_id": "6a9a37a7462e4bbfa78d43da",
      "insert_len": 0,
      "status": "success"
    },
    {
      "url": "https://news.qq.com/rain/a/20260903A04L6M00",
      "title": "平衡城野取舍，传祺越7正式开启预售",
      "collection_id": "6a9a37a8462e4bbfa78d441d",
      "insert_len": 0,
      "status": "success"
    },
    {
      "url": "https://news.qq.com/rain/a/20260903A08JUC00",
      "title": "卖车毛利率升至18.5％，换电与智驾成蔚来收入新来源",
      "collection_id": "6a9a37a8462e4bbfa78d4459",
      "insert_len": 0,
      "status": "success"
    },
    {
      "url": "https://news.qq.com/rain/a/20260903A08K7O00",
      "title": "",
      "collection_id": null,
      "insert_len": 0,
      "status": "failed",
      "error": "EOF occurred in violation of protocol (_ssl.c:1006)"
    },
    {
      "url": "https://news.qq.com/rain/a/20260903A08KX500",
      "title": "",
      "collection_id": null,
      "insert_len": 0,
      "status": "failed",
      "error": "新闻内容过短。"
    },
    {
      "url": "https://news.qq.com/rain/a/20260903A05YQE00",
      "title": "WorkBuddy开放平台上线，AI办公迎来硬件入口之争",
      "collection_id": "6a9a37aa462e4bbfa78d44a7",
      "insert_len": 0,
      "status": "success"
    },
    {
      "url": "https://news.qq.com/rain/a/20260903A08JZO00",
      "title": "“新官”上任先“点火”",
      "collection_id": "6a9a37ab462e4bbfa78d4502",
      "insert_len": 0,
      "status": "success"
    },
    {
      "url": "https://news.qq.com/rain/a/20260903A08L0R00",
      "title": "中央新影集团：从未授权任何人对集团名下一房产进行租赁、招商等",
      "collection_id": "6a9a37ab462e4bbfa78d4548",
      "insert_len": 0,
      "status": "success"
    },
    {
      "url": "https://news.qq.com/rain/a/20260903A08K7Z00",
      "title": "这个国家队训练基地，如何“羽”众不同？",
      "collection_id": "6a9a37ac462e4bbfa78d4581",
      "insert_len": 0,
      "status": "success"
    },
    {
      "url": "https://news.qq.com/rain/a/20260903A08K5700",
      "title": "奇瑞汽车：全面落实汽车行业境外竞争行为与合规建设指引",
      "collection_id": "6a9a37ad462e4bbfa78d45c9",
      "insert_len": 0,
      "status": "success"
    },
    {
      "url": "https://news.qq.com/rain/a/20260903A08JN000",
      "title": "",
      "collection_id": null,
      "insert_len": 0,
      "status": "failed",
      "error": "新闻内容过短。"
    },
    {
      "url": "https://news.qq.com/rain/a/20260903A08BGM00",
      "title": "",
      "collection_id": null,
      "insert_len": 0,
      "status": "failed",
      "error": "新闻内容过短。"
    },
    {
      "url": "https://news.qq.com/rain/a/20260903A08KPN00",
      "title": "",
      "collection_id": null,
      "insert_len": 0,
      "status": "failed",
      "error": "EOF occurred in violation of protocol (_ssl.c:1006)"
    },
    {
      "url": "https://news.qq.com/rain/a/20260903A08JMM00",
      "title": "",
      "collection_id": null,
      "insert_len": 0,
      "status": "failed",
      "error": "新闻内容过短。"
    },
    {
      "url": "https://news.qq.com/rain/a/20260903A08K8T00",
      "title": "",
      "collection_id": null,
      "insert_len": 0,
      "status": "failed",
      "error": "EOF occurred in violation of protocol (_ssl.c:1006)"
    },
    {
      "url": "https://news.qq.com/rain/a/20260903A08KCA00",
      "title": "四川省甘孜藏族自治州石渠县发布雷电黄色预警信号",
      "collection_id": "6a9a37b3462e4bbfa78d4605",
      "insert_len": 0,
      "status": "success"
    },
    {
      "url": "https://news.qq.com/rain/a/20260903A08KUO00",
      "title": "",
      "collection_id": null,
      "insert_len": 0,
      "status": "failed",
      "error": "EOF occurred in violation of protocol (_ssl.c:1006)"
    },
    {
      "url": "https://news.qq.com/rain/a/20260903A03V8D00",
      "title": "100多家组织集体施压！委内瑞拉若不停手，他们将全面反击",
      "collection_id": "6a9a37b6462e4bbfa78d4644",
      "insert_len": 0,
      "status": "success"
    },
    {
      "url": "https://news.qq.com/rain/a/20260903A08KB700",
      "title": "【养生堂】今日播出《被误诊的“中风”》",
      "collection_id": "6a9a37b7462e4bbfa78d4687",
      "insert_len": 0,
      "status": "success"
    },
    {
      "url": "https://news.qq.com/rain/a/20260903A08IS800",
      "title": "今起，芜湖雨水退场，凉爽在线！",
      "collection_id": "6a9a37b7462e4bbfa78d46be",
      "insert_len": 0,
      "status": "success"
    },
    {
      "url": "https://news.qq.com/rain/a/20260903A061BS00",
      "title": "AI办公卷到飞起，商汤“小浣熊”接了个大活",
      "collection_id": "6a9a37b8462e4bbfa78d46f6",
      "insert_len": 0,
      "status": "success"
    },
    {
      "url": "https://news.qq.com/rain/a/20260903A08L2Q00",
      "title": "欧阳明高院士：预计2030年中国锂离子电池出货量超3600GWh，较去年翻倍",
      "collection_id": "6a9a37b9462e4bbfa78d4761",
      "insert_len": 0,
      "status": "success"
    },
    {
      "url": "https://news.qq.com/rain/a/20260903A08KQK00",
      "title": "欧美地区提速增长，东方证券：维持致欧科技“买入”评级",
      "collection_id": "6a9a37b9462e4bbfa78d4741",
      "insert_len": 0,
      "status": "success"
    },
    {
      "url": "https://news.qq.com/rain/a/20260903A08KDJ00",
      "title": "河南省信阳市息县发布大风蓝色预警信号",
      "collection_id": "6a9a37b9462e4bbfa78d47a3",
      "insert_len": 0,
      "status": "success"
    },
    {
      "url": "https://news.qq.com/rain/a/20260903A08J7H00",
      "title": "【我们这五年之筑新】立足资源禀赋 推动聚链成群",
      "collection_id": "6a9a37b9462e4bbfa78d47d3",
      "insert_len": 0,
      "status": "success"
    },
    {
      "url": "https://news.qq.com/rain/a/20260903A08KDM00",
      "title": "女足亚冠抽签：北京女足、墨尔本城、卡雅、纳萨夫同组",
      "collection_id": "6a9a37ba462e4bbfa78d483e",
      "insert_len": 0,
      "status": "success"
    },
    {
      "url": "https://news.qq.com/rain/a/20260903A08KQH00",
      "title": "逸飞激光：公司小圆柱全极耳装配线目前已实现客户批量交付",
      "collection_id": "6a9a37bb462e4bbfa78d48b9",
      "insert_len": 0,
      "status": "success"
    },
    {
      "url": "https://news.qq.com/rain/a/20260903A08L1W00",
      "title": "退休返聘这些坑一定要看懂！养老金、工伤、补偿全讲清",
      "collection_id": "6a9a37ba462e4bbfa78d4875",
      "insert_len": 0,
      "status": "success"
    },
    {
      "url": "https://news.qq.com/rain/a/20260903A08JSF00",
      "title": "“我要写长篇文章报道广东”",
      "collection_id": "6a9a37bb462e4bbfa78d48ec",
      "insert_len": 0,
      "status": "success"
    },
    {
      "url": "https://news.qq.com/rain/a/20260903A08KQA00",
      "title": "",
      "collection_id": null,
      "insert_len": 0,
      "status": "failed",
      "error": "EOF occurred in violation of protocol (_ssl.c:1006)"
    },
    {
      "url": "https://news.qq.com/rain/a/20260903A08K9O00",
      "title": "中国游、中国购新意足 做衣服、看中医、配眼镜……外籍游客沉浸式体验玩法升级",
      "collection_id": "6a9a37bc462e4bbfa78d492a",
      "insert_len": 0,
      "status": "success"
    },
    {
      "url": "https://news.qq.com/rain/a/20260903A08JPU00",
      "title": "入秋养生这个字是关键！抵御温燥，养肺固本",
      "collection_id": "6a9a37bd462e4bbfa78d496f",
      "insert_len": 0,
      "status": "success"
    },
    {
      "url": "https://news.qq.com/rain/a/20260903A05TMC00",
      "title": "2026年《财富》中国最佳设计榜揭晓",
      "collection_id": "6a9a37be462e4bbfa78d49b3",
      "insert_len": 0,
      "status": "success"
    },
    {
      "url": "https://news.qq.com/rain/a/20260903A08JW800",
      "title": "",
      "collection_id": null,
      "insert_len": 0,
      "status": "failed",
      "error": "EOF occurred in violation of protocol (_ssl.c:1006)"
    },
    {
      "url": "https://news.qq.com/rain/a/20260903A08KYK00",
      "title": "格雷米奥vs巴西国际裁判阿劳若数据：近20场106黄，3红，5点球",
      "collection_id": "6a9a37c1462e4bbfa78d4a48",
      "insert_len": 0,
      "status": "success"
    },
    {
      "url": "https://news.qq.com/rain/a/20260903A08LBL00",
      "title": "保定卫健委通报“医院纪委书记家长群晒公职求关照”：网传情况属实，将依规依纪严肃处理",
      "collection_id": "6a9a37c1462e4bbfa78d4a80",
      "insert_len": 0,
      "status": "success"
    },
    {
      "url": "https://news.qq.com/rain/a/20260903A04KZA00",
      "title": "油价、金价、银价，集体上涨",
      "collection_id": "6a9a37c2462e4bbfa78d4ab8",
      "insert_len": 0,
      "status": "success"
    },
    {
      "url": "https://news.qq.com/rain/a/20260903A08KDL00",
      "title": "航空货运“新”观察 | 版图加速扩容、市场活力涌动 航空物流筑牢外贸稳增长空中支撑",
      "collection_id": "6a9a37c3462e4bbfa78d4af0",
      "insert_len": 0,
      "status": "success"
    },
    {
      "url": "https://news.qq.com/rain/a/20260903A08KPR00",
      "title": "德尔股份：收购爱卓科技100%股权事项持续督导进展",
      "collection_id": "6a9a37c3462e4bbfa78d4b2a",
      "insert_len": 0,
      "status": "success"
    },
    {
      "url": "https://news.qq.com/rain/a/20260903A08JR700",
      "title": "",
      "collection_id": null,
      "insert_len": 0,
      "status": "failed",
      "error": "EOF occurred in violation of protocol (_ssl.c:1006)"
    },
    {
      "url": "https://news.qq.com/rain/a/20260903A08KQJ00",
      "title": "澜起科技：上半年四款互连类新产品合计收入5.38亿元，同比大幅增长80.7%",
      "collection_id": "6a9a37c4462e4bbfa78d4b61",
      "insert_len": 0,
      "status": "success"
    },
    {
      "url": "https://news.qq.com/rain/a/20260903A08ISC00",
      "title": "苏-30MKI扔下国产滑翔炸弹，140公里外精确点名，印空军不再飞进防空圈",
      "collection_id": "6a9a37c5462e4bbfa78d4b98",
      "insert_len": 0,
      "status": "success"
    },
    {
      "url": "https://news.qq.com/rain/a/20260903A08KB500",
      "title": "中国向巴基斯坦捐赠30万剂兽用疫苗",
      "collection_id": "6a9a37c5462e4bbfa78d4bd0",
      "insert_len": 0,
      "status": "success"
    },
    {
      "url": "https://news.qq.com/rain/a/20260903A04KNV00",
      "title": "香港爱国商人霍英东老宅",
      "collection_id": "6a9a37c6462e4bbfa78d4c07",
      "insert_len": 0,
      "status": "success"
    },
    {
      "url": "https://news.qq.com/rain/a/20260903A08L8400",
      "title": "总台现场直击丨中国对尼泊尔第三批紧急援助物资运抵加德满都",
      "collection_id": "6a9a37c6462e4bbfa78d4c3f",
      "insert_len": 0,
      "status": "success"
    },
    {
      "url": "https://news.qq.com/rain/a/20260903A08KK700",
      "title": "江苏银行北京分行深入开展“全民反诈在行动”宣传活动",
      "collection_id": "6a9a37c7462e4bbfa78d4c77",
      "insert_len": 0,
      "status": "success"
    },
    {
      "url": "https://news.qq.com/rain/a/20260903A08KA400",
      "title": "",
      "collection_id": null,
      "insert_len": 0,
      "status": "failed",
      "error": "EOF occurred in violation of protocol (_ssl.c:1006)"
    },
    {
      "url": "https://news.qq.com/rain/a/20260903A08KMY00",
      "title": "多学科精准协作，高危难治淋巴瘤患者成功闯关",
      "collection_id": "6a9a37c8462e4bbfa78d4cb1",
      "insert_len": 0,
      "status": "success"
    },
    {
      "url": "https://news.qq.com/rain/a/20260903A05SYW00",
      "title": "高校新生礼包里出现AI智能体，记者现场试了3个开学场景",
      "collection_id": "6a9a37c9462e4bbfa78d4ceb",
      "insert_len": 0,
      "status": "success"
    },
    {
      "url": "https://news.qq.com/rain/a/20260903A08LAP00",
      "title": "郑州市二七区46.5亩宅地挂牌，底价2.43亿元",
      "collection_id": "6a9a37ca462e4bbfa78d4d30",
      "insert_len": 0,
      "status": "success"
    },
    {
      "url": "https://news.qq.com/rain/a/20260903A07GWG00",
      "title": "又有“班主任”被抓！监利家长请注意！",
      "collection_id": "6a9a37cb462e4bbfa78d4d69",
      "insert_len": 0,
      "status": "success"
    },
    {
      "url": "https://news.qq.com/rain/a/20260903A08KKI00",
      "title": "沪克文艺之约！“光影翰墨·艺聚青白”文艺作品交流展在白碱滩区开幕",
      "collection_id": "6a9a37cb462e4bbfa78d4da2",
      "insert_len": 0,
      "status": "success"
    },
    {
      "url": "https://news.qq.com/rain/a/20260903A08KC200",
      "title": "福建男篮官宣：欢迎本尼-博特赖特加入福建SBS浔兴大家庭",
      "collection_id": "6a9a37cc462e4bbfa78d4ddb",
      "insert_len": 0,
      "status": "success"
    },
    {
      "url": "https://news.qq.com/rain/a/20260903A08JYI00",
      "title": "“人力资源总监”查无此岗？星宇股份：总监级别比部长高，相关人员已停职",
      "collection_id": "6a9a37cd462e4bbfa78d4e13",
      "insert_len": 0,
      "status": "success"
    },
    {
      "url": "https://news.qq.com/rain/a/20260903A08JII00",
      "title": "",
      "collection_id": null,
      "insert_len": 0,
      "status": "failed",
      "error": "EOF occurred in violation of protocol (_ssl.c:1006)"
    },
    {
      "url": "https://news.qq.com/rain/a/20260903A08GZR00",
      "title": "上海足协7人入选 U20女足世界杯中国队名单公布",
      "collection_id": "6a9a37cd462e4bbfa78d4e4b",
      "insert_len": 0,
      "status": "success"
    },
    {
      "url": "https://news.qq.com/rain/a/20260903A08KYQ00",
      "title": "马斯坦托诺晒与巴蒂斯图塔合影，引佛罗伦萨与阿根廷球迷热议",
      "collection_id": "6a9a37ce462e4bbfa78d4e84",
      "insert_len": 0,
      "status": "success"
    },
    {
      "url": "https://news.qq.com/rain/a/20260903A05SN300",
      "title": "港股午评：恒指微涨0.02%、科指跌0.56%，黄金，内房股普涨，机器人概念股走低，保险、券商板块活跃",
      "collection_id": "6a9a37ce462e4bbfa78d4ebc",
      "insert_len": 0,
      "status": "success"
    },
    {
      "url": "https://news.qq.com/rain/a/20260903A08K6G00",
      "title": "踏水镇：小小金瓜种子，“长”出致富产业链",
      "collection_id": "6a9a37cf462e4bbfa78d4ef6",
      "insert_len": 0,
      "status": "success"
    },
    {
      "url": "https://news.qq.com/rain/a/20260903A08CIX00",
      "title": "9月1日起，人民币新规正式执行！手里旧钞纪念币千万别乱交易",
      "collection_id": "6a9a37d0462e4bbfa78d4f3a",
      "insert_len": 0,
      "status": "success"
    },
    {
      "url": "https://news.qq.com/rain/a/20260903A08K8400",
      "title": "济南与泰山,血脉相连的文化对话",
      "collection_id": "6a9a37d0462e4bbfa78d4f73",
      "insert_len": 0,
      "status": "success"
    },
    {
      "url": "https://news.qq.com/rain/a/20260903A08IR000",
      "title": "",
      "collection_id": null,
      "insert_len": 0,
      "status": "failed",
      "error": "EOF occurred in violation of protocol (_ssl.c:1006)"
    },
    {
      "url": "https://news.qq.com/rain/a/20260903A08KQ800",
      "title": "星源卓镁：2026年上半年营收同比增长35.71%",
      "collection_id": "6a9a37d2462e4bbfa78d4fbb",
      "insert_len": 0,
      "status": "success"
    },
    {
      "url": "https://news.qq.com/rain/a/20260903A0867Q00",
      "title": "57岁孙楠暴瘦20斤体脂率12.3%排进前七，过了50岁不减肥却靠16加8断食活明白了",
      "collection_id": "6a9a37d2462e4bbfa78d4ff3",
      "insert_len": 0,
      "status": "success"
    },
    {
      "url": "https://news.qq.com/rain/a/20260903A08KWA00",
      "title": "",
      "collection_id": null,
      "insert_len": 0,
      "status": "failed",
      "error": "EOF occurred in violation of protocol (_ssl.c:1006)"
    },
    {
      "url": "https://news.qq.com/rain/a/20260903A08KL800",
      "title": "2026杭州2000万以内叠墅推荐：西湖西溪未来科技城滨江价格对比，主城低密湖居盘成改善优选",
      "collection_id": "6a9a37d6462e4bbfa78d503d",
      "insert_len": 0,
      "status": "success"
    },
    {
      "url": "https://news.qq.com/rain/a/20260903A08KQ500",
      "title": "",
      "collection_id": null,
      "insert_len": 0,
      "status": "failed",
      "error": "EOF occurred in violation of protocol (_ssl.c:1006)"
    },
    {
      "url": "https://news.qq.com/rain/a/20260903A08IRA00",
      "title": "重庆秋交会“一站式”购房：主播“带房”、MR看房、线上淘房",
      "collection_id": "6a9a37d8462e4bbfa78d5084",
      "insert_len": 0,
      "status": "success"
    },
    {
      "url": "https://news.qq.com/rain/a/20260903A08KPS00",
      "title": "逸飞激光：已与多家头部客户签订10-20PPM圆柱超级电容封装线，并获得客户批量复购订单",
      "collection_id": "6a9a37d8462e4bbfa78d50c7",
      "insert_len": 0,
      "status": "success"
    },
    {
      "url": "https://news.qq.com/rain/a/20260903A08KQT00",
      "title": "全省一等奖！祝贺岳西实小教师王晶晶",
      "collection_id": "6a9a37d9462e4bbfa78d50fe",
      "insert_len": 0,
      "status": "success"
    },
    {
      "url": "https://news.qq.com/rain/a/20260903A08L2300",
      "title": "全国已有520多万名适龄女孩完成首剂HPV疫苗接种",
      "collection_id": "6a9a37d9462e4bbfa78d5135",
      "insert_len": 0,
      "status": "success"
    },
    {
      "url": "https://news.qq.com/rain/a/20260903A08LD300",
      "title": "IEAE2026|摩记电子携多款电竞键鼠新品首度参展",
      "collection_id": "6a9a37da462e4bbfa78d516c",
      "insert_len": 0,
      "status": "success"
    },
    {
      "url": "https://news.qq.com/rain/a/20260903A08JRG00",
      "title": "",
      "collection_id": null,
      "insert_len": 0,
      "status": "failed",
      "error": "EOF occurred in violation of protocol (_ssl.c:1006)"
    },
    {
      "url": "https://news.qq.com/rain/a/20260903A08L0U00",
      "title": "下班时段，常州部分地区有强降水！",
      "collection_id": "6a9a37db462e4bbfa78d51a5",
      "insert_len": 0,
      "status": "success"
    },
    {
      "url": "https://news.qq.com/rain/a/20260903A08M3W00",
      "title": "吉隆泥石流灾害遇难者中是否有外国公民？外交部：中方将做好相关人员摸排工作",
      "collection_id": "6a9a37dc462e4bbfa78d51dc",
      "insert_len": 0,
      "status": "success"
    },
    {
      "url": "https://news.qq.com/rain/a/20260903A08L1100",
      "title": "热浪退场 运动上场——暑期夜间体育消费新场景观察",
      "collection_id": "6a9a37dc462e4bbfa78d5213",
      "insert_len": 0,
      "status": "success"
    },
    {
      "url": "https://news.qq.com/rain/a/20260903A08KL300",
      "title": "北京北清润府对比未来城星寰时光：容积率1.8更低，昌平北清路低密改善社区更宽敞舒适",
      "collection_id": "6a9a37dc462e4bbfa78d524f",
      "insert_len": 0,
      "status": "success"
    },
    {
      "url": "https://news.qq.com/rain/a/20260903A07G9C00",
      "title": "",
      "collection_id": null,
      "insert_len": 0,
      "status": "failed",
      "error": "EOF occurred in violation of protocol (_ssl.c:1006)"
    },
    {
      "url": "https://news.qq.com/rain/a/20260903A08KFT00",
      "title": "今年暑运南昌累计发送旅客1067.5万人次",
      "collection_id": "6a9a37e0462e4bbfa78d52a0",
      "insert_len": 0,
      "status": "success"
    },
    {
      "url": "https://news.qq.com/rain/a/20260903A08LD400",
      "title": "郑州银行2026年半年报：量与质的双重升级，资产逼近8000亿元、存款劲增11%",
      "collection_id": "6a9a37e0462e4bbfa78d52d7",
      "insert_len": 0,
      "status": "success"
    },
    {
      "url": "https://news.qq.com/rain/a/20260903A08LEQ00",
      "title": "现房销售将重塑房地产金融运行逻辑",
      "collection_id": "6a9a37e1462e4bbfa78d531f",
      "insert_len": 0,
      "status": "success"
    },
    {
      "url": "https://news.qq.com/rain/a/20260903A08L6U00",
      "title": "",
      "collection_id": null,
      "insert_len": 0,
      "status": "failed",
      "error": "EOF occurred in violation of protocol (_ssl.c:1006)"
    },
    {
      "url": "https://news.qq.com/rain/a/20260903A08JSP00",
      "title": "Cybercab即将正式发布！华尔街屏息以待，老对手提前出招",
      "collection_id": "6a9a37e2462e4bbfa78d5364",
      "insert_len": 0,
      "status": "success"
    },
    {
      "url": "https://news.qq.com/rain/a/20260903A08LID00",
      "title": "8月杭州成交6337套二手房 量价小幅同跌 次新房表现突出",
      "collection_id": "6a9a37e3462e4bbfa78d539c",
      "insert_len": 0,
      "status": "success"
    },
    {
      "url": "https://news.qq.com/rain/a/20260903A08LPZ00",
      "title": "现货钯金日内涨幅扩大至2%",
      "collection_id": "6a9a37e3462e4bbfa78d53df",
      "insert_len": 0,
      "status": "success"
    },
    {
      "url": "https://news.qq.com/rain/a/20260903A04KOA00",
      "title": "Find X10 Pro Max泄密图遭官方否认，真机颜值成9月最大悬念",
      "collection_id": "6a9a37e5462e4bbfa78d5416",
      "insert_len": 0,
      "status": "success"
    },
    {
      "url": "https://news.qq.com/rain/a/20260903A08M2E00",
      "title": "Newjeans成员Danielle开通个人油管账号，将开启SOLO活动？",
      "collection_id": "6a9a37e5462e4bbfa78d5450",
      "insert_len": 0,
      "status": "success"
    },
    {
      "url": "https://news.qq.com/rain/a/20260903A08KZN00",
      "title": "彩经前瞻：格雷米奥vs巴西国际；预计主队不败，1比0或1比1",
      "collection_id": "6a9a37e6462e4bbfa78d5487",
      "insert_len": 0,
      "status": "success"
    },
    {
      "url": "https://news.qq.com/rain/a/20260903A08L4A00",
      "title": "日程过半已有13万人次前往食音万象季 欣赏梭鱼湾的浪漫落日",
      "collection_id": "6a9a37e7462e4bbfa78d54d8",
      "insert_len": 0,
      "status": "success"
    },
    {
      "url": "https://news.qq.com/rain/a/20260903A08LBE00",
      "title": "保定卫健委通报“家长自称医院纪委书记求关照”：属实！将严肃处理",
      "collection_id": "6a9a37e7462e4bbfa78d5510",
      "insert_len": 0,
      "status": "success"
    },
    {
      "url": "https://news.qq.com/rain/a/20260903A08M2U00",
      "title": "北斗自由流迎来实质性进展，信息发展海南项目进入验收阶段",
      "collection_id": "6a9a37e7462e4bbfa78d5547",
      "insert_len": 0,
      "status": "success"
    },
    {
      "url": "https://news.qq.com/rain/a/20260903A08LGE00",
      "title": "跨学段转岗，不能“一调了之”",
      "collection_id": "6a9a37e7462e4bbfa78d557b",
      "insert_len": 0,
      "status": "success"
    },
    {
      "url": "https://news.qq.com/rain/a/20260903A08L6T00",
      "title": "",
      "collection_id": null,
      "insert_len": 0,
      "status": "failed",
      "error": "EOF occurred in violation of protocol (_ssl.c:1006)"
    },
    {
      "url": "https://news.qq.com/rain/a/20260903A08LPU00",
      "title": "美股中概股盘前普跌，携程跌4%",
      "collection_id": "6a9a37e8462e4bbfa78d55d0",
      "insert_len": 0,
      "status": "success"
    },
    {
      "url": "https://news.qq.com/rain/a/20260903A08H8100",
      "title": "",
      "collection_id": null,
      "insert_len": 0,
      "status": "failed",
      "error": "EOF occurred in violation of protocol (_ssl.c:1006)"
    },
    {
      "url": "https://news.qq.com/rain/a/20260903A08LRY00",
      "title": "央行：二季度末我国金融业机构总资产为562.2万亿元 同比增长7.7%",
      "collection_id": "6a9a37ed462e4bbfa78d560f",
      "insert_len": 0,
      "status": "success"
    },
    {
      "url": "https://news.qq.com/rain/a/20260903A08KXH00",
      "title": "",
      "collection_id": null,
      "insert_len": 0,
      "status": "failed",
      "error": "EOF occurred in violation of protocol (_ssl.c:1006)"
    },
    {
      "url": "https://news.qq.com/rain/a/20260903A08KUU00",
      "title": "怎么看普京谴责乌克兰关闭俄罗斯领空是“国家恐怖主义”？",
      "collection_id": "6a9a37ee462e4bbfa78d5647",
      "insert_len": 0,
      "status": "success"
    },
    {
      "url": "https://news.qq.com/rain/a/20260903A08KPB00",
      "title": "ETF日报｜现换手率超600%产品",
      "collection_id": "6a9a37ef462e4bbfa78d568a",
      "insert_len": 0,
      "status": "success"
    },
    {
      "url": "https://news.qq.com/rain/a/20260903A08LE500",
      "title": "9月11日开始报名！江西2026年下半年全国大学英语四、六级考试安排来了",
      "collection_id": "6a9a37ef462e4bbfa78d56c1",
      "insert_len": 0,
      "status": "success"
    },
    {
      "url": "https://news.qq.com/rain/a/20260903A08M4600",
      "title": "外交部：西沙群岛是中国固有领土，不存在任何争议，越方无权说三道四",
      "collection_id": "6a9a37f0462e4bbfa78d5704",
      "insert_len": 0,
      "status": "success"
    },
    {
      "url": "https://news.qq.com/rain/a/20260903A08LSS00",
      "title": "现货黄金突破4440美元/盎司，日内涨1.24%",
      "collection_id": "6a9a37f0462e4bbfa78d5740",
      "insert_len": 0,
      "status": "success"
    },
    {
      "url": "https://news.qq.com/rain/a/20260903A08K0X00",
      "title": "听竹山｜以年轮写初心",
      "collection_id": "6a9a37f1462e4bbfa78d5777",
      "insert_len": 0,
      "status": "success"
    },
    {
      "url": "https://news.qq.com/rain/a/20260903A08LXI00",
      "title": "",
      "collection_id": null,
      "insert_len": 0,
      "status": "failed",
      "error": "新闻内容过短。"
    },
    {
      "url": "https://news.qq.com/rain/a/20260903A07GBD00",
      "title": "不法分子潜入家长群，已有多地多人被骗！看到收款码，先别急着转钱，学校回应",
      "collection_id": "6a9a37f2462e4bbfa78d57b0",
      "insert_len": 0,
      "status": "success"
    },
    {
      "url": "https://news.qq.com/rain/a/20260903A08LUV00",
      "title": "博深股份：控股子公司购买经营性资产",
      "collection_id": "6a9a37f2462e4bbfa78d57e9",
      "insert_len": 0,
      "status": "success"
    },
    {
      "url": "https://news.qq.com/rain/a/20260903A08K1I00",
      "title": "山水赛道遇见山野烟火！国家级赛事将在随县举办",
      "collection_id": "6a9a37f2462e4bbfa78d5819",
      "insert_len": 0,
      "status": "success"
    },
    {
      "url": "https://news.qq.com/rain/a/20260903A08KL500",
      "title": "千灯湖顶豪“销冠”实录：招商华玺二期凭何领跑周边5公里？",
      "collection_id": "6a9a37f2462e4bbfa78d5849",
      "insert_len": 0,
      "status": "success"
    },
    {
      "url": "https://news.qq.com/rain/a/20260903A08K7Y00",
      "title": "来吉林上大学，一定要做的10件事！",
      "collection_id": "6a9a37f3462e4bbfa78d58a8",
      "insert_len": 0,
      "status": "success"
    },
    {
      "url": "https://news.qq.com/rain/a/20260903A08LND00",
      "title": "深圳 楼市成交热度有望继续抬升",
      "collection_id": "6a9a37f3462e4bbfa78d58d8",
      "insert_len": 0,
      "status": "success"
    },
    {
      "url": "https://news.qq.com/rain/a/20260903A08L2H00",
      "title": "武定车主注意！主城区新增停车泊位，部分路段收费调整",
      "collection_id": "6a9a37f3462e4bbfa78d5911",
      "insert_len": 0,
      "status": "success"
    },
    {
      "url": "https://news.qq.com/rain/a/20260903A08KUV00",
      "title": "金正恩：要使朝鲜教育成为世界一流",
      "collection_id": "6a9a37f4462e4bbfa78d5987",
      "insert_len": 0,
      "status": "success"
    },
    {
      "url": "https://news.qq.com/rain/a/20260903A08LFE00",
      "title": "中国具身智能 Tier 1 产业联盟成立 以系统协同重塑产业协作新范式",
      "collection_id": "6a9a37f4462e4bbfa78d5953",
      "insert_len": 0,
      "status": "success"
    },
    {
      "url": "https://news.qq.com/rain/a/20260903A08JEQ00",
      "title": "全部封顶！在建世界最长跨海铁路大桥进度更新",
      "collection_id": "6a9a37f4462e4bbfa78d59ce",
      "insert_len": 0,
      "status": "success"
    },
    {
      "url": "https://news.qq.com/rain/a/20260903A08LS900",
      "title": "美股大型科技股盘前涨跌互现，Meta涨超1%",
      "collection_id": "6a9a37f4462e4bbfa78d5a02",
      "insert_len": 0,
      "status": "success"
    },
    {
      "url": "https://news.qq.com/rain/a/20260903A08LE200",
      "title": "新学期 建议家长每天抓好这三件小事",
      "collection_id": "6a9a37f5462e4bbfa78d5a5b",
      "insert_len": 0,
      "status": "success"
    },
    {
      "url": "https://news.qq.com/rain/a/20260903A08LEZ00",
      "title": "“亚太民间社会会议”主题图书展在山东济南举办",
      "collection_id": "6a9a37f5462e4bbfa78d5a5d",
      "insert_len": 0,
      "status": "success"
    },
    {
      "url": "https://news.qq.com/rain/a/20260903A08KS900",
      "title": "负一层的快餐，怎么爬上了商场黄金楼层？",
      "collection_id": "6a9a37f5462e4bbfa78d5ade",
      "insert_len": 0,
      "status": "success"
    },
    {
      "url": "https://news.qq.com/rain/a/20260903A08LO900",
      "title": "武侯“城管蓝”护航开学季：500米守护圈铺就平安上学路",
      "collection_id": "6a9a37f5462e4bbfa78d5abe",
      "insert_len": 0,
      "status": "success"
    },
    {
      "url": "https://news.qq.com/rain/a/20260903A08LXH00",
      "title": "广州 有楼盘上周末到访量上涨5倍",
      "collection_id": "6a9a37f6462e4bbfa78d5b3d",
      "insert_len": 0,
      "status": "success"
    },
    {
      "url": "https://news.qq.com/rain/a/20260903A08LX700",
      "title": "艾斐智药完成亿元天使融资，清华AIR团队打造AI Native药物发现公司",
      "collection_id": "6a9a37f6462e4bbfa78d5b76",
      "insert_len": 0,
      "status": "success"
    },
    {
      "url": "https://news.qq.com/rain/a/20260903A04K7400",
      "title": "上纬新材上半年由盈转亏，一核心技术人员离职",
      "collection_id": "6a9a37f6462e4bbfa78d5bbd",
      "insert_len": 0,
      "status": "success"
    },
    {
      "url": "https://news.qq.com/rain/a/20260903A08KMT00",
      "title": "有笑有泪有温情！《生逢其时》今日开播，看齐曹两家从鸡飞狗跳到彼此治愈",
      "collection_id": "6a9a37f7462e4bbfa78d5bf6",
      "insert_len": 0,
      "status": "success"
    },
    {
      "url": "https://news.qq.com/rain/a/20260903A08LPF00",
      "title": "",
      "collection_id": null,
      "insert_len": 0,
      "status": "failed",
      "error": "新闻内容过短。"
    },
    {
      "url": "https://news.qq.com/rain/a/20260903A08LTM00",
      "title": "",
      "collection_id": null,
      "insert_len": 0,
      "status": "failed",
      "error": "EOF occurred in violation of protocol (_ssl.c:1006)"
    },
    {
      "url": "https://news.qq.com/rain/a/20260903A08LT800",
      "title": "中粮科工：机电交付业务深入推进，带动机电业务营收同比增长32.47%",
      "collection_id": "6a9a37f7462e4bbfa78d5c2f",
      "insert_len": 0,
      "status": "success"
    },
    {
      "url": "https://news.qq.com/rain/a/20260903A08M4W00",
      "title": "今日解说预告：Ms-Joy 风筝搭档",
      "collection_id": "6a9a37f7462e4bbfa78d5c66",
      "insert_len": 0,
      "status": "success"
    },
    {
      "url": "https://news.qq.com/rain/a/20260903A08KHJ00",
      "title": "别只抓学习！孩子的一日三餐，也是新学期的头等大事",
      "collection_id": "6a9a37f8462e4bbfa78d5ca0",
      "insert_len": 0,
      "status": "success"
    },
    {
      "url": "https://news.qq.com/rain/a/20260903A08KQ300",
      "title": "经营业绩与现金流有望回升，东吴证券：维持华电国际“买入”评级",
      "collection_id": "6a9a37f9462e4bbfa78d5cdb",
      "insert_len": 0,
      "status": "success"
    },
    {
      "url": "https://news.qq.com/rain/a/20260903A08LVZ00",
      "title": "女演员王鸥承认独自养娃，孩子的生父是相声演员何九华？",
      "collection_id": "6a9a37f9462e4bbfa78d5d15",
      "insert_len": 0,
      "status": "success"
    },
    {
      "url": "https://news.qq.com/rain/a/20260903A08LED00",
      "title": "进度刷新！瑞梅铁路（江西段）预计今年10月开始静态验收",
      "collection_id": "6a9a37fa462e4bbfa78d5d46",
      "insert_len": 0,
      "status": "success"
    },
    {
      "url": "https://news.qq.com/rain/a/20260903A07R9O00",
      "title": "新生家长交费648元，发现收款方竟是游戏公司？校方声明",
      "collection_id": "6a9a37fa462e4bbfa78d5d88",
      "insert_len": 0,
      "status": "success"
    },
    {
      "url": "https://news.qq.com/rain/a/20260903A08JVA00",
      "title": "全景相机“一哥”竟成最熊股！影石创新一年跌去70%，利润暴跌94%市值蒸发千亿，与大疆正面开战，遭遇芯片涨价冲击波",
      "collection_id": "6a9a37fb462e4bbfa78d5dc3",
      "insert_len": 0,
      "status": "success"
    },
    {
      "url": "https://news.qq.com/rain/a/20260903A08LAV00",
      "title": "堆龙德庆区召开区委议军会议暨镇（街道）党（工）委书记党管武装工作述职会议",
      "collection_id": "6a9a37fc462e4bbfa78d5dfc",
      "insert_len": 0,
      "status": "success"
    },
    {
      "url": "https://news.qq.com/rain/a/20260903A08M5Q00",
      "title": "老虎伍兹就今年3月交通事故认罪，被处以吊销驾照5年的处罚",
      "collection_id": "6a9a37fc462e4bbfa78d5e47",
      "insert_len": 0,
      "status": "success"
    },
    {
      "url": "https://news.qq.com/rain/a/20260903A08KKR00",
      "title": "黑河新气象 时代新华章 | “田间仲裁+梯次调解+多方联动”——孙吴县创新机制破解土地纠纷调处痛点",
      "collection_id": "6a9a37fc462e4bbfa78d5e49",
      "insert_len": 0,
      "status": "success"
    },
    {
      "url": "https://news.qq.com/rain/a/20260903A08KPI00",
      "title": "重磅！西安10个重大项目落地！",
      "collection_id": "6a9a37fd462e4bbfa78d5ed2",
      "insert_len": 0,
      "status": "success"
    },
    {
      "url": "https://news.qq.com/rain/a/20260903A08M8C00",
      "title": "卫你看苏超丨苏超“抢八”白热化：10支球队争夺7个八强名额",
      "collection_id": "6a9a37fd462e4bbfa78d5ea4",
      "insert_len": 0,
      "status": "success"
    },
    {
      "url": "https://news.qq.com/rain/a/20260903A08LTB00",
      "title": "博通美股盘前跌超2%",
      "collection_id": "6a9a37fd462e4bbfa78d5f21",
      "insert_len": 0,
      "status": "success"
    },
    {
      "url": "https://news.qq.com/rain/a/20260903A08KGK00",
      "title": "胡葆森辞任中原建业主席！上半年营收降55.8%，港股内地主体相互独立！",
      "collection_id": "6a9a37fd462e4bbfa78d5f51",
      "insert_len": 0,
      "status": "success"
    },
    {
      "url": "https://news.qq.com/rain/a/20260903A08LOG00",
      "title": "爱看头评 | 快慢之间，读懂中国式发展的温度",
      "collection_id": "6a9a37fe462e4bbfa78d5f91",
      "insert_len": 0,
      "status": "success"
    },
    {
      "url": "https://news.qq.com/rain/a/20260903A08N2200",
      "title": "京东家装集团有限公司杭州分公司成立",
      "collection_id": "6a9a37fe462e4bbfa78d5fca",
      "insert_len": 0,
      "status": "success"
    },
    {
      "url": "https://news.qq.com/rain/a/20260903A08LW800",
      "title": "从“不属于医疗事故”到“医方主责”，山东一产妇剖宫产术中呼吸心跳骤停，抢救无效身亡，三级医学会鉴定结论3次反转",
      "collection_id": "6a9a37ff462e4bbfa78d6031",
      "insert_len": 0,
      "status": "success"
    },
    {
      "url": "https://news.qq.com/rain/a/20260903A08M1100",
      "title": "美联储最新“经济体检”透露出什么",
      "collection_id": "6a9a37ff462e4bbfa78d6001",
      "insert_len": 0,
      "status": "success"
    },
    {
      "url": "https://news.qq.com/rain/a/20260903A08KKU00",
      "title": "81周年，黑土地上的红色记忆不能忘",
      "collection_id": "6a9a37ff462e4bbfa78d60ae",
      "insert_len": 0,
      "status": "success"
    },
    {
      "url": "https://news.qq.com/rain/a/20260903A08M4E00",
      "title": "奥尔特曼称OpenAI肯定将研发人形机器人",
      "collection_id": "6a9a37ff462e4bbfa78d607e",
      "insert_len": 0,
      "status": "success"
    },
    {
      "url": "https://news.qq.com/rain/a/20260903A0840200",
      "title": "把Agent放进真实尺度香港，上交大/新加坡国立大学/美团等提出UrbanGround，测试多模态模型城市探索能力",
      "collection_id": "6a9a3800462e4bbfa78d6131",
      "insert_len": 0,
      "status": "success"
    },
    {
      "url": "https://news.qq.com/rain/a/20260903A08KKG00",
      "title": "孙吴县举办“安康杯”森林草原防灭火技战术比武活动",
      "collection_id": "6a9a3800462e4bbfa78d60f9",
      "insert_len": 0,
      "status": "success"
    },
    {
      "url": "https://news.qq.com/rain/a/20260903A08MHN00",
      "title": "",
      "collection_id": null,
      "insert_len": 0,
      "status": "failed",
      "error": "新闻内容过短。"
    },
    {
      "url": "https://news.qq.com/rain/a/20260903A08MAL00",
      "title": "“世界已进入极端天气‘危险区’！”世界气象组织发布警告",
      "collection_id": "6a9a3801462e4bbfa78d618f",
      "insert_len": 0,
      "status": "success"
    },
    {
      "url": "https://news.qq.com/rain/a/20260903A08M8S00",
      "title": "铁路货场“向上生长”",
      "collection_id": "6a9a3801462e4bbfa78d61bf",
      "insert_len": 0,
      "status": "success"
    },
    {
      "url": "https://news.qq.com/rain/a/20260903A08KQ600",
      "title": "美股大型科技股盘前涨跌互现，SK海力士跌超2%",
      "collection_id": "6a9a3801462e4bbfa78d61f7",
      "insert_len": 0,
      "status": "success"
    },
    {
      "url": "https://news.qq.com/rain/a/20260903A08M3600",
      "title": "国产血管介入器械龙头博迈医疗创业板IPO二反",
      "collection_id": "6a9a3802462e4bbfa78d6238",
      "insert_len": 0,
      "status": "success"
    },
    {
      "url": "https://news.qq.com/rain/a/20260903A08L3900",
      "title": "Momenta上市后首份半年报：营收大增76%，破解智驾“烧钱困局”",
      "collection_id": "6a9a3802462e4bbfa78d6268",
      "insert_len": 0,
      "status": "success"
    },
    {
      "url": "https://news.qq.com/rain/a/20260903A08LRN00",
      "title": "涪陵榨菜：山姆、盒马等会员制大客户渠道实现持续增长，后续将深化专属渠道业务合作",
      "collection_id": "6a9a3803462e4bbfa78d62f4",
      "insert_len": 0,
      "status": "success"
    },
    {
      "url": "https://news.qq.com/rain/a/20260903A08LK900",
      "title": "印有特朗普头像的1美元硬币正式推出",
      "collection_id": "6a9a3803462e4bbfa78d62c3",
      "insert_len": 0,
      "status": "success"
    },
    {
      "url": "https://news.qq.com/rain/a/20260903A08L2800",
      "title": "楚雄州9月份美物消费券正在发放，这些门店可用！",
      "collection_id": "6a9a3803462e4bbfa78d6333",
      "insert_len": 0,
      "status": "success"
    },
    {
      "url": "https://news.qq.com/rain/a/20260903A08M4500",
      "title": "",
      "collection_id": null,
      "insert_len": 0,
      "status": "failed",
      "error": "EOF occurred in violation of protocol (_ssl.c:1006)"
    },
    {
      "url": "https://news.qq.com/rain/a/20260903A08MIV00",
      "title": "重装启程  大连港实现2026年北方港口散杂货北极航线首航",
      "collection_id": "6a9a3804462e4bbfa78d636c",
      "insert_len": 0,
      "status": "success"
    },
    {
      "url": "https://news.qq.com/rain/a/20260903A08LIG00",
      "title": "县委召开深化平安建设基层社会治理创优提质专项攻坚行动调度会暨深化扫黑除恶专项斗争工作推进会",
      "collection_id": "6a9a3804462e4bbfa78d63a6",
      "insert_len": 0,
      "status": "success"
    },
    {
      "url": "https://news.qq.com/rain/a/20260903A08M1D00",
      "title": "企退老人离世领抚恤，找社区还是找企业？很多人跑错",
      "collection_id": "6a9a3805462e4bbfa78d63e0",
      "insert_len": 0,
      "status": "success"
    },
    {
      "url": "https://news.qq.com/rain/a/20260903A08LNH00",
      "title": "补能最快3分钟！20万级纯电SUV可看这三款，稳定又实用",
      "collection_id": "6a9a3806462e4bbfa78d6432",
      "insert_len": 0,
      "status": "success"
    },
    {
      "url": "https://news.qq.com/rain/a/20260903A08LB100",
      "title": "二十国集团创新部长级会议达成共识，推动新兴技术创新发展",
      "collection_id": "6a9a3806462e4bbfa78d6477",
      "insert_len": 0,
      "status": "success"
    },
    {
      "url": "https://news.qq.com/rain/a/20260903A08LB600",
      "title": "以生命的名义：如何将生物经济打造成中美建设性战略稳定关系新的“压舱石”",
      "collection_id": "6a9a3808462e4bbfa78d64d6",
      "insert_len": 0,
      "status": "success"
    },
    {
      "url": "https://news.qq.com/rain/a/20260903A08LV200",
      "title": "优必选超仿生人形机器人U1荣获亚太医疗创新大奖",
      "collection_id": "6a9a3808462e4bbfa78d6559",
      "insert_len": 0,
      "status": "success"
    },
    {
      "url": "https://news.qq.com/rain/a/20260903A08KM000",
      "title": "日产逍客 e-POWER",
      "collection_id": "6a9a3809462e4bbfa78d6596",
      "insert_len": 0,
      "status": "success"
    },
    {
      "url": "https://news.qq.com/rain/a/20260903A08M6300",
      "title": "世界动力电池大会发布产业发展指数2026",
      "collection_id": "6a9a3809462e4bbfa78d65bb",
      "insert_len": 0,
      "status": "success"
    },
    {
      "url": "https://news.qq.com/rain/a/20260903A08LCR00",
      "title": "全国气象工作研讨会议召开",
      "collection_id": "6a9a380a462e4bbfa78d6600",
      "insert_len": 0,
      "status": "success"
    },
    {
      "url": "https://news.qq.com/rain/a/20260903A08M7000",
      "title": "对话加拿大媒体人：美方炒作“产能过剩”将冲击国际贸易体系",
      "collection_id": "6a9a380a462e4bbfa78d6631",
      "insert_len": 0,
      "status": "success"
    },
    {
      "url": "https://news.qq.com/rain/a/20260903A08MPQ00",
      "title": "",
      "collection_id": null,
      "insert_len": 0,
      "status": "failed",
      "error": "新闻正文为空。"
    },
    {
      "url": "https://news.qq.com/rain/a/20260903A08LAK00",
      "title": "“贵州秋假连着中秋国庆休13天”？假的！",
      "collection_id": "6a9a380a462e4bbfa78d6671",
      "insert_len": 0,
      "status": "success"
    },
    {
      "url": "https://news.qq.com/rain/a/20260903A0842O00",
      "title": "",
      "collection_id": null,
      "insert_len": 0,
      "status": "failed",
      "error": "EOF occurred in violation of protocol (_ssl.c:1006)"
    },
    {
      "url": "https://news.qq.com/rain/a/20260903A08LKK00",
      "title": "二手房过户最快一天办结当场领证",
      "collection_id": "6a9a380d462e4bbfa78d66ab",
      "insert_len": 0,
      "status": "success"
    },
    {
      "url": "https://news.qq.com/rain/a/20260903A08LSJ00",
      "title": "",
      "collection_id": null,
      "insert_len": 0,
      "status": "failed",
      "error": "EOF occurred in violation of protocol (_ssl.c:1006)"
    },
    {
      "url": "https://news.qq.com/rain/a/20260903A08MCD00",
      "title": "",
      "collection_id": null,
      "insert_len": 0,
      "status": "failed",
      "error": "EOF occurred in violation of protocol (_ssl.c:1006)"
    },
    {
      "url": "https://news.qq.com/rain/a/20260903A08MNE00",
      "title": "中建玖合未来方洲8月网签2.18亿元，周磊拿下黄埔销冠",
      "collection_id": "6a9a3813462e4bbfa78d66ea",
      "insert_len": 0,
      "status": "success"
    },
    {
      "url": "https://news.qq.com/rain/a/20260903A08LTJ00",
      "title": "东方铁塔：子公司拟收购的昆明帝银取得磷矿采矿许可证",
      "collection_id": "6a9a3813462e4bbfa78d6721",
      "insert_len": 0,
      "status": "success"
    },
    {
      "url": "https://news.qq.com/rain/a/20260903A085AR00",
      "title": "",
      "collection_id": null,
      "insert_len": 0,
      "status": "failed",
      "error": "EOF occurred in violation of protocol (_ssl.c:1006)"
    },
    {
      "url": "https://news.qq.com/rain/a/20260903A08LM900",
      "title": "",
      "collection_id": null,
      "insert_len": 0,
      "status": "failed",
      "error": "EOF occurred in violation of protocol (_ssl.c:1006)"
    },
    {
      "url": "https://news.qq.com/rain/a/20260903A08M8K00",
      "title": "开学季的“警”色",
      "collection_id": "6a9a3819462e4bbfa78d675a",
      "insert_len": 0,
      "status": "success"
    },
    {
      "url": "https://news.qq.com/rain/a/20260903A08N5J00",
      "title": "聚焦北大荒 | 八五九农场多部门联合开展消防应急演练",
      "collection_id": "6a9a3819462e4bbfa78d679e",
      "insert_len": 0,
      "status": "success"
    },
    {
      "url": "https://news.qq.com/rain/a/20260903A08N5H00",
      "title": "四大AI预测格雷米奥vs巴西国际：两家预测主胜，两家推荐平局",
      "collection_id": "6a9a381a462e4bbfa78d67d5",
      "insert_len": 0,
      "status": "success"
    },
    {
      "url": "https://news.qq.com/rain/a/20260903A08MDJ00",
      "title": "泰国副内政部长瓦拉西：地方公务员考试舞弊将追责到底，11月内为合格者调岗",
      "collection_id": "6a9a381a462e4bbfa78d6809",
      "insert_len": 0,
      "status": "success"
    },
    {
      "url": "https://news.qq.com/rain/a/20260903A08LQF00",
      "title": "长春市购彩者中奖了！",
      "collection_id": "6a9a381b462e4bbfa78d6868",
      "insert_len": 0,
      "status": "success"
    },
    {
      "url": "https://news.qq.com/rain/a/20260903A08MTZ00",
      "title": "了不起的三苏文化丨初到杭州任职的苏轼遇上学识广博、胸襟豁达的知州沈立，二人将会书写一段怎样的故事？",
      "collection_id": "6a9a381b462e4bbfa78d68a0",
      "insert_len": 0,
      "status": "success"
    },
    {
      "url": "https://news.qq.com/rain/a/20260903A08M7J00",
      "title": "“泉城夜练”打卡正酣，滑板少年夜战“主场”",
      "collection_id": "6a9a381c462e4bbfa78d68d7",
      "insert_len": 0,
      "status": "success"
    },
    {
      "url": "https://news.qq.com/rain/a/20260903A08M5000",
      "title": "京派四合院+徽派马头墙！园博园里来了高端疗愈酒店",
      "collection_id": "6a9a381d462e4bbfa78d6946",
      "insert_len": 0,
      "status": "success"
    },
    {
      "url": "https://news.qq.com/rain/a/20260903A08MW900",
      "title": "锦龙股份：筹划转让东莞证券20%股份 签交易备忘录",
      "collection_id": "6a9a381d462e4bbfa78d690f",
      "insert_len": 0,
      "status": "success"
    },
    {
      "url": "https://news.qq.com/rain/a/20260903A08C4700",
      "title": "",
      "collection_id": null,
      "insert_len": 0,
      "status": "failed",
      "error": "EOF occurred in violation of protocol (_ssl.c:1006)"
    },
    {
      "url": "https://news.qq.com/rain/a/20260903A08N2D00",
      "title": "",
      "collection_id": null,
      "insert_len": 0,
      "status": "failed",
      "error": "新闻内容过短。"
    },
    {
      "url": "https://news.qq.com/rain/a/20260903A08MGF00",
      "title": "江西发布地质灾害气象风险预警 吉安市西南局部等地风险高",
      "collection_id": "6a9a381e462e4bbfa78d697e",
      "insert_len": 0,
      "status": "success"
    },
    {
      "url": "https://news.qq.com/rain/a/20260903A08N3000",
      "title": "",
      "collection_id": null,
      "insert_len": 0,
      "status": "failed",
      "error": "新闻内容过短。"
    },
    {
      "url": "https://news.qq.com/rain/a/20260903A08MVJ00",
      "title": "佰维存储：完成注册资本变更及工商变更登记",
      "collection_id": "6a9a381f462e4bbfa78d69b7",
      "insert_len": 0,
      "status": "success"
    },
    {
      "url": "https://news.qq.com/rain/a/20260903A08LDR00",
      "title": "日韩股指午后一度跳水，青瓦台紧急回应，怎么了？",
      "collection_id": "6a9a381f462e4bbfa78d69ee",
      "insert_len": 0,
      "status": "success"
    },
    {
      "url": "https://news.qq.com/rain/a/20260903A085DZ00",
      "title": "与葛兰素史克就癌症药物达成许可协议 和黄医药放量拉升大涨超16%",
      "collection_id": "6a9a3820462e4bbfa78d6a28",
      "insert_len": 0,
      "status": "success"
    },
    {
      "url": "https://news.qq.com/rain/a/20260903A08MN200",
      "title": "预算1800万，上海内环改善置业“优等生”榜单揭晓：誉静安凭什么突围？",
      "collection_id": "6a9a3821462e4bbfa78d6a61",
      "insert_len": 0,
      "status": "success"
    },
    {
      "url": "https://news.qq.com/rain/a/20260903A08MX700",
      "title": "澜起科技：MRDIMM今年处于第二子代产品规模试用阶段",
      "collection_id": "6a9a3822462e4bbfa78d6ab3",
      "insert_len": 0,
      "status": "success"
    },
    {
      "url": "https://news.qq.com/rain/a/20260903A08M3D00",
      "title": "中考历史不计入总分，历史教学有更高要求 | 九派时评",
      "collection_id": "6a9a3822462e4bbfa78d6aeb",
      "insert_len": 0,
      "status": "success"
    },
    {
      "url": "https://news.qq.com/rain/a/20260903A08MWG00",
      "title": "",
      "collection_id": null,
      "insert_len": 0,
      "status": "failed",
      "error": "EOF occurred in violation of protocol (_ssl.c:1006)"
    },
    {
      "url": "https://news.qq.com/rain/a/20260903A08LHK00",
      "title": "",
      "collection_id": null,
      "insert_len": 0,
      "status": "failed",
      "error": "EOF occurred in violation of protocol (_ssl.c:1006)"
    },
    {
      "url": "https://news.qq.com/rain/a/20260903A08M6Q00",
      "title": "足球报：昨夜赛后铜梁龙几乎没人说话，全员低头进更衣室",
      "collection_id": "6a9a3828462e4bbfa78d6b2b",
      "insert_len": 0,
      "status": "success"
    },
    {
      "url": "https://news.qq.com/rain/a/20260903A08NFX00",
      "title": "",
      "collection_id": null,
      "insert_len": 0,
      "status": "failed",
      "error": "EOF occurred in violation of protocol (_ssl.c:1006)"
    },
    {
      "url": "https://news.qq.com/rain/a/20260903A086F900",
      "title": "中雨、大雨！陕西新一轮降雨要来了！关好门窗！西安昼夜温差超10℃！",
      "collection_id": "6a9a3828462e4bbfa78d6b62",
      "insert_len": 0,
      "status": "success"
    },
    {
      "url": "https://news.qq.com/rain/a/20260903A08MRG00",
      "title": "乐平全域星推官成团出道，作品集亮相",
      "collection_id": "6a9a3829462e4bbfa78d6b9a",
      "insert_len": 0,
      "status": "success"
    },
    {
      "url": "https://news.qq.com/rain/a/20260903A08N6200",
      "title": "商务部：敦促法方立即停止“反超快时尚”法实施",
      "collection_id": "6a9a382a462e4bbfa78d6bd1",
      "insert_len": 0,
      "status": "success"
    },
    {
      "url": "https://news.qq.com/rain/a/20260903A08MVG00",
      "title": "",
      "collection_id": null,
      "insert_len": 0,
      "status": "failed",
      "error": "EOF occurred in violation of protocol (_ssl.c:1006)"
    },
    {
      "url": "https://news.qq.com/rain/a/20260903A08MKG00",
      "title": "医保有了“法律保镖”：2027年起，看病的事有法可依了",
      "collection_id": "6a9a382d462e4bbfa78d6c0f",
      "insert_len": 0,
      "status": "success"
    },
    {
      "url": "https://news.qq.com/rain/a/20260903A08N0C00",
      "title": "",
      "collection_id": null,
      "insert_len": 0,
      "status": "failed",
      "error": "EOF occurred in violation of protocol (_ssl.c:1006)"
    },
    {
      "url": "https://news.qq.com/rain/a/20260903A08N5N00",
      "title": "",
      "collection_id": null,
      "insert_len": 0,
      "status": "failed",
      "error": "EOF occurred in violation of protocol (_ssl.c:1006)"
    },
    {
      "url": "https://news.qq.com/rain/a/20260903A08MW600",
      "title": "东尼电子：2026年半年度计提资产减值准备1.34亿元",
      "collection_id": "6a9a3833462e4bbfa78d6c56",
      "insert_len": 0,
      "status": "success"
    },
    {
      "url": "https://news.qq.com/rain/a/20260903A08M2N00",
      "title": "ETF收评 | 旅游零售Ⅱ走强， 巴西ETF易方达（520870）上涨4.77%，中韩半导体ETF华泰柏瑞（513310）成交额居首",
      "collection_id": "6a9a3834462e4bbfa78d6c8d",
      "insert_len": 0,
      "status": "success"
    },
    {
      "url": "https://news.qq.com/rain/a/20260903A08MO600",
      "title": "杭州滨江区浦沿板块600万新房推荐2026：在售新盘户型、价格与地铁配套全面盘点",
      "collection_id": "6a9a3834462e4bbfa78d6cc4",
      "insert_len": 0,
      "status": "success"
    },
    {
      "url": "https://news.qq.com/rain/a/20260903A08M5E00",
      "title": "队报：埃梅里团队称他深爱巴黎没考虑走；但出场时间是问题",
      "collection_id": "6a9a3834462e4bbfa78d6cf8",
      "insert_len": 0,
      "status": "success"
    },
    {
      "url": "https://news.qq.com/rain/a/20260903A08N5500",
      "title": "",
      "collection_id": null,
      "insert_len": 0,
      "status": "failed",
      "error": "新闻内容过短。"
    },
    {
      "url": "https://news.qq.com/rain/a/20260903A08N5400",
      "title": "",
      "collection_id": null,
      "insert_len": 0,
      "status": "failed",
      "error": "EOF occurred in violation of protocol (_ssl.c:1006)"
    },
    {
      "url": "https://news.qq.com/rain/a/20260903A08M8J00",
      "title": "四川首个Token工厂在雅安投产",
      "collection_id": "6a9a3836462e4bbfa78d6d40",
      "insert_len": 0,
      "status": "success"
    },
    {
      "url": "https://news.qq.com/rain/a/20260903A08NMW00",
      "title": "",
      "collection_id": null,
      "insert_len": 0,
      "status": "failed",
      "error": "EOF occurred in violation of protocol (_ssl.c:1006)"
    },
    {
      "url": "https://news.qq.com/rain/a/20260903A08NJS00",
      "title": "大学声丨开学第一天，不该从没有教室开始",
      "collection_id": "6a9a383a462e4bbfa78d6d88",
      "insert_len": 0,
      "status": "success"
    },
    {
      "url": "https://news.qq.com/rain/a/20260903A08N5600",
      "title": "迪马尔科谈巴萨：能够与这些豪门联系在一起总是令人高兴",
      "collection_id": "6a9a383c462e4bbfa78d6dc1",
      "insert_len": 0,
      "status": "success"
    },
    {
      "url": "https://news.qq.com/rain/a/20260903A08N2B00",
      "title": "",
      "collection_id": null,
      "insert_len": 0,
      "status": "failed",
      "error": "新闻内容过短。"
    },
    {
      "url": "https://news.qq.com/rain/a/20260903A08MX300",
      "title": "东方铁塔：拟收购昆明帝银72%股权，目标公司取得采矿证",
      "collection_id": "6a9a383c462e4bbfa78d6df8",
      "insert_len": 0,
      "status": "success"
    },
    {
      "url": "https://news.qq.com/rain/a/20260903A08N5B00",
      "title": "电讯报：拉锯战拿下恩佐+薅热刺羊毛，曼城对夏窗颇为满意",
      "collection_id": "6a9a383d462e4bbfa78d6e28",
      "insert_len": 0,
      "status": "success"
    },
    {
      "url": "https://news.qq.com/rain/a/20260903A08MWC00",
      "title": "利好政策加持 上市房企转型提速",
      "collection_id": "6a9a383d462e4bbfa78d6e74",
      "insert_len": 0,
      "status": "success"
    },
    {
      "url": "https://news.qq.com/rain/a/20260903A087UU00",
      "title": "“8·28”新政颠覆预售：没了高周转，一线房企能否玩转杠杆？",
      "collection_id": "6a9a383d462e4bbfa78d6ea8",
      "insert_len": 0,
      "status": "success"
    },
    {
      "url": "https://news.qq.com/rain/a/20260903A08N4Z00",
      "title": "水晶宫新援奥索里奥：英超是我从小的梦想，我迫不及待想上场",
      "collection_id": "6a9a383e462e4bbfa78d6f42",
      "insert_len": 0,
      "status": "success"
    },
    {
      "url": "https://news.qq.com/rain/a/20260903A08MOM00",
      "title": "上海320-850万新房如何选？本土口碑房企与改善楼盘推荐指南",
      "collection_id": "6a9a383e462e4bbfa78d6efd",
      "insert_len": 0,
      "status": "success"
    },
    {
      "url": "https://news.qq.com/rain/a/20260903A085IW00",
      "title": "贵州退休老人留意：2026养老金调整通知9月2日落地？实情要搞清楚",
      "collection_id": "6a9a383f462e4bbfa78d6f72",
      "insert_len": 0,
      "status": "success"
    },
    {
      "url": "https://news.qq.com/rain/a/20260903A08NKH00",
      "title": "北京 二手房单周成交量等指标“回暖”",
      "collection_id": "6a9a3840462e4bbfa78d6ffa",
      "insert_len": 0,
      "status": "success"
    },
    {
      "url": "https://news.qq.com/rain/a/20260903A08NBE00",
      "title": "文章与女友一起看话剧，穿搭休闲又时尚，网友：有点像姚笛",
      "collection_id": "6a9a383f462e4bbfa78d6fca",
      "insert_len": 0,
      "status": "success"
    },
    {
      "url": "https://news.qq.com/rain/a/20260903A08NX400",
      "title": "宁德时代曾毓群：行业比速度、参数、价格，但以牺牲产品质量和消费者信任为代价",
      "collection_id": "6a9a3840462e4bbfa78d703b",
      "insert_len": 0,
      "status": "success"
    },
    {
      "url": "https://news.qq.com/rain/a/20260903A08NTY00",
      "title": "文成这些公交线路恢复运营！",
      "collection_id": "6a9a3840462e4bbfa78d7072",
      "insert_len": 0,
      "status": "success"
    },
    {
      "url": "https://news.qq.com/rain/a/20260903A08LMQ00",
      "title": "深圳小学“可躺平”课桌椅火了：三秒切换，全网刷屏",
      "collection_id": "6a9a3841462e4bbfa78d70aa",
      "insert_len": 0,
      "status": "success"
    },
    {
      "url": "https://news.qq.com/rain/a/20260903A08KWO00",
      "title": "",
      "collection_id": null,
      "insert_len": 0,
      "status": "failed",
      "error": "EOF occurred in violation of protocol (_ssl.c:1006)"
    },
    {
      "url": "https://news.qq.com/rain/a/20260903A08KSO00",
      "title": "楼市旧时代落幕：828新政如何彻底重构中国房地产底层逻辑？",
      "collection_id": "6a9a3842462e4bbfa78d70e6",
      "insert_len": 0,
      "status": "success"
    },
    {
      "url": "https://news.qq.com/rain/a/20260903A08NQ000",
      "title": "三大中国猛将杀入UFC精英之路，两人晋级！",
      "collection_id": "6a9a3843462e4bbfa78d712a",
      "insert_len": 0,
      "status": "success"
    },
    {
      "url": "https://news.qq.com/rain/a/20260903A08LLP00",
      "title": "我当仲裁员｜试用期莫名被辞退！公司临时出的考核表，算数吗？",
      "collection_id": "6a9a3845462e4bbfa78d7168",
      "insert_len": 0,
      "status": "success"
    },
    {
      "url": "https://news.qq.com/rain/a/20260903A08NNW00",
      "title": "诺如病毒进入活跃期 疾控局专家支招如何防范",
      "collection_id": "6a9a3846462e4bbfa78d71a1",
      "insert_len": 0,
      "status": "success"
    },
    {
      "url": "https://news.qq.com/rain/a/20260903A08O1000",
      "title": "",
      "collection_id": null,
      "insert_len": 0,
      "status": "failed",
      "error": "EOF occurred in violation of protocol (_ssl.c:1006)"
    },
    {
      "url": "https://news.qq.com/rain/a/20260903A08N8T00",
      "title": "湖南省应急委员会办公室发布紧急通知",
      "collection_id": "6a9a3847462e4bbfa78d71d9",
      "insert_len": 0,
      "status": "success"
    },
    {
      "url": "https://news.qq.com/rain/a/20260903A08MRO00",
      "title": "大咖驾到！杜锋苏炳添或将亲临粤超八强赛，见证佛山梅州对决",
      "collection_id": "6a9a3848462e4bbfa78d7213",
      "insert_len": 0,
      "status": "success"
    },
    {
      "url": "https://news.qq.com/rain/a/20260903A08N6N00",
      "title": "",
      "collection_id": null,
      "insert_len": 0,
      "status": "failed",
      "error": "新闻内容过短。"
    },
    {
      "url": "https://news.qq.com/rain/a/20260903A08N0B00",
      "title": "加练！不停训！响堂堂队备战下一场",
      "collection_id": "6a9a384a462e4bbfa78d724b",
      "insert_len": 0,
      "status": "success"
    },
    {
      "url": "https://news.qq.com/rain/a/20260903A08NJW00",
      "title": "保定市卫生健康委员会通报“家长班级群自报干部身份”：已成立专项工作组，经初步核实，网传情况属实，将依规依纪严肃处理",
      "collection_id": "6a9a384b462e4bbfa78d7285",
      "insert_len": 0,
      "status": "success"
    },
    {
      "url": "https://news.qq.com/rain/a/20260903A08MHF00",
      "title": "",
      "collection_id": null,
      "insert_len": 0,
      "status": "failed",
      "error": "EOF occurred in violation of protocol (_ssl.c:1006)"
    },
    {
      "url": "https://news.qq.com/rain/a/20260903A08N6S00",
      "title": "伊朗直接介入以黎战事，要求美国施压以色列勿攻阿里·塔赫尔山脊",
      "collection_id": "6a9a384c462e4bbfa78d72be",
      "insert_len": 0,
      "status": "success"
    },
    {
      "url": "https://news.qq.com/rain/a/20260903A08NYY00",
      "title": "金徽股份：控股股东质押940万股 累计质押近八成持股",
      "collection_id": "6a9a384d462e4bbfa78d7302",
      "insert_len": 0,
      "status": "success"
    },
    {
      "url": "https://news.qq.com/rain/a/20260903A08NXC00",
      "title": "北京前8月二手房成交超12万套，同比增长约6%",
      "collection_id": "6a9a384d462e4bbfa78d733a",
      "insert_len": 0,
      "status": "success"
    },
    {
      "url": "https://news.qq.com/rain/a/20260903A08MVR00",
      "title": "博士眼镜：博士转债转股价格调整为21.38元/股",
      "collection_id": "6a9a384e462e4bbfa78d7371",
      "insert_len": 0,
      "status": "success"
    },
    {
      "url": "https://news.qq.com/rain/a/20260903A08N4J00",
      "title": "巴蒂斯图塔：紫百合是我第二个家；我和马斯坦托诺一起吃了午饭",
      "collection_id": "6a9a384f462e4bbfa78d73a8",
      "insert_len": 0,
      "status": "success"
    },
    {
      "url": "https://news.qq.com/rain/a/20260903A0864F00",
      "title": "从“硬科技”到“硬科技文明”——米磊与他十六年的科技长征",
      "collection_id": "6a9a384f462e4bbfa78d73df",
      "insert_len": 0,
      "status": "success"
    },
    {
      "url": "https://news.qq.com/rain/a/20260903A08N2Y00",
      "title": "墨菲称没有球员愿意在中国连打三站比赛，赵心童回应：我喜欢在中国比赛",
      "collection_id": "6a9a3850462e4bbfa78d7454",
      "insert_len": 0,
      "status": "success"
    },
    {
      "url": "https://news.qq.com/rain/a/20260903A08N2900",
      "title": "",
      "collection_id": null,
      "insert_len": 0,
      "status": "failed",
      "error": "EOF occurred in violation of protocol (_ssl.c:1006)"
    },
    {
      "url": "https://news.qq.com/rain/a/20260903A08NMM00",
      "title": "钓友们看过来！第十五届中国升钟湖国际钓鱼大赛9月21日启幕",
      "collection_id": "6a9a3850462e4bbfa78d748d",
      "insert_len": 0,
      "status": "success"
    },
    {
      "url": "https://news.qq.com/rain/a/20260903A08NMT00",
      "title": "南漳县市场监管局城关监管所护航开学季",
      "collection_id": "6a9a3852462e4bbfa78d74c7",
      "insert_len": 0,
      "status": "success"
    },
    {
      "url": "https://news.qq.com/rain/a/20260903A08M3T00",
      "title": "绍兴市一栋双拼大别墅降价84万第二次拍卖，被人底价339万竞得",
      "collection_id": "6a9a3852462e4bbfa78d7500",
      "insert_len": 0,
      "status": "success"
    },
    {
      "url": "https://news.qq.com/rain/a/20260903A08O1J00",
      "title": "花园生物：维生素D3原料药取得欧盟出口资质",
      "collection_id": "6a9a3853462e4bbfa78d7547",
      "insert_len": 0,
      "status": "success"
    },
    {
      "url": "https://news.qq.com/rain/a/20260903A08MV700",
      "title": "实录 | 国家消防救援局举行例行新闻发布会",
      "collection_id": "6a9a3853462e4bbfa78d7587",
      "insert_len": 0,
      "status": "success"
    },
    {
      "url": "https://news.qq.com/rain/a/20260903A08NY100",
      "title": "日本央行又出手了？日元对美元连涨两日冲至156一线",
      "collection_id": "6a9a3854462e4bbfa78d7614",
      "insert_len": 0,
      "status": "success"
    },
    {
      "url": "https://news.qq.com/rain/a/20260903A08NX000",
      "title": "视频生成算力新选择：SmarCo GC3如何绕过“存储墙”这道硬门槛",
      "collection_id": "6a9a3854462e4bbfa78d7659",
      "insert_len": 0,
      "status": "success"
    },
    {
      "url": "https://news.qq.com/rain/a/20260903A08NST00",
      "title": "从遗址保护到活态传承 景德镇在开放包容中续写瓷业新篇",
      "collection_id": "6a9a3855462e4bbfa78d769d",
      "insert_len": 0,
      "status": "success"
    },
    {
      "url": "https://news.qq.com/rain/a/20260903A08NWC00",
      "title": "评论丨陈善君：心理阴影的“童话”疗法",
      "collection_id": "6a9a3855462e4bbfa78d76d6",
      "insert_len": 0,
      "status": "success"
    },
    {
      "url": "https://news.qq.com/rain/a/20260903A08NIN00",
      "title": "青海省市场监督管理局关于餐饮服务项目选址禁止性要求的温馨提示",
      "collection_id": "6a9a3856462e4bbfa78d7784",
      "insert_len": 0,
      "status": "success"
    },
    {
      "url": "https://news.qq.com/rain/a/20260903A08NKU00",
      "title": "济南市历下区园林绿化服务中心党组书记、主任俞巍接受纪律审查和监察调查",
      "collection_id": "6a9a3855462e4bbfa78d771c",
      "insert_len": 0,
      "status": "success"
    },
    {
      "url": "https://news.qq.com/rain/a/20260903A08NN600",
      "title": "启航新学期 鸣山学校多彩活动点亮秋季开学首日",
      "collection_id": "6a9a3856462e4bbfa78d7754",
      "insert_len": 0,
      "status": "success"
    },
    {
      "url": "https://news.qq.com/rain/a/20260903A08NUQ00",
      "title": "开学啦别松懈，防溺水安全知识记心间",
      "collection_id": "6a9a3857462e4bbfa78d77c3",
      "insert_len": 0,
      "status": "success"
    },
    {
      "url": "https://news.qq.com/rain/a/20260903A08O3000",
      "title": "",
      "collection_id": null,
      "insert_len": 0,
      "status": "failed",
      "error": "EOF occurred in violation of protocol (_ssl.c:1006)"
    },
    {
      "url": "https://news.qq.com/rain/a/20260903A08MQL00",
      "title": "健身20年才发现：这6个“真理”，竟然有一半是错的",
      "collection_id": "6a9a3858462e4bbfa78d77fc",
      "insert_len": 0,
      "status": "success"
    },
    {
      "url": "https://news.qq.com/rain/a/20260903A08LZK00",
      "title": "《黎明行者之血》搞欺诈营销？日版和谐严重陷入舆论",
      "collection_id": "6a9a3858462e4bbfa78d7841",
      "insert_len": 0,
      "status": "success"
    },
    {
      "url": "https://news.qq.com/rain/a/20260903A08OAE00",
      "title": "",
      "collection_id": null,
      "insert_len": 0,
      "status": "failed",
      "error": "新闻内容过短。"
    },
    {
      "url": "https://news.qq.com/rain/a/20260903A08NLE00",
      "title": "河声丨云南8校“零近视”：孩子清亮的眼眸，是常识开出的花",
      "collection_id": "6a9a385a462e4bbfa78d787d",
      "insert_len": 0,
      "status": "success"
    },
    {
      "url": "https://news.qq.com/rain/a/20260903A08NW800",
      "title": "湖南省第十三届大学生运动会科学大会在湖南科大举行",
      "collection_id": "6a9a385b462e4bbfa78d78b8",
      "insert_len": 0,
      "status": "success"
    },
    {
      "url": "https://news.qq.com/rain/a/20260903A08NOC00",
      "title": "",
      "collection_id": null,
      "insert_len": 0,
      "status": "failed",
      "error": "EOF occurred in violation of protocol (_ssl.c:1006)"
    },
    {
      "url": "https://news.qq.com/rain/a/20260903A08NOM00",
      "title": "奉浦地区最大的超市开业！市民：购物停车免费吗？",
      "collection_id": "6a9a385c462e4bbfa78d78f2",
      "insert_len": 0,
      "status": "success"
    },
    {
      "url": "https://news.qq.com/rain/a/20260903A08NOR00",
      "title": "俞林伟任奉贤区人民政府代理区长",
      "collection_id": "6a9a385c462e4bbfa78d792a",
      "insert_len": 0,
      "status": "success"
    },
    {
      "url": "https://news.qq.com/rain/a/20260903A08NXD00",
      "title": "第6届成都环博会9月16日启幕",
      "collection_id": "6a9a385d462e4bbfa78d7961",
      "insert_len": 0,
      "status": "success"
    },
    {
      "url": "https://news.qq.com/rain/a/20260903A08MOA00",
      "title": "特色好物组团亮相 黑河“定制风”吹进全省定制农业现场会",
      "collection_id": "6a9a385e462e4bbfa78d799b",
      "insert_len": 0,
      "status": "success"
    },
    {
      "url": "https://news.qq.com/rain/a/20260903A08O0600",
      "title": "贝达药业：盐酸恩沙替尼胶囊获药品注册证书",
      "collection_id": "6a9a385f462e4bbfa78d79d5",
      "insert_len": 0,
      "status": "success"
    },
    {
      "url": "https://news.qq.com/rain/a/20260903A08O1D00",
      "title": "翼起行・基层行启幕 文化盛宴送到残友家门口",
      "collection_id": "6a9a3860462e4bbfa78d7a0d",
      "insert_len": 0,
      "status": "success"
    },
    {
      "url": "https://news.qq.com/rain/a/20260903A08OJ700",
      "title": "35个“一人公司”创业项目晋级昌平OPC特色专题赛复赛",
      "collection_id": "6a9a3861462e4bbfa78d7a46",
      "insert_len": 0,
      "status": "success"
    },
    {
      "url": "https://news.qq.com/rain/a/20260903A08GNK00",
      "title": "精彩回看|《山海答卷》主题文艺展演",
      "collection_id": "6a9a3862462e4bbfa78d7ab7",
      "insert_len": 0,
      "status": "success"
    },
    {
      "url": "https://news.qq.com/rain/a/20260903A08OF500",
      "title": "8月广州二手住宅网签面积同比增长1.32%",
      "collection_id": "6a9a3861462e4bbfa78d7a7f",
      "insert_len": 0,
      "status": "success"
    },
    {
      "url": "https://news.qq.com/rain/a/20260903A08OEM00",
      "title": "信用卡“退潮”，上半年减少近2000万张",
      "collection_id": "6a9a3862462e4bbfa78d7ae7",
      "insert_len": 0,
      "status": "success"
    },
    {
      "url": "https://news.qq.com/rain/a/20260903A08NZH00",
      "title": "云南玉溪华宁县南盘江水域一村民自用小船侧翻，造成5人死亡，云南省安委会挂牌督办",
      "collection_id": "6a9a3862462e4bbfa78d7b28",
      "insert_len": 0,
      "status": "success"
    },
    {
      "url": "https://news.qq.com/rain/a/20260903A08OST00",
      "title": "北京国资公司商业不动产REIT在深交所上市",
      "collection_id": "6a9a3863462e4bbfa78d7b5f",
      "insert_len": 0,
      "status": "success"
    },
    {
      "url": "https://news.qq.com/rain/a/20260903A08NUH00",
      "title": "合村并镇2026：乡村振兴的必经之路，还是农民的“最后一栋楼”？",
      "collection_id": "6a9a3863462e4bbfa78d7b96",
      "insert_len": 0,
      "status": "success"
    },
    {
      "url": "https://news.qq.com/rain/a/20260903A08O6O00",
      "title": "“丈夫与第三者做试管婴儿”案最新进展：控告重婚罪未获警方立案及法院受理，妻子已提出上诉",
      "collection_id": "6a9a3863462e4bbfa78d7bdb",
      "insert_len": 0,
      "status": "success"
    },
    {
      "url": "https://news.qq.com/rain/a/20260903A08O2000",
      "title": "GoPro盘前涨超13%",
      "collection_id": "6a9a3864462e4bbfa78d7c14",
      "insert_len": 0,
      "status": "success"
    },
    {
      "url": "https://news.qq.com/rain/a/20260903A08OMI00",
      "title": "",
      "collection_id": null,
      "insert_len": 0,
      "status": "failed",
      "error": "EOF occurred in violation of protocol (_ssl.c:1006)"
    },
    {
      "url": "https://news.qq.com/rain/a/20260903A08NZF00",
      "title": "商业秘密维权案新进展：赛托生物前车间主任齐某某被检察机关批准逮捕",
      "collection_id": "6a9a3865462e4bbfa78d7c4b",
      "insert_len": 0,
      "status": "success"
    },
    {
      "url": "https://news.qq.com/rain/a/20260903A08O1O00",
      "title": "锦龙股份：筹划转让东莞证券20%股份达成初步意向",
      "collection_id": "6a9a3865462e4bbfa78d7c82",
      "insert_len": 0,
      "status": "success"
    },
    {
      "url": "https://news.qq.com/rain/a/20260903A08OQY00",
      "title": "泰国四大商业巨头：AI、资本、能源是经济突围关键",
      "collection_id": "6a9a3866462e4bbfa78d7cba",
      "insert_len": 0,
      "status": "success"
    },
    {
      "url": "https://news.qq.com/rain/a/20260903A08O3L00",
      "title": "",
      "collection_id": null,
      "insert_len": 0,
      "status": "failed",
      "error": "新闻内容过短。"
    },
    {
      "url": "https://news.qq.com/rain/a/20260903A08NJ800",
      "title": "烽烟戍边 回望芒市滇西抗战烽火",
      "collection_id": "6a9a3867462e4bbfa78d7cf6",
      "insert_len": 0,
      "status": "success"
    },
    {
      "url": "https://news.qq.com/rain/a/20260903A08O1M00",
      "title": "成交额不足1.8万亿元！午后三大指数先跳水再翻红，发生了什么？",
      "collection_id": "6a9a3868462e4bbfa78d7d43",
      "insert_len": 0,
      "status": "success"
    },
    {
      "url": "https://news.qq.com/rain/a/20260903A08OVB00",
      "title": "",
      "collection_id": null,
      "insert_len": 0,
      "status": "failed",
      "error": "EOF occurred in violation of protocol (_ssl.c:1006)"
    },
    {
      "url": "https://news.qq.com/rain/a/20260903A08NMX00",
      "title": "满分！国赛一等奖",
      "collection_id": "6a9a3869462e4bbfa78d7d87",
      "insert_len": 0,
      "status": "success"
    },
    {
      "url": "https://news.qq.com/rain/a/20260903A08OIH00",
      "title": "",
      "collection_id": null,
      "insert_len": 0,
      "status": "failed",
      "error": "新闻内容过短。"
    },
    {
      "url": "https://news.qq.com/rain/a/20260903A08OQV00",
      "title": "首都民营经济创新发展大会举办",
      "collection_id": "6a9a386b462e4bbfa78d7dce",
      "insert_len": 0,
      "status": "success"
    },
    {
      "url": "https://news.qq.com/rain/a/20260903A08MC200",
      "title": "",
      "collection_id": null,
      "insert_len": 0,
      "status": "failed",
      "error": "EOF occurred in violation of protocol (_ssl.c:1006)"
    },
    {
      "url": "https://news.qq.com/rain/a/20260903A08O2F00",
      "title": "电影《杀死比尔：血色全传》点映及预售总票房破1000万元",
      "collection_id": "6a9a386e462e4bbfa78d7e07",
      "insert_len": 0,
      "status": "success"
    },
    {
      "url": "https://news.qq.com/rain/a/20260903A08O9J00",
      "title": "房地产信托新规落地 信托公司项目能力成必答题",
      "collection_id": "6a9a386f462e4bbfa78d7e3f",
      "insert_len": 0,
      "status": "success"
    },
    {
      "url": "https://news.qq.com/rain/a/20260903A08OEX00",
      "title": "赛托生物：商业秘密维权案犯罪嫌疑人已被批捕",
      "collection_id": "6a9a3870462e4bbfa78d7e9a",
      "insert_len": 0,
      "status": "success"
    },
    {
      "url": "https://news.qq.com/rain/a/20260903A08NUK00",
      "title": "画说黔乡·笔绘新农｜第五届农民画大赛巡展（大方站）即将启幕",
      "collection_id": "6a9a3871462e4bbfa78d7ed2",
      "insert_len": 0,
      "status": "success"
    },
    {
      "url": "https://news.qq.com/rain/a/20260903A08OLQ00",
      "title": "卡拉格：阿森纳左边路一直是短板，巴尔科拉没准是正确人选",
      "collection_id": "6a9a3871462e4bbfa78d7f02",
      "insert_len": 0,
      "status": "success"
    },
    {
      "url": "https://news.qq.com/rain/a/20260903A08OKR00",
      "title": "美股异动丨Snowflake盘前飙升超23%，上季业绩全面超预期，上调全年指引",
      "collection_id": "6a9a3871462e4bbfa78d7f41",
      "insert_len": 0,
      "status": "success"
    },
    {
      "url": "https://news.qq.com/rain/a/20260903A087B000",
      "title": "31行业半年报体检：谁在探底？谁在筑顶？谁的下行刚开始？行业红黑榜！",
      "collection_id": "6a9a3872462e4bbfa78d7f78",
      "insert_len": 0,
      "status": "success"
    },
    {
      "url": "https://news.qq.com/rain/a/20260903A08NRH00",
      "title": "小鹏加码投资天河 1.236亿元拿下广棠科创城地块",
      "collection_id": "6a9a3873462e4bbfa78d8005",
      "insert_len": 0,
      "status": "success"
    },
    {
      "url": "https://news.qq.com/rain/a/20260903A08O7G00",
      "title": "沈洪兵赴中国疾控中心讲授开学第一课",
      "collection_id": "6a9a3873462e4bbfa78d7fd5",
      "insert_len": 0,
      "status": "success"
    },
    {
      "url": "https://news.qq.com/rain/a/20260903A08OGF00",
      "title": "畜牧养殖与肉制品、乳制品的权重落差：养殖ETF万家(159023)如何实现“弹性+缓冲”的平衡",
      "collection_id": "6a9a3874462e4bbfa78d8044",
      "insert_len": 0,
      "status": "success"
    },
    {
      "url": "https://news.qq.com/rain/a/20260903A08OV300",
      "title": "3300万粉丝网红博雅偷税被罚347.7万元，公司接连改名，昨日仍在直播",
      "collection_id": "6a9a3874462e4bbfa78d8078",
      "insert_len": 0,
      "status": "success"
    },
    {
      "url": "https://news.qq.com/rain/a/20260903A08NTW00",
      "title": "",
      "collection_id": null,
      "insert_len": 0,
      "status": "failed",
      "error": "EOF occurred in violation of protocol (_ssl.c:1006)"
    },
    {
      "url": "https://news.qq.com/rain/a/20260903A08O0N00",
      "title": "家长群自报干部身份求关照 当地通报：网传情况属实 严肃处理",
      "collection_id": "6a9a3875462e4bbfa78d80cc",
      "insert_len": 0,
      "status": "success"
    },
    {
      "url": "https://news.qq.com/rain/a/20260903A08O0500",
      "title": "财中ETF风向标｜游戏出海高景气叠加半年报业绩兑现，游戏ETF华夏(159869)涨1.20%",
      "collection_id": "6a9a3875462e4bbfa78d8104",
      "insert_len": 0,
      "status": "success"
    },
    {
      "url": "https://news.qq.com/rain/a/20260903A08MW500",
      "title": "",
      "collection_id": null,
      "insert_len": 0,
      "status": "failed",
      "error": "EOF occurred in violation of protocol (_ssl.c:1006)"
    },
    {
      "url": "https://news.qq.com/rain/a/20260903A08PDF00",
      "title": "辨别真假进口营养品：工厂可查，才敢真选",
      "collection_id": "6a9a387a462e4bbfa78d8144",
      "insert_len": 0,
      "status": "success"
    },
    {
      "url": "https://news.qq.com/rain/a/20260903A08NTO00",
      "title": "这是暴雨后的文成！",
      "collection_id": "6a9a387a462e4bbfa78d818a",
      "insert_len": 0,
      "status": "success"
    },
    {
      "url": "https://news.qq.com/rain/a/20260903A08N9C00",
      "title": "从“围攻”到深水区，中国品牌如何再战IFA？",
      "collection_id": "6a9a387b462e4bbfa78d81c4",
      "insert_len": 0,
      "status": "success"
    },
    {
      "url": "https://news.qq.com/rain/a/20260903A08OHV00",
      "title": "AI需求推动LTO磁带出货量一季度暴增57%",
      "collection_id": "6a9a387d462e4bbfa78d8264",
      "insert_len": 0,
      "status": "success"
    },
    {
      "url": "https://news.qq.com/rain/a/20260903A08A0V00",
      "title": "103岁刘阿婆当过音乐老师，至今仍是方言老歌乡村传唱人",
      "collection_id": "6a9a387c462e4bbfa78d8214",
      "insert_len": 0,
      "status": "success"
    },
    {
      "url": "https://news.qq.com/rain/a/20260903A08NM000",
      "title": "粮价涨了，农业产业链谁更先受益？",
      "collection_id": "6a9a387d462e4bbfa78d82c0",
      "insert_len": 0,
      "status": "success"
    },
    {
      "url": "https://news.qq.com/rain/a/20260903A08NIP00",
      "title": "佛山“小作坊”走出国产黑马，裘真华南旗舰店落子深圳",
      "collection_id": "6a9a387d462e4bbfa78d829b",
      "insert_len": 0,
      "status": "success"
    },
    {
      "url": "https://news.qq.com/rain/a/20260903A08N2L00",
      "title": "李艳秋爆民进党内部矛盾：蔡英文出山，明示赖清德“你差我太多”",
      "collection_id": "6a9a387e462e4bbfa78d8317",
      "insert_len": 0,
      "status": "success"
    },
    {
      "url": "https://news.qq.com/rain/a/20260903A08OM900",
      "title": "批复！荣潍高速莱阳至潍坊改扩建段将设10处收费站",
      "collection_id": "6a9a387e462e4bbfa78d835f",
      "insert_len": 0,
      "status": "success"
    },
    {
      "url": "https://news.qq.com/rain/a/20260903A08MR800",
      "title": "“老登”台风“沙德尔”或自东向西横扫广东，还有冷空气来降温",
      "collection_id": "6a9a387f462e4bbfa78d839e",
      "insert_len": 0,
      "status": "success"
    },
    {
      "url": "https://news.qq.com/rain/a/20260903A08BPD00",
      "title": "",
      "collection_id": null,
      "insert_len": 0,
      "status": "failed",
      "error": "新闻内容过短。"
    },
    {
      "url": "https://news.qq.com/rain/a/20260903A08PGJ00",
      "title": "马斯克预测：十年后全球人形机器人数量将突破10亿台",
      "collection_id": "6a9a3880462e4bbfa78d83d6",
      "insert_len": 0,
      "status": "success"
    },
    {
      "url": "https://news.qq.com/rain/a/20260903A08OXR00",
      "title": "惠州启动防风Ⅳ级应急响应",
      "collection_id": "6a9a3880462e4bbfa78d8406",
      "insert_len": 0,
      "status": "success"
    },
    {
      "url": "https://news.qq.com/rain/a/20260903A08OII00",
      "title": "为国出征！湛江姑娘陈明伶入选中国女篮，征战2026女篮世界杯",
      "collection_id": "6a9a3880462e4bbfa78d844a",
      "insert_len": 0,
      "status": "success"
    },
    {
      "url": "https://news.qq.com/rain/a/20260903A08P7400",
      "title": "中国人寿财险北京市分公司带您一起关注：养老投资陷阱",
      "collection_id": "6a9a3880462e4bbfa78d846a",
      "insert_len": 0,
      "status": "success"
    },
    {
      "url": "https://news.qq.com/rain/a/20260903A08OE100",
      "title": "幼儿园大班儿童“视力存款”情况如何？北京远视储备筛查正式启动",
      "collection_id": "6a9a3882462e4bbfa78d84b7",
      "insert_len": 0,
      "status": "success"
    },
    {
      "url": "https://news.qq.com/rain/a/20260903A08PD900",
      "title": "“披哥6”堪称此男的最佳“赏花期”，听哥哥们聊完对曹骏的第一印象，我觉得还是刻板了",
      "collection_id": "6a9a3882462e4bbfa78d84ef",
      "insert_len": 0,
      "status": "success"
    },
    {
      "url": "https://news.qq.com/rain/a/20260903A08PS700",
      "title": "中国对尼泊尔第三批援助物资运抵交付　第四批援助专家随机抵达",
      "collection_id": "6a9a3882462e4bbfa78d856f",
      "insert_len": 0,
      "status": "success"
    },
    {
      "url": "https://news.qq.com/rain/a/20260903A08OKK00",
      "title": "“沙德尔”狂洒水，浙江温州累计降雨量超800毫米",
      "collection_id": "6a9a3882462e4bbfa78d853f",
      "insert_len": 0,
      "status": "success"
    },
    {
      "url": "https://news.qq.com/rain/a/20260903A08PFM00",
      "title": "记者称阿布卡尔为钱不愿离队，球员及其经纪人与记者网络对喷",
      "collection_id": "6a9a3883462e4bbfa78d85d2",
      "insert_len": 0,
      "status": "success"
    },
    {
      "url": "https://news.qq.com/rain/a/20260903A089M500",
      "title": "溯源智造基底 探访零跑汽车湖州超级五电工厂",
      "collection_id": "6a9a3883462e4bbfa78d85bc",
      "insert_len": 0,
      "status": "success"
    },
    {
      "url": "https://news.qq.com/rain/a/20260903A07Y8500",
      "title": "山西狂胜广厦！原帅虐菜，王俊杰回暖，魏莨哲连暴，赵嘉仁位置难受",
      "collection_id": "6a9a3884462e4bbfa78d8639",
      "insert_len": 0,
      "status": "success"
    },
    {
      "url": "https://news.qq.com/rain/a/20260903A08OU300",
      "title": "2026珠海升值潜力板块盘点：横琴、高新区、前山、南屏、洪湾房价走势与热门楼盘推荐",
      "collection_id": "6a9a3884462e4bbfa78d8669",
      "insert_len": 0,
      "status": "success"
    },
    {
      "url": "https://news.qq.com/rain/a/20260903A08MTS00",
      "title": "浙江绍兴一90岁老人编兜篮只卖6元无人问津，年轻人“爆改”后卖60元供不应求",
      "collection_id": "6a9a3885462e4bbfa78d86b5",
      "insert_len": 0,
      "status": "success"
    },
    {
      "url": "https://news.qq.com/rain/a/20260903A08OQX00",
      "title": "（走进中国乡村）土地“全年无休” 湖南农户四季增收",
      "collection_id": "6a9a3885462e4bbfa78d86e5",
      "insert_len": 0,
      "status": "success"
    },
    {
      "url": "https://news.qq.com/rain/a/20260903A08PNB00",
      "title": "叶一茜直播自曝没去花少2有点后悔，网友调侃“恭喜躲过一劫”",
      "collection_id": "6a9a3885462e4bbfa78d8726",
      "insert_len": 0,
      "status": "success"
    },
    {
      "url": "https://news.qq.com/rain/a/20260903A08PRE00",
      "title": "828新政后北京首场土拍：华润险守温榆河，驼房营叫停",
      "collection_id": "6a9a3885462e4bbfa78d8756",
      "insert_len": 0,
      "status": "success"
    },
    {
      "url": "https://news.qq.com/rain/a/20260903A08P6700",
      "title": "中国人不穿皮鞋了，皮鞋厂怎么自救？",
      "collection_id": "6a9a3886462e4bbfa78d87a4",
      "insert_len": 0,
      "status": "success"
    },
    {
      "url": "https://news.qq.com/rain/a/20260903A08O0900",
      "title": "国联人寿启动2026年金融教育宣传周",
      "collection_id": "6a9a3887462e4bbfa78d87e8",
      "insert_len": 0,
      "status": "success"
    },
    {
      "url": "https://news.qq.com/rain/a/20260903A08PG100",
      "title": "",
      "collection_id": null,
      "insert_len": 0,
      "status": "failed",
      "error": "EOF occurred in violation of protocol (_ssl.c:1006)"
    },
    {
      "url": "https://news.qq.com/rain/a/20260903A08PPS00",
      "title": "股王大涨，“小跟班”涨停，炸板，再涨停，再炸板，终涨停",
      "collection_id": "6a9a3887462e4bbfa78d8822",
      "insert_len": 0,
      "status": "success"
    },
    {
      "url": "https://news.qq.com/rain/a/20260903A08PQK00",
      "title": "山东省菏泽市委原常委、秘书长，统战部原部长肖友华被“双开”",
      "collection_id": "6a9a3888462e4bbfa78d885c",
      "insert_len": 0,
      "status": "success"
    },
    {
      "url": "https://news.qq.com/rain/a/20260903A08NT100",
      "title": "大连公布3起烟花爆竹“打非治违”典型案例",
      "collection_id": "6a9a3889462e4bbfa78d8895",
      "insert_len": 0,
      "status": "success"
    },
    {
      "url": "https://news.qq.com/rain/a/20260903A08OTQ00",
      "title": "北京北清润府与未来城星寰时光社区景观对比：内部园林与外部视野资源配套解读",
      "collection_id": "6a9a388a462e4bbfa78d88d0",
      "insert_len": 0,
      "status": "success"
    },
    {
      "url": "https://news.qq.com/rain/a/20260903A08OZ500",
      "title": "",
      "collection_id": null,
      "insert_len": 0,
      "status": "failed",
      "error": "EOF occurred in violation of protocol (_ssl.c:1006)"
    },
    {
      "url": "https://news.qq.com/rain/a/20260903A08PFH00",
      "title": "智通AH统计|9月3日",
      "collection_id": "6a9a388c462e4bbfa78d8918",
      "insert_len": 0,
      "status": "success"
    },
    {
      "url": "https://news.qq.com/rain/a/20260903A001OE00",
      "title": "博主：国家队要把因公护照寄给李月汝，海外使领馆无法补办",
      "collection_id": "6a9a388d462e4bbfa78d8951",
      "insert_len": 0,
      "status": "success"
    },
    {
      "url": "https://news.qq.com/rain/a/20260903A08PGO00",
      "title": "",
      "collection_id": null,
      "insert_len": 0,
      "status": "failed",
      "error": "EOF occurred in violation of protocol (_ssl.c:1006)"
    },
    {
      "url": "https://news.qq.com/rain/a/20260903A08OK300",
      "title": "",
      "collection_id": null,
      "insert_len": 0,
      "status": "failed",
      "error": "EOF occurred in violation of protocol (_ssl.c:1006)"
    },
    {
      "url": "https://news.qq.com/rain/a/20260903A08OKB00",
      "title": "直击防汛一线！福清全力守护平安",
      "collection_id": "6a9a3892462e4bbfa78d898d",
      "insert_len": 0,
      "status": "success"
    },
    {
      "url": "https://news.qq.com/rain/a/20260903A08MZH00",
      "title": "【总支“汇”字诀】党建“汇”合力，精准诊疗守护生命曙光",
      "collection_id": "6a9a3893462e4bbfa78d89de",
      "insert_len": 0,
      "status": "success"
    },
    {
      "url": "https://news.qq.com/rain/a/20260903A08OUD00",
      "title": "不以规模论英雄，汾酒以结构与渠道重构长期底盘",
      "collection_id": "6a9a3893462e4bbfa78d8a16",
      "insert_len": 0,
      "status": "success"
    },
    {
      "url": "https://news.qq.com/rain/a/20260903A08BLH00",
      "title": "",
      "collection_id": null,
      "insert_len": 0,
      "status": "failed",
      "error": "新闻内容过短。"
    },
    {
      "url": "https://news.qq.com/rain/a/20260903A08P8B00",
      "title": "重庆市巴蜀中学校团委获评“全国五四红旗团委”称号",
      "collection_id": "6a9a3894462e4bbfa78d8a67",
      "insert_len": 0,
      "status": "success"
    },
    {
      "url": "https://news.qq.com/rain/a/20260903A04KGS00",
      "title": "冻结21.4亿，一分钱也拿不走！芯片巨头的控制权迎来新进展",
      "collection_id": "6a9a3895462e4bbfa78d8a9f",
      "insert_len": 0,
      "status": "success"
    },
    {
      "url": "https://news.qq.com/rain/a/20260903A08OTO00",
      "title": "",
      "collection_id": null,
      "insert_len": 0,
      "status": "failed",
      "error": "EOF occurred in violation of protocol (_ssl.c:1006)"
    },
    {
      "url": "https://news.qq.com/rain/a/20260903A08OPV00",
      "title": "",
      "collection_id": null,
      "insert_len": 0,
      "status": "failed",
      "error": "EOF occurred in violation of protocol (_ssl.c:1006)"
    },
    {
      "url": "https://news.qq.com/rain/a/20260903A08OGH00",
      "title": "",
      "collection_id": null,
      "insert_len": 0,
      "status": "failed",
      "error": "EOF occurred in violation of protocol (_ssl.c:1006)"
    },
    {
      "url": "https://news.qq.com/rain/a/20260903A08P5R00",
      "title": "《热线》回复 | 县市场监督管理局",
      "collection_id": "6a9a389b462e4bbfa78d8add",
      "insert_len": 0,
      "status": "success"
    },
    {
      "url": "https://news.qq.com/rain/a/20260903A08Q4700",
      "title": "NBA历史10次以上入选最佳防阵仅5人，科比第二，第一是谁？",
      "collection_id": "6a9a389d462e4bbfa78d8b15",
      "insert_len": 0,
      "status": "success"
    },
    {
      "url": "https://news.qq.com/rain/a/20260903A08Q1700",
      "title": "广西壮族自治区钦州市气象台发布大风蓝色预警信号",
      "collection_id": "6a9a389d462e4bbfa78d8b58",
      "insert_len": 0,
      "status": "success"
    },
    {
      "url": "https://news.qq.com/rain/a/20260903A08P8K00",
      "title": "",
      "collection_id": null,
      "insert_len": 0,
      "status": "failed",
      "error": "EOF occurred in violation of protocol (_ssl.c:1006)"
    },
    {
      "url": "https://news.qq.com/rain/a/20260903A08PES00",
      "title": "",
      "collection_id": null,
      "insert_len": 0,
      "status": "failed",
      "error": "EOF occurred in violation of protocol (_ssl.c:1006)"
    },
    {
      "url": "https://news.qq.com/rain/a/20260903A08PGC00",
      "title": "卡拉格：利物浦阵容失衡，右路没人像萨拉赫那样用左脚踢球",
      "collection_id": "6a9a38a3462e4bbfa78d8b92",
      "insert_len": 0,
      "status": "success"
    },
    {
      "url": "https://news.qq.com/rain/a/20260903A08Q7400",
      "title": "丁薛祥同俄罗斯第一副总理曼图罗夫共同主持中俄投资合作委员会第十三次会议",
      "collection_id": "6a9a38a4462e4bbfa78d8bdc",
      "insert_len": 0,
      "status": "success"
    },
    {
      "url": "https://news.qq.com/rain/a/20260903A08PL600",
      "title": "刚果（布）首批享受零关税政策茯苓产品启运输华",
      "collection_id": "6a9a38a5462e4bbfa78d8c0c",
      "insert_len": 0,
      "status": "success"
    },
    {
      "url": "https://news.qq.com/rain/a/20260903A08AI500",
      "title": "2026 养老金调整尚未发布：普涨是否延续，调整方式或将转变",
      "collection_id": "6a9a38a5462e4bbfa78d8c4b",
      "insert_len": 0,
      "status": "success"
    },
    {
      "url": "https://news.qq.com/rain/a/20260903A08NSA00",
      "title": "",
      "collection_id": null,
      "insert_len": 0,
      "status": "failed",
      "error": "EOF occurred in violation of protocol (_ssl.c:1006)"
    },
    {
      "url": "https://news.qq.com/rain/a/20260903A08NZ500",
      "title": "先付全款后签合同，条款还不能修改？南宁一购房者拒签合同，开发商：不退5万元定金！最新进展",
      "collection_id": "6a9a38a6462e4bbfa78d8c9a",
      "insert_len": 0,
      "status": "success"
    },
    {
      "url": "https://news.qq.com/rain/a/20260903A08PDE00",
      "title": "历史新高！938.7万，2158.07万！杭州暑运成绩单出炉",
      "collection_id": "6a9a38a7462e4bbfa78d8cdd",
      "insert_len": 0,
      "status": "success"
    },
    {
      "url": "https://news.qq.com/rain/a/20260903A08A6G00",
      "title": "热门牛股跌停，股民直呼“进来就吃一闷棍”",
      "collection_id": "6a9a38a9462e4bbfa78d8d16",
      "insert_len": 0,
      "status": "success"
    },
    {
      "url": "https://news.qq.com/rain/a/20260903A08OUP00",
      "title": "",
      "collection_id": null,
      "insert_len": 0,
      "status": "failed",
      "error": "EOF occurred in violation of protocol (_ssl.c:1006)"
    },
    {
      "url": "https://news.qq.com/rain/a/20260903A08CU600",
      "title": "老板正在热身，张雪要亲自出战大海道拉力赛",
      "collection_id": "6a9a38aa462e4bbfa78d8d50",
      "insert_len": 0,
      "status": "success"
    },
    {
      "url": "https://news.qq.com/rain/a/20260903A08PJR00",
      "title": "中国人寿财险北京市分公司带您一起关注：识破“上市”骗局，守护投资安全",
      "collection_id": "6a9a38ab462e4bbfa78d8d88",
      "insert_len": 0,
      "status": "success"
    },
    {
      "url": "https://news.qq.com/rain/a/20260903A08QJY00",
      "title": "半年亏损36.84亿元后，隆基绿能加速押注储能",
      "collection_id": "6a9a38ab462e4bbfa78d8dc1",
      "insert_len": 0,
      "status": "success"
    },
    {
      "url": "https://news.qq.com/rain/a/20260903A08NTL00",
      "title": "文成40间板房被冲毁！60人躲过一劫",
      "collection_id": "6a9a38ac462e4bbfa78d8df9",
      "insert_len": 0,
      "status": "success"
    },
    {
      "url": "https://news.qq.com/rain/a/20260903A08PGA00",
      "title": "授人以渔育“乡星”：潍坊坊子这场活动，既是庆功宴也是练兵场",
      "collection_id": "6a9a38ad462e4bbfa78d8e31",
      "insert_len": 0,
      "status": "success"
    },
    {
      "url": "https://news.qq.com/rain/a/20260903A08R2H00",
      "title": "韩国电力公社向三星SK提议25万亿韩元预付款",
      "collection_id": "6a9a38ad462e4bbfa78d8e69",
      "insert_len": 0,
      "status": "success"
    },
    {
      "url": "https://news.qq.com/rain/a/20260903A08PGS00",
      "title": "老人突发意外咋办？青岛李沧这群护理员用“救命技能”给出答案",
      "collection_id": "6a9a38ae462e4bbfa78d8eb2",
      "insert_len": 0,
      "status": "success"
    },
    {
      "url": "https://news.qq.com/rain/a/20260903A08PHO00",
      "title": "上合示范区：人文搭桥联通山海，商旅兴业融通共赢",
      "collection_id": "6a9a38ae462e4bbfa78d8eb6",
      "insert_len": 0,
      "status": "success"
    },
    {
      "url": "https://news.qq.com/rain/a/20260903A08QFH00",
      "title": "",
      "collection_id": null,
      "insert_len": 0,
      "status": "failed",
      "error": "EOF occurred in violation of protocol (_ssl.c:1006)"
    },
    {
      "url": "https://news.qq.com/rain/a/20260903A08NOX00",
      "title": "",
      "collection_id": null,
      "insert_len": 0,
      "status": "failed",
      "error": "EOF occurred in violation of protocol (_ssl.c:1006)"
    },
    {
      "url": "https://news.qq.com/rain/a/20260903A08PT000",
      "title": "台风“沙德尔”三次登陆雨势明显减弱，“科罗旺”未来一周会影响浙江吗",
      "collection_id": "6a9a38b5462e4bbfa78d8f30",
      "insert_len": 0,
      "status": "success"
    },
    {
      "url": "https://news.qq.com/rain/a/20260903A08QY200",
      "title": "",
      "collection_id": null,
      "insert_len": 0,
      "status": "failed",
      "error": "EOF occurred in violation of protocol (_ssl.c:1006)"
    },
    {
      "url": "https://news.qq.com/rain/a/20260903A08ONW00",
      "title": "黄石气温升至32℃！未来三天持续晴好，昼夜温差明显",
      "collection_id": "6a9a38b6462e4bbfa78d8f68",
      "insert_len": 0,
      "status": "success"
    },
    {
      "url": "https://news.qq.com/rain/a/20260903A08QHH00",
      "title": "",
      "collection_id": null,
      "insert_len": 0,
      "status": "failed",
      "error": "EOF occurred in violation of protocol (_ssl.c:1006)"
    },
    {
      "url": "https://news.qq.com/rain/a/20260903A08N2V00",
      "title": "",
      "collection_id": null,
      "insert_len": 0,
      "status": "failed",
      "error": "EOF occurred in violation of protocol (_ssl.c:1006)"
    },
    {
      "url": "https://news.qq.com/rain/a/20260903A08O2100",
      "title": "",
      "collection_id": null,
      "insert_len": 0,
      "status": "failed",
      "error": "EOF occurred in violation of protocol (_ssl.c:1006)"
    },
    {
      "url": "https://news.qq.com/rain/a/20260903A04MRY00",
      "title": "【社论】树立和践行正确政绩观必须久久为功",
      "collection_id": "6a9a38be462e4bbfa78d8fa1",
      "insert_len": 0,
      "status": "success"
    },
    {
      "url": "https://news.qq.com/rain/a/20260903A08PKQ00",
      "title": "",
      "collection_id": null,
      "insert_len": 0,
      "status": "failed",
      "error": "EOF occurred in violation of protocol (_ssl.c:1006)"
    },
    {
      "url": "https://news.qq.com/rain/a/20260903A08QV000",
      "title": "",
      "collection_id": null,
      "insert_len": 0,
      "status": "failed",
      "error": "EOF occurred in violation of protocol (_ssl.c:1006)"
    },
    {
      "url": "https://news.qq.com/rain/a/20260903A08OVJ00",
      "title": "从北京去亳州之前，我对这座皖北古城印象很模糊",
      "collection_id": "6a9a38c4462e4bbfa78d8fe5",
      "insert_len": 0,
      "status": "success"
    },
    {
      "url": "https://news.qq.com/rain/a/20260903A08R0A00",
      "title": "",
      "collection_id": null,
      "insert_len": 0,
      "status": "failed",
      "error": "EOF occurred in violation of protocol (_ssl.c:1006)"
    },
    {
      "url": "https://news.qq.com/rain/a/20260903A08OKT00",
      "title": "荆州未来三天持续晴热，最高温33℃！注意防暑降温",
      "collection_id": "6a9a38c9462e4bbfa78d901d",
      "insert_len": 0,
      "status": "success"
    },
    {
      "url": "https://news.qq.com/rain/a/20260903A08QUK00",
      "title": "工行南京六合支行营业部深耕适老化服务",
      "collection_id": "6a9a38ca462e4bbfa78d908c",
      "insert_len": 0,
      "status": "success"
    },
    {
      "url": "https://news.qq.com/rain/a/20260903A08QLO00",
      "title": "中船科技旗下海装风电公司增资至19.2亿元 增幅约46%",
      "collection_id": "6a9a38ca462e4bbfa78d9055",
      "insert_len": 0,
      "status": "success"
    },
    {
      "url": "https://news.qq.com/rain/a/20260903A08PNF00",
      "title": "中国人寿财险北京市分公司带您一起关注：“免费保险”骗局",
      "collection_id": "6a9a38cb462e4bbfa78d912b",
      "insert_len": 0,
      "status": "success"
    },
    {
      "url": "https://news.qq.com/rain/a/20260903A08QO700",
      "title": "蓝思科技：UTG折叠屏、3D玻璃、AI眼镜等业务出货量和收入体量稳居行业前列",
      "collection_id": "6a9a38cb462e4bbfa78d90c4",
      "insert_len": 0,
      "status": "success"
    },
    {
      "url": "https://news.qq.com/rain/a/20260903A08QSF00",
      "title": "日中友好议员联盟拟派团访华  中国外交部回应",
      "collection_id": "6a9a38cb462e4bbfa78d90fb",
      "insert_len": 0,
      "status": "success"
    },
    {
      "url": "https://news.qq.com/rain/a/20260903A08Q5800",
      "title": "文明实践丨暖心“长辈食堂”落地赵家村 解锁乡村养老惠民文明实践新模式",
      "collection_id": "6a9a38cd462e4bbfa78d91ad",
      "insert_len": 0,
      "status": "success"
    },
    {
      "url": "https://news.qq.com/rain/a/20260903A08R0N00",
      "title": "ETF收盘解读 | 高开低走、缩量分化",
      "collection_id": "6a9a38cc462e4bbfa78d916a",
      "insert_len": 0,
      "status": "success"
    },
    {
      "url": "https://news.qq.com/rain/a/20260903A08QG300",
      "title": "优质医疗资源下沉基层！“彩云英才荟・高层次人才云南行”云县专场活动举行",
      "collection_id": "6a9a38ce462e4bbfa78d91e5",
      "insert_len": 0,
      "status": "success"
    },
    {
      "url": "https://news.qq.com/rain/a/20260903A08PAC00",
      "title": "河南籍航天员刘洋出征前写给孩子的一封信，被编入小学教材！",
      "collection_id": "6a9a38ce462e4bbfa78d921e",
      "insert_len": 0,
      "status": "success"
    },
    {
      "url": "https://news.qq.com/rain/a/20260903A08PVD00",
      "title": "中国人寿财险北京市分公司带您一起关注：高息陷阱，远离非法集资",
      "collection_id": "6a9a38ce462e4bbfa78d9256",
      "insert_len": 0,
      "status": "success"
    },
    {
      "url": "https://news.qq.com/rain/a/20260903A08RD600",
      "title": "世行报告：泰国成高收入国家并非遥不可及",
      "collection_id": "6a9a38cf462e4bbfa78d928e",
      "insert_len": 0,
      "status": "success"
    },
    {
      "url": "https://news.qq.com/rain/a/20260903A08QI100",
      "title": "新一代理想MEGA上市，售价50.98万元",
      "collection_id": "6a9a38d0462e4bbfa78d92ff",
      "insert_len": 0,
      "status": "success"
    },
    {
      "url": "https://news.qq.com/rain/a/20260903A08QZ400",
      "title": "地平线征程智驾芯片量产突破1500万",
      "collection_id": "6a9a38cf462e4bbfa78d92c8",
      "insert_len": 0,
      "status": "success"
    },
    {
      "url": "https://news.qq.com/rain/a/20260903A08R7700",
      "title": "雷鸟创新蝉联全球AR眼镜出货量第一",
      "collection_id": "6a9a38d0462e4bbfa78d9343",
      "insert_len": 0,
      "status": "success"
    },
    {
      "url": "https://news.qq.com/rain/a/20260903A08QNC00",
      "title": "A股收评：深证成指上涨0.1%，培育钻石概念涨幅居前",
      "collection_id": "6a9a38d1462e4bbfa78d937c",
      "insert_len": 0,
      "status": "success"
    },
    {
      "url": "https://news.qq.com/rain/a/20260903A08Q4W00",
      "title": "娄底：劳动开启新学期 小手扮靓文明城",
      "collection_id": "6a9a38d1462e4bbfa78d93ac",
      "insert_len": 0,
      "status": "success"
    },
    {
      "url": "https://news.qq.com/rain/a/20260903A08QLL00",
      "title": "",
      "collection_id": null,
      "insert_len": 0,
      "status": "failed",
      "error": "EOF occurred in violation of protocol (_ssl.c:1006)"
    },
    {
      "url": "https://news.qq.com/rain/a/20260903A08R4000",
      "title": "鱼油品牌全景解析：基于用户长期使用反馈与复购倾向的特征归纳",
      "collection_id": "6a9a38d3462e4bbfa78d93fc",
      "insert_len": 0,
      "status": "success"
    },
    {
      "url": "https://news.qq.com/rain/a/20260903A08QT500",
      "title": "最新！红河州6家医疗事业单位公开招聘",
      "collection_id": "6a9a38d3462e4bbfa78d9472",
      "insert_len": 0,
      "status": "success"
    },
    {
      "url": "https://news.qq.com/rain/a/20260903A08R9A00",
      "title": "",
      "collection_id": null,
      "insert_len": 0,
      "status": "failed",
      "error": "EOF occurred in violation of protocol (_ssl.c:1006)"
    },
    {
      "url": "https://news.qq.com/rain/a/20260903A08RAB00",
      "title": "[截图预测]小胖钟意季后赛再交手，谁能抓住四强最后机会？",
      "collection_id": "6a9a38d6462e4bbfa78d94b1",
      "insert_len": 0,
      "status": "success"
    },
    {
      "url": "https://news.qq.com/rain/a/20260903A08QZF00",
      "title": "力聚热能第二增长曲线持续兑现，中国工业装备出海再添细分标杆",
      "collection_id": "6a9a38d7462e4bbfa78d94e8",
      "insert_len": 0,
      "status": "success"
    },
    {
      "url": "https://news.qq.com/rain/a/20260903A08R6V00",
      "title": "闻“汛”而动漳州云霄三千余名干部迎战台风“沙德尔”",
      "collection_id": "6a9a38d8462e4bbfa78d952d",
      "insert_len": 0,
      "status": "success"
    },
    {
      "url": "https://news.qq.com/rain/a/20260903A08QFQ00",
      "title": "",
      "collection_id": null,
      "insert_len": 0,
      "status": "failed",
      "error": "EOF occurred in violation of protocol (_ssl.c:1006)"
    },
    {
      "url": "https://news.qq.com/rain/a/20260903A08QZX00",
      "title": "“兄弟学籍顶替案”最新进展：哥哥向法院提交五份补充证据，弟弟称不清楚",
      "collection_id": "6a9a38d9462e4bbfa78d9566",
      "insert_len": 0,
      "status": "success"
    },
    {
      "url": "https://news.qq.com/rain/a/20260903A08R9B00",
      "title": "13-14赛季以来单赛季突破投篮命中率：里基-卢比奥34.2%最差",
      "collection_id": "6a9a38da462e4bbfa78d959e",
      "insert_len": 0,
      "status": "success"
    },
    {
      "url": "https://news.qq.com/rain/a/20260903A08RDO00",
      "title": "笔电男大想首发冲GTA6：有钱+有时间=最好的时光",
      "collection_id": "6a9a38db462e4bbfa78d95d5",
      "insert_len": 0,
      "status": "success"
    },
    {
      "url": "https://news.qq.com/rain/a/20260903A08RPF00",
      "title": "AI产业遭遇内存瓶颈 谷歌拆解旧服务器回收DDR4救急",
      "collection_id": "6a9a38db462e4bbfa78d960c",
      "insert_len": 0,
      "status": "success"
    },
    {
      "url": "https://news.qq.com/rain/a/20260903A08NJ000",
      "title": "衡阳一男子被蚂蚁咬伤后晕倒休克！医生提醒：这些人群要特别注意",
      "collection_id": "6a9a38dc462e4bbfa78d9645",
      "insert_len": 0,
      "status": "success"
    },
    {
      "url": "https://news.qq.com/rain/a/20260903A08RBJ00",
      "title": "中煤鄂能化新建2万m³LNG储罐项目外罐罐体施工完成",
      "collection_id": "6a9a38dd462e4bbfa78d968a",
      "insert_len": 0,
      "status": "success"
    },
    {
      "url": "https://news.qq.com/rain/a/20260903A08R7W00",
      "title": "巴伊切蒂奇发文：是时候要迈出这一步，但利物浦将永留我心",
      "collection_id": "6a9a38dd462e4bbfa78d96c3",
      "insert_len": 0,
      "status": "success"
    },
    {
      "url": "https://news.qq.com/rain/a/20260903A08RP300",
      "title": "同年选秀的发小，哈登和德罗赞谁更有望终结生涯无冠的尴尬历程",
      "collection_id": "6a9a38de462e4bbfa78d96f3",
      "insert_len": 0,
      "status": "success"
    },
    {
      "url": "https://news.qq.com/rain/a/20260903A08RR700",
      "title": "连云港高新区特种预浸布项目建成投产",
      "collection_id": "6a9a38de462e4bbfa78d9733",
      "insert_len": 0,
      "status": "success"
    },
    {
      "url": "https://news.qq.com/rain/a/20260903A08PSR00",
      "title": "纪录片《滹沱儿女》",
      "collection_id": "6a9a38de462e4bbfa78d9763",
      "insert_len": 0,
      "status": "success"
    },
    {
      "url": "https://news.qq.com/rain/a/20260903A08R7Q00",
      "title": "两小时切换20多个身份，挑战独角戏《初步举证》的陈昊宇“对自己下狠手”了",
      "collection_id": "6a9a38df462e4bbfa78d97a3",
      "insert_len": 0,
      "status": "success"
    },
    {
      "url": "https://news.qq.com/rain/a/20260903A08R5M00",
      "title": "黄埔首例！房票买二手房正式落地，已累计办理超150宗",
      "collection_id": "6a9a38df462e4bbfa78d97df",
      "insert_len": 0,
      "status": "success"
    },
    {
      "url": "https://news.qq.com/rain/a/20260903A08QZT00",
      "title": "天水公安打掉一个涉嫌聚众斗殴恶势力团伙",
      "collection_id": "6a9a38e0462e4bbfa78d9821",
      "insert_len": 0,
      "status": "success"
    },
    {
      "url": "https://news.qq.com/rain/a/20260903A08RL200",
      "title": "",
      "collection_id": null,
      "insert_len": 0,
      "status": "failed",
      "error": "EOF occurred in violation of protocol (_ssl.c:1006)"
    },
    {
      "url": "https://news.qq.com/rain/a/20260903A08QUU00",
      "title": "央视新闻专访赛力斯张兴海：探索加强汽车全生命周期管理",
      "collection_id": "6a9a38e0462e4bbfa78d9867",
      "insert_len": 0,
      "status": "success"
    },
    {
      "url": "https://news.qq.com/rain/a/20260903A08RL600",
      "title": "828新政彻底重构楼市：买房顺序倒置，告别期房“拆盲盒”时代",
      "collection_id": "6a9a38e2462e4bbfa78d98a1",
      "insert_len": 0,
      "status": "success"
    },
    {
      "url": "https://news.qq.com/rain/a/20260903A08RCE00",
      "title": "泰国数字经济促进委员会：泰国数字内容3年产值将突破600亿 加速打造IP增值",
      "collection_id": "6a9a38e2462e4bbfa78d98e6",
      "insert_len": 0,
      "status": "success"
    },
    {
      "url": "https://news.qq.com/rain/a/20260903A08QZ600",
      "title": "石化油服：董事长吴柏志因工作调整辞职",
      "collection_id": "6a9a38e3462e4bbfa78d9920",
      "insert_len": 0,
      "status": "success"
    },
    {
      "url": "https://news.qq.com/rain/a/20260903A08PQO00",
      "title": "中国人寿财险北京市分公司带您一起关注：“代办理赔”等不法中介乱象",
      "collection_id": "6a9a38e4462e4bbfa78d9959",
      "insert_len": 0,
      "status": "success"
    },
    {
      "url": "https://news.qq.com/rain/a/20260903A08RAP00",
      "title": "护航开学季守护未成年人健康成长",
      "collection_id": "6a9a38e5462e4bbfa78d9993",
      "insert_len": 0,
      "status": "success"
    },
    {
      "url": "https://news.qq.com/rain/a/20260903A08RRE00",
      "title": "",
      "collection_id": null,
      "insert_len": 0,
      "status": "failed",
      "error": "EOF occurred in violation of protocol (_ssl.c:1006)"
    },
    {
      "url": "https://news.qq.com/rain/a/20260903A08ONX00",
      "title": "最高温31℃！荆门未来三天持续晴热，午后注意防暑",
      "collection_id": "6a9a38e5462e4bbfa78d99cc",
      "insert_len": 0,
      "status": "success"
    },
    {
      "url": "https://news.qq.com/rain/a/20260903A08OGE00",
      "title": "新视记｜八旬老人用镜头留住抗战记忆",
      "collection_id": "6a9a38e6462e4bbfa78d9a04",
      "insert_len": 0,
      "status": "success"
    },
    {
      "url": "https://news.qq.com/rain/a/20260903A08RMS00",
      "title": "1500万预算上海置业指南：静安内环“誉静安”领衔，这份保值自住榜单请收好",
      "collection_id": "6a9a38e7462e4bbfa78d9a3c",
      "insert_len": 0,
      "status": "success"
    },
    {
      "url": "https://news.qq.com/rain/a/20260903A08RPA00",
      "title": "忆联推出UM301a固态硬盘：DRAM-less服务器M.2启动盘 全系读速可达5000MB/s",
      "collection_id": "6a9a38e8462e4bbfa78d9a8d",
      "insert_len": 0,
      "status": "success"
    },
    {
      "url": "https://news.qq.com/rain/a/20260903A08S6A00",
      "title": "日本出技术印度出工厂，防务合作新模式成型，东京看上印度制造",
      "collection_id": "6a9a38e8462e4bbfa78d9ac4",
      "insert_len": 0,
      "status": "success"
    },
    {
      "url": "https://news.qq.com/rain/a/20260903A08RDH00",
      "title": "",
      "collection_id": null,
      "insert_len": 0,
      "status": "failed",
      "error": "EOF occurred in violation of protocol (_ssl.c:1006)"
    },
    {
      "url": "https://news.qq.com/rain/a/20260903A08S5300",
      "title": "",
      "collection_id": null,
      "insert_len": 0,
      "status": "failed",
      "error": "EOF occurred in violation of protocol (_ssl.c:1006)"
    },
    {
      "url": "https://news.qq.com/rain/a/20260903A08R9S00",
      "title": "被偶像翻牌！吴易昺转发周杰伦为其祝贺内容",
      "collection_id": "6a9a38ee462e4bbfa78d9b04",
      "insert_len": 0,
      "status": "success"
    },
    {
      "url": "https://news.qq.com/rain/a/20260903A08RPE00",
      "title": "QDOLED高刷来袭！雷神新款27寸显示器到手3499元：2K 360Hz屏",
      "collection_id": "6a9a38ef462e4bbfa78d9b3b",
      "insert_len": 0,
      "status": "success"
    },
    {
      "url": "https://news.qq.com/rain/a/20260903A08PNC00",
      "title": "",
      "collection_id": null,
      "insert_len": 0,
      "status": "failed",
      "error": "EOF occurred in violation of protocol (_ssl.c:1006)"
    },
    {
      "url": "https://news.qq.com/rain/a/20260903A08R8600",
      "title": "【文明中国·看甘肃】“中国好人”蒲虎勤：把戏台建在烟火人间",
      "collection_id": "6a9a38f4462e4bbfa78d9baf",
      "insert_len": 0,
      "status": "success"
    },
    {
      "url": "https://news.qq.com/rain/a/20260903A08OU700",
      "title": "招行“零售之王”的宝座，丢不了，但又坐不稳",
      "collection_id": "6a9a38f4462e4bbfa78d9b73",
      "insert_len": 0,
      "status": "success"
    },
    {
      "url": "https://news.qq.com/rain/a/20260903A08RD000",
      "title": "最低工资涨了！但你的工资条可能不只是“涨”这么简单！这些待遇也在涨！",
      "collection_id": "6a9a38f6462e4bbfa78d9c4e",
      "insert_len": 0,
      "status": "success"
    },
    {
      "url": "https://news.qq.com/rain/a/20260903A08R9V00",
      "title": "遂川狗牯脑茶，再获国际大奖！",
      "collection_id": "6a9a38f5462e4bbfa78d9c13",
      "insert_len": 0,
      "status": "success"
    },
    {
      "url": "https://news.qq.com/rain/a/20260903A08QXN00",
      "title": "凌晨4点，旅顺“第一口鲜”上岸！旅顺柏岚子码头沸腾了！",
      "collection_id": "6a9a38f6462e4bbfa78d9c6f",
      "insert_len": 0,
      "status": "success"
    },
    {
      "url": "https://news.qq.com/rain/a/20260903A08SCD00",
      "title": "同样都是持球大核，下赛季詹姆斯和哈登谁的战术地位会更高",
      "collection_id": "6a9a38f7462e4bbfa78d9cf5",
      "insert_len": 0,
      "status": "success"
    },
    {
      "url": "https://news.qq.com/rain/a/20260903A08RS600",
      "title": "广电上市公司半年报“冷热不均”：大盘增长 传统业务仍承压",
      "collection_id": "6a9a38f6462e4bbfa78d9cc7",
      "insert_len": 0,
      "status": "success"
    },
    {
      "url": "https://news.qq.com/rain/a/20260903A08S4M00",
      "title": "",
      "collection_id": null,
      "insert_len": 0,
      "status": "failed",
      "error": "新闻内容过短。"
    },
    {
      "url": "https://news.qq.com/rain/a/20260903A08S4Y00",
      "title": "",
      "collection_id": null,
      "insert_len": 0,
      "status": "failed",
      "error": "新闻内容过短。"
    },
    {
      "url": "https://news.qq.com/rain/a/20260903A08S3100",
      "title": "字节跳动将获得296亿美元贷款：完成将成今年亚洲规模第二大",
      "collection_id": "6a9a38f8462e4bbfa78d9d4e",
      "insert_len": 0,
      "status": "success"
    },
    {
      "url": "https://news.qq.com/rain/a/20260903A08ALR00",
      "title": "胖东来被曝要求供应商必须给员工双休缴社保，“打工人直呼清汤大老爷”",
      "collection_id": "6a9a38f8462e4bbfa78d9d7e",
      "insert_len": 0,
      "status": "success"
    },
    {
      "url": "https://news.qq.com/rain/a/20260903A08QTB00",
      "title": "本周日，专家团队坐诊弥勒市妇幼保健院",
      "collection_id": "6a9a38f9462e4bbfa78d9dff",
      "insert_len": 0,
      "status": "success"
    },
    {
      "url": "https://news.qq.com/rain/a/20260903A08ROJ00",
      "title": "想买番禺纯墅？2026这些项目可以看！",
      "collection_id": "6a9a38f9462e4bbfa78d9dcb",
      "insert_len": 0,
      "status": "success"
    },
    {
      "url": "https://news.qq.com/rain/a/20260903A08RR600",
      "title": "",
      "collection_id": null,
      "insert_len": 0,
      "status": "failed",
      "error": "EOF occurred in violation of protocol (_ssl.c:1006)"
    },
    {
      "url": "https://news.qq.com/rain/a/20260903A08R3300",
      "title": "北京市食品安全条例征意见：“从农田到餐桌”全链条闭环监管",
      "collection_id": "6a9a38fa462e4bbfa78d9e49",
      "insert_len": 0,
      "status": "success"
    },
    {
      "url": "https://news.qq.com/rain/a/20260903A08RGT00",
      "title": "启动拆迁！主城核心317亩，土地即将翻新",
      "collection_id": "6a9a38fb462e4bbfa78d9e82",
      "insert_len": 0,
      "status": "success"
    },
    {
      "url": "https://news.qq.com/rain/a/20260903A08PD100",
      "title": "车主：掀起你滴盖头来......怎么就剩车盖骨了？",
      "collection_id": "6a9a38fc462e4bbfa78d9ed3",
      "insert_len": 0,
      "status": "success"
    },
    {
      "url": "https://news.qq.com/rain/a/20260903A08RRX00",
      "title": "江苏盐南高新区伍佑街道：小庭院做出大文章",
      "collection_id": "6a9a38fc462e4bbfa78d9f0d",
      "insert_len": 0,
      "status": "success"
    },
    {
      "url": "https://news.qq.com/rain/a/20260903A08SAI00",
      "title": "中美电动车谁会赢？硅谷之龙创始人：BYD",
      "collection_id": "6a9a38fd462e4bbfa78d9f5d",
      "insert_len": 0,
      "status": "success"
    },
    {
      "url": "https://news.qq.com/rain/a/20260903A08S2M00",
      "title": "小伙开8万元的长安面包车 自驾2万多公里：带妈妈从青岛去冰岛看极光",
      "collection_id": "6a9a38fe462e4bbfa78d9f96",
      "insert_len": 0,
      "status": "success"
    },
    {
      "url": "https://news.qq.com/rain/a/20260903A08S8B00",
      "title": "中泰证券：房企销售降幅边际收窄 现房销售制度落地",
      "collection_id": "6a9a38ff462e4bbfa78d9fcf",
      "insert_len": 0,
      "status": "success"
    },
    {
      "url": "https://news.qq.com/rain/a/20260903A08RH500",
      "title": "研报之家丨家居企业，为什么要“重返县域”？",
      "collection_id": "6a9a38ff462e4bbfa78da008",
      "insert_len": 0,
      "status": "success"
    },
    {
      "url": "https://news.qq.com/rain/a/20260903A08S4K00",
      "title": "",
      "collection_id": null,
      "insert_len": 0,
      "status": "failed",
      "error": "EOF occurred in violation of protocol (_ssl.c:1006)"
    },
    {
      "url": "https://news.qq.com/rain/a/20260903A08SEO00",
      "title": "九毛九营收下滑，却“减”出了利润",
      "collection_id": "6a9a3901462e4bbfa78da066",
      "insert_len": 0,
      "status": "success"
    },
    {
      "url": "https://news.qq.com/rain/a/20260903A08SK400",
      "title": "",
      "collection_id": null,
      "insert_len": 0,
      "status": "failed",
      "error": "新闻内容过短。"
    },
    {
      "url": "https://news.qq.com/rain/a/20260903A08S5400",
      "title": "遵义会议会址派出所联动千名群众共治平安",
      "collection_id": "6a9a3903462e4bbfa78da0ac",
      "insert_len": 0,
      "status": "success"
    },
    {
      "url": "https://news.qq.com/rain/a/20260903A08RP900",
      "title": "七彩虹E14 2026轻薄本首发3999元起：酷睿i5-13420H、轻至1.11kg",
      "collection_id": "6a9a3904462e4bbfa78da0e6",
      "insert_len": 0,
      "status": "success"
    },
    {
      "url": "https://news.qq.com/rain/a/20260903A08RS300",
      "title": "",
      "collection_id": null,
      "insert_len": 0,
      "status": "failed",
      "error": "EOF occurred in violation of protocol (_ssl.c:1006)"
    },
    {
      "url": "https://news.qq.com/rain/a/20260903A08R6500",
      "title": "刘庆逊创办瓦拉英语这两年：高估、误判、重塑",
      "collection_id": "6a9a3905462e4bbfa78da11f",
      "insert_len": 0,
      "status": "success"
    },
    {
      "url": "https://news.qq.com/rain/a/20260903A08QZL00",
      "title": "9月7日起，临夏折双路大型车辆限行",
      "collection_id": "6a9a3906462e4bbfa78da17b",
      "insert_len": 0,
      "status": "success"
    },
    {
      "url": "https://news.qq.com/rain/a/20260903A08L9200",
      "title": "",
      "collection_id": null,
      "insert_len": 0,
      "status": "failed",
      "error": "EOF occurred in violation of protocol (_ssl.c:1006)"
    },
    {
      "url": "https://news.qq.com/rain/a/20260903A08R9X00",
      "title": "",
      "collection_id": null,
      "insert_len": 0,
      "status": "failed",
      "error": "EOF occurred in violation of protocol (_ssl.c:1006)"
    },
    {
      "url": "https://news.qq.com/rain/a/20260903A08S8M00",
      "title": "四大AI预测费哈vs拉斯永恒：两家猜客胜，两家猜平局",
      "collection_id": "6a9a390c462e4bbfa78da1b8",
      "insert_len": 0,
      "status": "success"
    },
    {
      "url": "https://news.qq.com/rain/a/20260903A08RRD00",
      "title": "盐城亭湖：高温天送温情 爱心卡护安康",
      "collection_id": "6a9a390c462e4bbfa78da1fb",
      "insert_len": 0,
      "status": "success"
    },
    {
      "url": "https://news.qq.com/rain/a/20260903A08R3M00",
      "title": "人过五十才发现，中年以后，日子不缺钱的人，多半是这五种人",
      "collection_id": "6a9a390d462e4bbfa78da232",
      "insert_len": 0,
      "status": "success"
    },
    {
      "url": "https://news.qq.com/rain/a/20260903A08S6300",
      "title": "",
      "collection_id": null,
      "insert_len": 0,
      "status": "failed",
      "error": "新闻内容过短。"
    },
    {
      "url": "https://news.qq.com/rain/a/20260903A08S5J00",
      "title": "福州闽清遭遇暴雨，二十头牛被洪水围困在河滩，当地村委：水位下退，牛群已离开",
      "collection_id": "6a9a390e462e4bbfa78da26b",
      "insert_len": 0,
      "status": "success"
    },
    {
      "url": "https://news.qq.com/rain/a/20260903A08SK600",
      "title": "员工发生工伤，请务必及时申报",
      "collection_id": "6a9a390f462e4bbfa78da29b",
      "insert_len": 0,
      "status": "success"
    },
    {
      "url": "https://news.qq.com/rain/a/20260903A08SRS00",
      "title": "齐鲁股权交易中心“数据要素赋能山东省区域性股权市场服务转型升级”项目在2026“数据要素×”大赛中获奖",
      "collection_id": "6a9a390f462e4bbfa78da2da",
      "insert_len": 0,
      "status": "success"
    },
    {
      "url": "https://news.qq.com/rain/a/20260903A08SL600",
      "title": "",
      "collection_id": null,
      "insert_len": 0,
      "status": "failed",
      "error": "EOF occurred in violation of protocol (_ssl.c:1006)"
    },
    {
      "url": "https://news.qq.com/rain/a/20260903A08R2100",
      "title": "相机优化快报来啦！金秋龙狮城邀你来打卡~",
      "collection_id": "6a9a3910462e4bbfa78da311",
      "insert_len": 0,
      "status": "success"
    },
    {
      "url": "https://news.qq.com/rain/a/20260903A08RIH00",
      "title": "赶紧报名！浙江多家事业单位发布招聘公告",
      "collection_id": "6a9a3911462e4bbfa78da348",
      "insert_len": 0,
      "status": "success"
    },
    {
      "url": "https://news.qq.com/rain/a/20260903A08SEP00",
      "title": "油运干散货景气共振，港口航运股集体走强",
      "collection_id": "6a9a3912462e4bbfa78da399",
      "insert_len": 0,
      "status": "success"
    },
    {
      "url": "https://news.qq.com/rain/a/20260903A08SLJ00",
      "title": "新版基药目录落地，解码以岭药业半年报里的政策红利",
      "collection_id": "6a9a3912462e4bbfa78da3d2",
      "insert_len": 0,
      "status": "success"
    },
    {
      "url": "https://news.qq.com/rain/a/20260903A08SF800",
      "title": "",
      "collection_id": null,
      "insert_len": 0,
      "status": "failed",
      "error": "EOF occurred in violation of protocol (_ssl.c:1006)"
    },
    {
      "url": "https://news.qq.com/rain/a/20260903A08SR100",
      "title": "烟台高新区：以科技赋能无抗养殖的“创业标杆”",
      "collection_id": "6a9a3915462e4bbfa78da425",
      "insert_len": 0,
      "status": "success"
    },
    {
      "url": "https://news.qq.com/rain/a/20260903A08SNX00",
      "title": "衡阳市第十六中学举行2026年秋季开学典礼",
      "collection_id": "6a9a3916462e4bbfa78da46a",
      "insert_len": 0,
      "status": "success"
    },
    {
      "url": "https://news.qq.com/rain/a/20260903A08SER00",
      "title": "金刚石散热“从0到1”，培育钻石概念大涨",
      "collection_id": "6a9a3917462e4bbfa78da4a2",
      "insert_len": 0,
      "status": "success"
    },
    {
      "url": "https://news.qq.com/rain/a/20260903A017ZW00",
      "title": "离谱，李月汝因护照丢失缺席世界杯；郭士强谈男篮超长集训",
      "collection_id": "6a9a3918462e4bbfa78da4db",
      "insert_len": 0,
      "status": "success"
    },
    {
      "url": "https://news.qq.com/rain/a/20260903A08SPE00",
      "title": "超然财经｜2000万索赔被驳回！lululemon诉国产瑜伽服品牌商标侵权一审败诉",
      "collection_id": "6a9a3918462e4bbfa78da513",
      "insert_len": 0,
      "status": "success"
    },
    {
      "url": "https://news.qq.com/rain/a/20260903A08SM600",
      "title": "",
      "collection_id": null,
      "insert_len": 0,
      "status": "failed",
      "error": "EOF occurred in violation of protocol (_ssl.c:1006)"
    },
    {
      "url": "https://news.qq.com/rain/a/20260903A08S7S00",
      "title": "乘联分会：8月全国乘用车市场零售162.6万辆 同比下降19% 环比增长11%",
      "collection_id": "6a9a391a462e4bbfa78da54b",
      "insert_len": 0,
      "status": "success"
    },
    {
      "url": "https://news.qq.com/rain/a/20260903A08TIT00",
      "title": "福建省电子信息（集团）有限责任公司法律事务部原总监连占记接受纪律审查和监察调查",
      "collection_id": "6a9a391b462e4bbfa78da5a6",
      "insert_len": 0,
      "status": "success"
    },
    {
      "url": "https://news.qq.com/rain/a/20260903A08S4H00",
      "title": "比老款便宜5万，群嘲变真香，理想MEGA能重回月销3000的巅峰？",
      "collection_id": "6a9a391c462e4bbfa78da5de",
      "insert_len": 0,
      "status": "success"
    },
    {
      "url": "https://news.qq.com/rain/a/20260903A08T4I00",
      "title": "一汽突破5兆帕低压运行，全固态电池的“最后一公里”打通了？专家：不太可能大批量使用",
      "collection_id": "6a9a391d462e4bbfa78da633",
      "insert_len": 0,
      "status": "success"
    },
    {
      "url": "https://news.qq.com/rain/a/20260903A08S8H00",
      "title": "",
      "collection_id": null,
      "insert_len": 0,
      "status": "failed",
      "error": "EOF occurred in violation of protocol (_ssl.c:1006)"
    },
    {
      "url": "https://news.qq.com/rain/a/20260903A08S4700",
      "title": "霸州小学路口“危险”路段，家长呼吁赶紧修",
      "collection_id": "6a9a391e462e4bbfa78da66f",
      "insert_len": 0,
      "status": "success"
    },
    {
      "url": "https://news.qq.com/rain/a/20260903A08TLC00",
      "title": "日中友好议员联盟拟于本月派遣代表团访华，外交部回应",
      "collection_id": "6a9a391f462e4bbfa78da6a7",
      "insert_len": 0,
      "status": "success"
    },
    {
      "url": "https://news.qq.com/rain/a/20260903A08SDK00",
      "title": "国家疾控局：全国已有520多万名适龄女孩完成免费HPV疫苗首剂接种",
      "collection_id": "6a9a391f462e4bbfa78da6de",
      "insert_len": 0,
      "status": "success"
    },
    {
      "url": "https://news.qq.com/rain/a/20260903A08SRL00",
      "title": "蓬莱出入境边防检查站开展“开学第一课”普法进校园活动",
      "collection_id": "6a9a3920462e4bbfa78da716",
      "insert_len": 0,
      "status": "success"
    },
    {
      "url": "https://news.qq.com/rain/a/20260903A08TI900",
      "title": "中国向巴基斯坦捐赠30万剂兽用疫苗",
      "collection_id": "6a9a3922462e4bbfa78da74f",
      "insert_len": 0,
      "status": "success"
    },
    {
      "url": "https://news.qq.com/rain/a/20260903A08TQ700",
      "title": "耐压能力超商用器件5倍！新型晶体管有望用于电动汽车等领域",
      "collection_id": "6a9a3923462e4bbfa78da7be",
      "insert_len": 0,
      "status": "success"
    },
    {
      "url": "https://news.qq.com/rain/a/20260903A08S3800",
      "title": "华为最强芯片！麒麟9050 Pro首批支持LPDDR6内存",
      "collection_id": "6a9a3922462e4bbfa78da787",
      "insert_len": 0,
      "status": "success"
    },
    {
      "url": "https://news.qq.com/rain/a/20260903A08S4O00",
      "title": "公积金改革来了：9月起，你的沉睡账户终于能帮你干正事了",
      "collection_id": "6a9a3923462e4bbfa78da7f6",
      "insert_len": 0,
      "status": "success"
    },
    {
      "url": "https://news.qq.com/rain/a/20260903A04K7Q00",
      "title": "A股盘前速览：美股全线收涨，半导体存储多数上涨；日韩股双双高开；金银油走高；燧原公布中签率；中际旭创实控人王伟修质押72.8万股还债",
      "collection_id": "6a9a3923462e4bbfa78da833",
      "insert_len": 0,
      "status": "success"
    },
    {
      "url": "https://news.qq.com/rain/a/20260903A08SPY00",
      "title": "多子真的多福吗？7千名老人研究，为了避免老年孤独，不需要很多孩子，但要有一个女儿",
      "collection_id": "6a9a3924462e4bbfa78da86e",
      "insert_len": 0,
      "status": "success"
    },
    {
      "url": "https://news.qq.com/rain/a/20260903A08SFP00",
      "title": "矿股、资源股与周期的思考",
      "collection_id": "6a9a3924462e4bbfa78da8b3",
      "insert_len": 0,
      "status": "success"
    },
    {
      "url": "https://news.qq.com/rain/a/20260903A08TJI00",
      "title": "一品红：全资子公司获得盐酸舍曲林口服溶液注册证书",
      "collection_id": "6a9a3924462e4bbfa78da8eb",
      "insert_len": 0,
      "status": "success"
    },
    {
      "url": "https://news.qq.com/rain/a/20260903A08TJN00",
      "title": "工信部：我国已建成全球领先的动力电池产业体系，将进一步规范市场竞争秩序",
      "collection_id": "6a9a3925462e4bbfa78da933",
      "insert_len": 0,
      "status": "success"
    },
    {
      "url": "https://news.qq.com/rain/a/20260903A08S4T00",
      "title": "普京称俄罗斯与乌克兰之间仍保持接触",
      "collection_id": "6a9a3925462e4bbfa78da96b",
      "insert_len": 0,
      "status": "success"
    },
    {
      "url": "https://news.qq.com/rain/a/20260903A08TM900",
      "title": "字节跳动推进296亿美元银团贷款",
      "collection_id": "6a9a3925462e4bbfa78da9a2",
      "insert_len": 0,
      "status": "success"
    },
    {
      "url": "https://news.qq.com/rain/a/20260903A08PJT00",
      "title": "视频丨吉隆口岸核心区开展深度搜救 医疗防疫分队现场消杀",
      "collection_id": "6a9a3926462e4bbfa78da9da",
      "insert_len": 0,
      "status": "success"
    },
    {
      "url": "https://news.qq.com/rain/a/20260903A08SKJ00",
      "title": "乌兰浩特市住房和城乡建设局关于公开征集住房城乡建设领域涉黑涉恶违法犯罪线索的公告",
      "collection_id": "6a9a3926462e4bbfa78daa11",
      "insert_len": 0,
      "status": "success"
    },
    {
      "url": "https://news.qq.com/rain/a/20260903A08TOI00",
      "title": "被“法定代表人”后遭限制消费 法院：虚假登记各方构成共同侵权",
      "collection_id": "6a9a3926462e4bbfa78daa49",
      "insert_len": 0,
      "status": "success"
    },
    {
      "url": "https://news.qq.com/rain/a/20260903A08SQV00",
      "title": "",
      "collection_id": null,
      "insert_len": 0,
      "status": "failed",
      "error": "EOF occurred in violation of protocol (_ssl.c:1006)"
    },
    {
      "url": "https://news.qq.com/rain/a/20260903A08SZM00",
      "title": "珠晖区委主要领导调研中心市场群消防安全工作",
      "collection_id": "6a9a3927462e4bbfa78daa82",
      "insert_len": 0,
      "status": "success"
    },
    {
      "url": "https://news.qq.com/rain/a/20260903A08SR700",
      "title": "烟台高新消防开展新学期校园消防安全检查",
      "collection_id": "6a9a3928462e4bbfa78daabb",
      "insert_len": 0,
      "status": "success"
    },
    {
      "url": "https://news.qq.com/rain/a/20260903A08S9Z00",
      "title": "星宇股份批量解约应届生持续发酵，董事长致歉",
      "collection_id": "6a9a3928462e4bbfa78daaf4",
      "insert_len": 0,
      "status": "success"
    },
    {
      "url": "https://news.qq.com/rain/a/20260903A08RA700",
      "title": "青浦：水清岸绿、活水畅流！家门口的水系换新貌了",
      "collection_id": "6a9a392a462e4bbfa78dab2f",
      "insert_len": 0,
      "status": "success"
    },
    {
      "url": "https://news.qq.com/rain/a/20260903A08SPA00",
      "title": "邹平：缅怀先烈铸军魂 纪念抗战胜利81周年主题活动赓续红色血脉",
      "collection_id": "6a9a392a462e4bbfa78dab6a",
      "insert_len": 0,
      "status": "success"
    },
    {
      "url": "https://news.qq.com/rain/a/20260903A077GU00",
      "title": "灾后恢复重建，这些要点请注意",
      "collection_id": "6a9a392c462e4bbfa78daba5",
      "insert_len": 0,
      "status": "success"
    },
    {
      "url": "https://news.qq.com/rain/a/20260903A077X700",
      "title": "",
      "collection_id": null,
      "insert_len": 0,
      "status": "failed",
      "error": "EOF occurred in violation of protocol (_ssl.c:1006)"
    },
    {
      "url": "https://news.qq.com/rain/a/20260903A0782100",
      "title": "三星S27 Ultra或推Exynos版 时隔四年Ultra系列再度搭载",
      "collection_id": "6a9a392d462e4bbfa78dabdd",
      "insert_len": 0,
      "status": "success"
    },
    {
      "url": "https://news.qq.com/rain/a/20260903A0789X00",
      "title": "",
      "collection_id": null,
      "insert_len": 0,
      "status": "failed",
      "error": "新闻内容过短。"
    },
    {
      "url": "https://news.qq.com/rain/a/20260903A0789000",
      "title": "创新药出海放量、盈利拐点显现，南方基金旗下港股通创新药ETF南方(159297)跟踪指数涨2.42%，换手约7.5%交投活跃",
      "collection_id": "6a9a392e462e4bbfa78dac16",
      "insert_len": 0,
      "status": "success"
    },
    {
      "url": "https://news.qq.com/rain/a/20260903A0780W00",
      "title": "重庆一小学拟收取“餐盘清洗费”，一学期45元，官方通报：系面向家长征求意见，未实际收取费用，已责令学校停止，不得实施该项收费服务",
      "collection_id": "6a9a392f462e4bbfa78dac4e",
      "insert_len": 0,
      "status": "success"
    },
    {
      "url": "https://news.qq.com/rain/a/20260903A0788W00",
      "title": "制氧机测评哪款值得入手？10款热门品牌全解析，选购看准3个关键",
      "collection_id": "6a9a3930462e4bbfa78dac86",
      "insert_len": 0,
      "status": "success"
    },
    {
      "url": "https://news.qq.com/rain/a/20260903A078CC00",
      "title": "联合执法纾解民生难题 精细施策提升治理效能——市城管执法支队开展重点区域市容环境综合整治",
      "collection_id": "6a9a3931462e4bbfa78dacfa",
      "insert_len": 0,
      "status": "success"
    },
    {
      "url": "https://news.qq.com/rain/a/20260903A0789100",
      "title": "港股通医药ETF易方达跟踪指数中证港股通医药卫生综合指数上涨1.78%",
      "collection_id": "6a9a3931462e4bbfa78dad2b",
      "insert_len": 0,
      "status": "success"
    },
    {
      "url": "https://news.qq.com/rain/a/20260903A0789M00",
      "title": "“幸运落败者”布云朝克特：一直以世界前50的标准要求自己",
      "collection_id": "6a9a3932462e4bbfa78dada1",
      "insert_len": 0,
      "status": "success"
    },
    {
      "url": "https://news.qq.com/rain/a/20260903A078HV00",
      "title": "泰国总理：泰国属于全体泰国人，无需任何人“讨回” 颂提9月7日将率众上街",
      "collection_id": "6a9a3932462e4bbfa78dad6a",
      "insert_len": 0,
      "status": "success"
    },
    {
      "url": "https://news.qq.com/rain/a/20260903A0742100",
      "title": "市场早盘冲高回落，中证500上涨0.43%，4只相关ETF成交额超1亿元",
      "collection_id": "6a9a3933462e4bbfa78dadda",
      "insert_len": 0,
      "status": "success"
    },
    {
      "url": "https://news.qq.com/rain/a/20260903A078C200",
      "title": "宣教整治双向发力 镇域市容提质增颜——长清城管抓实市容秩序规范提升",
      "collection_id": "6a9a3933462e4bbfa78dae0a",
      "insert_len": 0,
      "status": "success"
    },
    {
      "url": "https://news.qq.com/rain/a/20260903A077VH00",
      "title": "三部门联合出手！《汽车指引》首次划定车企出海合规“红线”，赛力斯率先响应",
      "collection_id": "6a9a3934462e4bbfa78dae4a",
      "insert_len": 0,
      "status": "success"
    },
    {
      "url": "https://news.qq.com/rain/a/20260903A0788200",
      "title": "深挖A股优质资产 外资8月调研次数环比增长118%",
      "collection_id": "6a9a3936462e4bbfa78daebb",
      "insert_len": 0,
      "status": "success"
    },
    {
      "url": "https://news.qq.com/rain/a/20260903A078AN00",
      "title": "第260名不愿与第2600名同住，优越感从何而来？",
      "collection_id": "6a9a3935462e4bbfa78dae83",
      "insert_len": 0,
      "status": "success"
    },
    {
      "url": "https://news.qq.com/rain/a/20260903A077BG00",
      "title": "台风“科罗旺”今夜移入东海！9月将有多个台风生成",
      "collection_id": "6a9a3936462e4bbfa78daeeb",
      "insert_len": 0,
      "status": "success"
    },
    {
      "url": "https://news.qq.com/rain/a/20260903A078F400",
      "title": "亏近20亿背后，这家车企的高端品牌成关键变量？",
      "collection_id": "6a9a3937462e4bbfa78daf2e",
      "insert_len": 0,
      "status": "success"
    },
    {
      "url": "https://news.qq.com/rain/a/20260903A077IE00",
      "title": "",
      "collection_id": null,
      "insert_len": 0,
      "status": "failed",
      "error": "EOF occurred in violation of protocol (_ssl.c:1006)"
    },
    {
      "url": "https://news.qq.com/rain/a/20260903A078R400",
      "title": "",
      "collection_id": null,
      "insert_len": 0,
      "status": "failed",
      "error": "EOF occurred in violation of protocol (_ssl.c:1006)"
    },
    {
      "url": "https://news.qq.com/rain/a/20260903A078ON00",
      "title": "三星将在越南芯片工厂新增1612台设备",
      "collection_id": "6a9a393c462e4bbfa78daf7a",
      "insert_len": 0,
      "status": "success"
    },
    {
      "url": "https://news.qq.com/rain/a/20260903A078A200",
      "title": "",
      "collection_id": null,
      "insert_len": 0,
      "status": "failed",
      "error": "EOF occurred in violation of protocol (_ssl.c:1006)"
    },
    {
      "url": "https://news.qq.com/rain/a/20260903A078AT00",
      "title": "秋果上架满目新，哪些品类正在成为消费市场的新宠？",
      "collection_id": "6a9a394e462e4bbfa78db173",
      "insert_len": 0,
      "status": "success"
    },
    {
      "url": "https://news.qq.com/rain/a/20260903A078EY00",
      "title": "《背后2》将于9月5日起播出，将继续联动湖南卫视、芒果TV等爆款节目做心灵访谈",
      "collection_id": "6a9a3942462e4bbfa78dafb3",
      "insert_len": 0,
      "status": "success"
    },
    {
      "url": "https://news.qq.com/rain/a/20260903A078BY00",
      "title": "51岁中国公民被美移民执法局拘留后死亡，中领馆：严重关切",
      "collection_id": "6a9a3942462e4bbfa78dafeb",
      "insert_len": 0,
      "status": "success"
    },
    {
      "url": "https://news.qq.com/rain/a/20260903A078AF00",
      "title": "降低加盟商开店门槛！古茗更新加盟政策",
      "collection_id": "6a9a3943462e4bbfa78db022",
      "insert_len": 0,
      "status": "success"
    },
    {
      "url": "https://news.qq.com/rain/a/20260903A078O900",
      "title": "上调2026至28年股息预测，瑞银：上调九龙仓置业目标价至31.7港元",
      "collection_id": "6a9a3944462e4bbfa78db059",
      "insert_len": 0,
      "status": "success"
    },
    {
      "url": "https://news.qq.com/rain/a/20260903A0789F00",
      "title": "盘中，南向资金连买7日！港股红利低波ETF招商(520550)份额历史新高，中信证券点名这一方向",
      "collection_id": "6a9a3945462e4bbfa78db090",
      "insert_len": 0,
      "status": "success"
    },
    {
      "url": "https://news.qq.com/rain/a/20260903A078AE00",
      "title": "俄外长：中国的发展速度是西方难以企及的",
      "collection_id": "6a9a3945462e4bbfa78db0c7",
      "insert_len": 0,
      "status": "success"
    },
    {
      "url": "https://news.qq.com/rain/a/20260903A077X500",
      "title": "",
      "collection_id": null,
      "insert_len": 0,
      "status": "failed",
      "error": "EOF occurred in violation of protocol (_ssl.c:1006)"
    },
    {
      "url": "https://news.qq.com/rain/a/20260903A078BV00",
      "title": "",
      "collection_id": null,
      "insert_len": 0,
      "status": "failed",
      "error": "新闻内容过短。"
    },
    {
      "url": "https://news.qq.com/rain/a/20260903A077JB00",
      "title": "华西天府医院小儿外科病房正式启用",
      "collection_id": "6a9a394c462e4bbfa78db104",
      "insert_len": 0,
      "status": "success"
    },
    {
      "url": "https://news.qq.com/rain/a/20260903A078C400",
      "title": "",
      "collection_id": null,
      "insert_len": 0,
      "status": "failed",
      "error": "新闻内容过短。"
    },
    {
      "url": "https://news.qq.com/rain/a/20260903A078OZ00",
      "title": "国科光芯完成数亿元B+轮融资",
      "collection_id": "6a9a394d462e4bbfa78db13c",
      "insert_len": 0,
      "status": "success"
    },
    {
      "url": "https://news.qq.com/rain/a/20260903A077G900",
      "title": "品秋味，迎中秋！“运河大集”推出11条新线路~",
      "collection_id": "6a9a394e462e4bbfa78db1a3",
      "insert_len": 0,
      "status": "success"
    },
    {
      "url": "https://news.qq.com/rain/a/20260903A078P300",
      "title": "",
      "collection_id": null,
      "insert_len": 0,
      "status": "failed",
      "error": "EOF occurred in violation of protocol (_ssl.c:1006)"
    },
    {
      "url": "https://news.qq.com/rain/a/20260903A077MC00",
      "title": "霍启刚发文悼念",
      "collection_id": "6a9a3950462e4bbfa78db1e2",
      "insert_len": 0,
      "status": "success"
    },
    {
      "url": "https://news.qq.com/rain/a/20260903A078OT00",
      "title": "天伦燃气提交8月证券变动月报表 股本结构无变动",
      "collection_id": "6a9a3952462e4bbfa78db21c",
      "insert_len": 0,
      "status": "success"
    },
    {
      "url": "https://news.qq.com/rain/a/20260903A076XC00",
      "title": "暖心收心迎开学，多元课堂润童心！鲁信长春社区暑期收心营赋能少年成长",
      "collection_id": "6a9a3952462e4bbfa78db253",
      "insert_len": 0,
      "status": "success"
    },
    {
      "url": "https://news.qq.com/rain/a/20260903A078EQ00",
      "title": "“笑着吃外卖”走红骑手重返校园，曾因经济拮据休学跑外卖，现已攒够学费生活费",
      "collection_id": "6a9a3953462e4bbfa78db28d",
      "insert_len": 0,
      "status": "success"
    },
    {
      "url": "https://news.qq.com/rain/a/20260903A078B900",
      "title": "",
      "collection_id": null,
      "insert_len": 0,
      "status": "failed",
      "error": "新闻内容过短。"
    },
    {
      "url": "https://news.qq.com/rain/a/20260903A078EK00",
      "title": "",
      "collection_id": null,
      "insert_len": 0,
      "status": "failed",
      "error": "EOF occurred in violation of protocol (_ssl.c:1006)"
    },
    {
      "url": "https://news.qq.com/rain/a/20260903A078OH00",
      "title": "比亚迪：截至8月28日，仅用5个月已建成1万座闪充站",
      "collection_id": "6a9a3955462e4bbfa78db2c6",
      "insert_len": 0,
      "status": "success"
    },
    {
      "url": "https://news.qq.com/rain/a/20260903A078BL00",
      "title": "",
      "collection_id": null,
      "insert_len": 0,
      "status": "failed",
      "error": "新闻内容过短。"
    },
    {
      "url": "https://news.qq.com/rain/a/20260903A077FH00",
      "title": "这届大学生，已经开始用AI“创造未来”了",
      "collection_id": "6a9a3956462e4bbfa78db2fe",
      "insert_len": 0,
      "status": "success"
    },
    {
      "url": "https://news.qq.com/rain/a/20260903A078ZS00",
      "title": "枣庄服务企业年·峄企成长｜“零的突破”背后：一家污水处理厂的省级补贴之路",
      "collection_id": "6a9a3957462e4bbfa78db34d",
      "insert_len": 0,
      "status": "success"
    },
    {
      "url": "https://news.qq.com/rain/a/20260903A078WE00",
      "title": "双城墨韵绽羌乡 艺脉相连跨山海柯城与北川双向奔赴 共绘文艺协作新篇",
      "collection_id": "6a9a3959462e4bbfa78db38c",
      "insert_len": 0,
      "status": "success"
    },
    {
      "url": "https://news.qq.com/rain/a/20260903A078TU00",
      "title": "广州新房二手房价格连涨数月，量跌价涨背后释放什么信号",
      "collection_id": "6a9a395c462e4bbfa78db3c7",
      "insert_len": 0,
      "status": "success"
    },
    {
      "url": "https://news.qq.com/rain/a/20260903A0792A00",
      "title": "",
      "collection_id": null,
      "insert_len": 0,
      "status": "failed",
      "error": "新闻内容过短。"
    },
    {
      "url": "https://news.qq.com/rain/a/20260903A078L300",
      "title": "",
      "collection_id": null,
      "insert_len": 0,
      "status": "failed",
      "error": "EOF occurred in violation of protocol (_ssl.c:1006)"
    },
    {
      "url": "https://news.qq.com/rain/a/20260903A078OI00",
      "title": "产品组合及利润率改善，招银国际微降英诺赛科目标价至74.2港元",
      "collection_id": "6a9a395d462e4bbfa78db40b",
      "insert_len": 0,
      "status": "success"
    },
    {
      "url": "https://news.qq.com/rain/a/20260903A078BR00",
      "title": "",
      "collection_id": null,
      "insert_len": 0,
      "status": "failed",
      "error": "新闻内容过短。"
    },
    {
      "url": "https://news.qq.com/rain/a/20260903A0791E00",
      "title": "",
      "collection_id": null,
      "insert_len": 0,
      "status": "failed",
      "error": "EOF occurred in violation of protocol (_ssl.c:1006)"
    },
    {
      "url": "https://news.qq.com/rain/a/20260903A076N800",
      "title": "216亿英镑，英国援乌刷存在感，伦敦有意把乌克兰当作军工厂",
      "collection_id": "6a9a3960462e4bbfa78db443",
      "insert_len": 0,
      "status": "success"
    },
    {
      "url": "https://news.qq.com/rain/a/20260903A078OJ00",
      "title": "动力电池消费税正式落地！新能源车会涨价吗？",
      "collection_id": "6a9a3962462e4bbfa78db47c",
      "insert_len": 0,
      "status": "success"
    },
    {
      "url": "https://news.qq.com/rain/a/20260903A05CMW00",
      "title": "Sidery：快船与猛龙之间的科怀-伦纳德交易即将正式完成",
      "collection_id": "6a9a3963462e4bbfa78db4c1",
      "insert_len": 0,
      "status": "success"
    },
    {
      "url": "https://news.qq.com/rain/a/20260903A078Z100",
      "title": "ETF异动 | 韩股ETF午后一度大跳水 美国预告“定向半导体关税” 韩总统府称具体内容尚未敲定",
      "collection_id": "6a9a3964462e4bbfa78db4f8",
      "insert_len": 0,
      "status": "success"
    },
    {
      "url": "https://news.qq.com/rain/a/20260903A077X000",
      "title": "2026光谷马拉松报名开启！200个名额直通2027年“汉马” ，设置企业团队挑战赛",
      "collection_id": "6a9a3964462e4bbfa78db52f",
      "insert_len": 0,
      "status": "success"
    },
    {
      "url": "https://news.qq.com/rain/a/20260903A0789O00",
      "title": "“梅姨”被提起公诉 寻子父亲申军良：想当面问问她是否为人父母，可曾看见寻子父母崩溃的模样？",
      "collection_id": "6a9a3966462e4bbfa78db568",
      "insert_len": 0,
      "status": "success"
    },
    {
      "url": "https://news.qq.com/rain/a/20260903A078XU00",
      "title": "高盛警告：未来一年做好全球股市回报率下降的准备",
      "collection_id": "6a9a3966462e4bbfa78db598",
      "insert_len": 0,
      "status": "success"
    },
    {
      "url": "https://news.qq.com/rain/a/20260903A03QDZ00",
      "title": "美国明尼阿波利斯大规模枪击事件已致3人死亡",
      "collection_id": "6a9a3967462e4bbfa78db5d8",
      "insert_len": 0,
      "status": "success"
    },
    {
      "url": "https://news.qq.com/rain/a/20260903A078P400",
      "title": "美银：下调恒基地产目标价至31港元，评级降至“中性”",
      "collection_id": "6a9a396a462e4bbfa78db6c7",
      "insert_len": 0,
      "status": "success"
    },
    {
      "url": "https://news.qq.com/rain/a/20260903A078I200",
      "title": "泰国总理接见女排国手 秀垫球笑称帮政府免挨骂",
      "collection_id": "6a9a3968462e4bbfa78db610",
      "insert_len": 0,
      "status": "success"
    },
    {
      "url": "https://news.qq.com/rain/a/20260903A0793B00",
      "title": "全市乡村振兴示范带建设工作推进会召开 张晓强出席并讲话",
      "collection_id": "6a9a3969462e4bbfa78db655",
      "insert_len": 0,
      "status": "success"
    },
    {
      "url": "https://news.qq.com/rain/a/20260903A077JI00",
      "title": "提前下注、长期陪跑！成都三重资本押中宇树，为什么人形机器人头部企业爱来成都？",
      "collection_id": "6a9a3969462e4bbfa78db68e",
      "insert_len": 0,
      "status": "success"
    },
    {
      "url": "https://news.qq.com/rain/a/20260903A076Y800",
      "title": "火灾报警先看广告？应急时刻必须隔绝商业侵扰",
      "collection_id": "6a9a396a462e4bbfa78db6fe",
      "insert_len": 0,
      "status": "success"
    },
    {
      "url": "https://news.qq.com/rain/a/20260903A079AX00",
      "title": "男裤一哥，投资“翻车”",
      "collection_id": "6a9a396b462e4bbfa78db76f",
      "insert_len": 0,
      "status": "success"
    },
    {
      "url": "https://news.qq.com/rain/a/20260903A078OL00",
      "title": "华盛昌涨停炸板再回封，市值站上200亿元",
      "collection_id": "6a9a396b462e4bbfa78db736",
      "insert_len": 0,
      "status": "success"
    },
    {
      "url": "https://news.qq.com/rain/a/20260903A078OR00",
      "title": "招银国际：时代天使上半年业绩胜预期，目标价升至114.21港元",
      "collection_id": "6a9a396c462e4bbfa78db7be",
      "insert_len": 0,
      "status": "success"
    },
    {
      "url": "https://news.qq.com/rain/a/20260903A0783500",
      "title": "最新通知！莆田、福清、闽侯、永泰、闽清实行“三停一休” ，平潭停课半天！",
      "collection_id": "6a9a396c462e4bbfa78db7f6",
      "insert_len": 0,
      "status": "success"
    },
    {
      "url": "https://news.qq.com/rain/a/20260903A076VP00",
      "title": "国航一架大型客机被意外损伤，滞留美国",
      "collection_id": "6a9a396d462e4bbfa78db836",
      "insert_len": 0,
      "status": "success"
    },
    {
      "url": "https://news.qq.com/rain/a/20260903A0797100",
      "title": "事关东西湖，武汉公交最新调整",
      "collection_id": "6a9a396f462e4bbfa78db8ee",
      "insert_len": 0,
      "status": "success"
    },
    {
      "url": "https://news.qq.com/rain/a/20260903A0790500",
      "title": "大观园：泉城济南90余年商业兴衰和市井生活变迁的“见证者”",
      "collection_id": "6a9a396e462e4bbfa78db897",
      "insert_len": 0,
      "status": "success"
    },
    {
      "url": "https://news.qq.com/rain/a/20260903A077L400",
      "title": "港股通医药ETF易方达(513200)跟踪指数中证港股通医药卫生综合指数上涨1.78%",
      "collection_id": "6a9a396f462e4bbfa78db8f0",
      "insert_len": 0,
      "status": "success"
    },
    {
      "url": "https://news.qq.com/rain/a/20260903A078ZW00",
      "title": "厚植红色根脉 推动“三风”共育",
      "collection_id": "6a9a3970462e4bbfa78db992",
      "insert_len": 0,
      "status": "success"
    },
    {
      "url": "https://news.qq.com/rain/a/20260903A075QM00",
      "title": "全日空推出服务机器人，应对巨大国际客流",
      "collection_id": "6a9a396f462e4bbfa78db959",
      "insert_len": 0,
      "status": "success"
    },
    {
      "url": "https://news.qq.com/rain/a/20260903A078YD00",
      "title": "百金突破，底气在人才",
      "collection_id": "6a9a3970462e4bbfa78db9c6",
      "insert_len": 0,
      "status": "success"
    },
    {
      "url": "https://news.qq.com/rain/a/20260903A079CG00",
      "title": "乳山：全产业链发力 小牡蛎闯出大市场",
      "collection_id": "6a9a3971462e4bbfa78dba0f",
      "insert_len": 0,
      "status": "success"
    },
    {
      "url": "https://news.qq.com/rain/a/20260903A0796Z00",
      "title": "2026世界动力电池大会西班牙主宾国馆正式开馆",
      "collection_id": "6a9a3971462e4bbfa78dba40",
      "insert_len": 0,
      "status": "success"
    },
    {
      "url": "https://news.qq.com/rain/a/20260903A079E600",
      "title": "",
      "collection_id": null,
      "insert_len": 0,
      "status": "failed",
      "error": "EOF occurred in violation of protocol (_ssl.c:1006)"
    },
    {
      "url": "https://news.qq.com/rain/a/20260903A058P400",
      "title": "摩纳哥CEO：转会市场总会峰回路转，难道只有摩纳哥是坏人？",
      "collection_id": "6a9a3972462e4bbfa78dba82",
      "insert_len": 0,
      "status": "success"
    },
    {
      "url": "https://news.qq.com/rain/a/20260903A078P700",
      "title": "明日猪价 2026.9.4生猪价格行情涨跌表 压价失败 多地再次上涨",
      "collection_id": "6a9a3972462e4bbfa78dbaeb",
      "insert_len": 0,
      "status": "success"
    },
    {
      "url": "https://news.qq.com/rain/a/20260903A078KV00",
      "title": "轻薄之上，自有从容 | 七彩虹E14超轻薄本新品上市，首发4299元 ！",
      "collection_id": "6a9a3973462e4bbfa78dbb3d",
      "insert_len": 0,
      "status": "success"
    },
    {
      "url": "https://news.qq.com/rain/a/20260903A079A000",
      "title": "深市债讯｜北京国资公司商业不动产REIT在深交所成功上市",
      "collection_id": "6a9a3975462e4bbfa78dbb79",
      "insert_len": 0,
      "status": "success"
    },
    {
      "url": "https://news.qq.com/rain/a/20260903A0795400",
      "title": "",
      "collection_id": null,
      "insert_len": 0,
      "status": "failed",
      "error": "EOF occurred in violation of protocol (_ssl.c:1006)"
    },
    {
      "url": "https://news.qq.com/rain/a/20260903A0793700",
      "title": "张本智和：亚运会毫无疑问要击败中国队夺冠！我的竞技状态在往上走",
      "collection_id": "6a9a3977462e4bbfa78dbbc0",
      "insert_len": 0,
      "status": "success"
    },
    {
      "url": "https://news.qq.com/rain/a/20260903A079YU00",
      "title": "",
      "collection_id": null,
      "insert_len": 0,
      "status": "failed",
      "error": "EOF occurred in violation of protocol (_ssl.c:1006)"
    },
    {
      "url": "https://news.qq.com/rain/a/20260903A0794W00",
      "title": "销售费用砍了五成，金种子酒还是亏了6483万",
      "collection_id": "6a9a397b462e4bbfa78dbbfb",
      "insert_len": 0,
      "status": "success"
    },
    {
      "url": "https://news.qq.com/rain/a/20260903A078TV00",
      "title": "知名品牌原切牛肉卷检出瓜尔胶，下架召回！涉事企业被立案，官方通报",
      "collection_id": "6a9a397c462e4bbfa78dbc3f",
      "insert_len": 0,
      "status": "success"
    },
    {
      "url": "https://news.qq.com/rain/a/20260903A058PG00",
      "title": "Sidery：快船为卡椒送出SGA+10首轮，史上影响最深远的交易",
      "collection_id": "6a9a397c462e4bbfa78dbc79",
      "insert_len": 0,
      "status": "success"
    },
    {
      "url": "https://news.qq.com/rain/a/20260903A077H400",
      "title": "英超助攻榜诞生新纪录：B费单季21次 为什么吉格斯的总榜仍难超越",
      "collection_id": "6a9a397c462e4bbfa78dbca9",
      "insert_len": 0,
      "status": "success"
    },
    {
      "url": "https://news.qq.com/rain/a/20260903A0797K00",
      "title": "提出22项重点任务 上海发布加快国际贸易中心建设“十五五”规划",
      "collection_id": "6a9a397e462e4bbfa78dbcf5",
      "insert_len": 0,
      "status": "success"
    },
    {
      "url": "https://news.qq.com/rain/a/20260903A079FH00",
      "title": "广西将推动桂京琼三地联动 与东盟各国共建服务贸易开放合作高地",
      "collection_id": "6a9a397e462e4bbfa78dbd2d",
      "insert_len": 0,
      "status": "success"
    },
    {
      "url": "https://news.qq.com/rain/a/20260903A079OA00",
      "title": "悉尼发生疑似“认错人”引发的致命枪击案 23岁大学生身亡",
      "collection_id": "6a9a397e462e4bbfa78dbd5d",
      "insert_len": 0,
      "status": "success"
    },
    {
      "url": "https://news.qq.com/rain/a/20260903A0791200",
      "title": "常州，即将再次“升空”",
      "collection_id": "6a9a397f462e4bbfa78dbdcc",
      "insert_len": 0,
      "status": "success"
    },
    {
      "url": "https://news.qq.com/rain/a/20260903A0790200",
      "title": "美国女篮世界杯大名单：克拉克、佩吉领衔，安吉尔-里斯在列",
      "collection_id": "6a9a397f462e4bbfa78dbd9c",
      "insert_len": 0,
      "status": "success"
    },
    {
      "url": "https://news.qq.com/rain/a/20260903A078RJ00",
      "title": "",
      "collection_id": null,
      "insert_len": 0,
      "status": "failed",
      "error": "新闻内容过短。"
    },
    {
      "url": "https://news.qq.com/rain/a/20260903A0796W00",
      "title": "区委常委会（扩大）会议召开",
      "collection_id": "6a9a3981462e4bbfa78dbe47",
      "insert_len": 0,
      "status": "success"
    },
    {
      "url": "https://news.qq.com/rain/a/20260903A078U000",
      "title": "国家体育总局：让各类主体都能成为竞技体育的合伙人",
      "collection_id": "6a9a3981462e4bbfa78dbe17",
      "insert_len": 0,
      "status": "success"
    },
    {
      "url": "https://news.qq.com/rain/a/20260903A079PD00",
      "title": "省级专项课题！深圳这33位老师上榜",
      "collection_id": "6a9a3981462e4bbfa78dbe98",
      "insert_len": 0,
      "status": "success"
    },
    {
      "url": "https://news.qq.com/rain/a/20260903A079NK00",
      "title": "欧洲主要股指期货小幅上涨",
      "collection_id": "6a9a3981462e4bbfa78dbe9c",
      "insert_len": 0,
      "status": "success"
    },
    {
      "url": "https://news.qq.com/rain/a/20260903A079CI00",
      "title": "",
      "collection_id": null,
      "insert_len": 0,
      "status": "failed",
      "error": "EOF occurred in violation of protocol (_ssl.c:1006)"
    },
    {
      "url": "https://news.qq.com/rain/a/20260903A079MD00",
      "title": "天猫上线Token充值中心，首批接入阿里云、智谱、Kimi、MiniMax",
      "collection_id": "6a9a3982462e4bbfa78dbef7",
      "insert_len": 0,
      "status": "success"
    },
    {
      "url": "https://news.qq.com/rain/a/20260903A0796N00",
      "title": "韩国电力向三星、SK海力士要求预付25万亿韩元电费",
      "collection_id": "6a9a3983462e4bbfa78dbf30",
      "insert_len": 0,
      "status": "success"
    },
    {
      "url": "https://news.qq.com/rain/a/20260903A079P600",
      "title": "英伟达豪掷140亿美元收购Hugging Face？ 分析师：或重构全球AI开源体系",
      "collection_id": "6a9a3984462e4bbfa78dbf6b",
      "insert_len": 0,
      "status": "success"
    },
    {
      "url": "https://news.qq.com/rain/a/20260903A079XC00",
      "title": "新疆昌吉州昌吉市发生3.8级地震 震源深度25公里",
      "collection_id": "6a9a3985462e4bbfa78dbfaf",
      "insert_len": 0,
      "status": "success"
    },
    {
      "url": "https://news.qq.com/rain/a/20260903A07A1300",
      "title": "",
      "collection_id": null,
      "insert_len": 0,
      "status": "failed",
      "error": "EOF occurred in violation of protocol (_ssl.c:1006)"
    },
    {
      "url": "https://news.qq.com/rain/a/20260903A079RT00",
      "title": "体彩民间棋王争霸赛广州海选赛花絮：方寸棋盘，烟火棋王",
      "collection_id": "6a9a3987462e4bbfa78dbfec",
      "insert_len": 0,
      "status": "success"
    },
    {
      "url": "https://news.qq.com/rain/a/20260903A07A3L00",
      "title": "明月湖3个科研项目获批国家自然科学基金资助",
      "collection_id": "6a9a3988462e4bbfa78dc025",
      "insert_len": 0,
      "status": "success"
    },
    {
      "url": "https://news.qq.com/rain/a/20260903A079WS00",
      "title": "“赛考斯”返美：“我把一部分的心留在了中国”",
      "collection_id": "6a9a3988462e4bbfa78dc06a",
      "insert_len": 0,
      "status": "success"
    },
    {
      "url": "https://news.qq.com/rain/a/20260903A078D600",
      "title": "全球民航业最成功的25个国家（和地区）",
      "collection_id": "6a9a3989462e4bbfa78dc0a2",
      "insert_len": 0,
      "status": "success"
    },
    {
      "url": "https://news.qq.com/rain/a/20260903A07AEE00",
      "title": "十四届高密市委第九轮巡察完成反馈",
      "collection_id": "6a9a398a462e4bbfa78dc0e7",
      "insert_len": 0,
      "status": "success"
    },
    {
      "url": "https://news.qq.com/rain/a/20260903A0797N00",
      "title": "",
      "collection_id": null,
      "insert_len": 0,
      "status": "failed",
      "error": "EOF occurred in violation of protocol (_ssl.c:1006)"
    },
    {
      "url": "https://news.qq.com/rain/a/20260903A079YP00",
      "title": "吉达联合官方：从本菲卡租借26岁中场里奥斯；据悉无买断",
      "collection_id": "6a9a398a462e4bbfa78dc11f",
      "insert_len": 0,
      "status": "success"
    },
    {
      "url": "https://news.qq.com/rain/a/20260903A058OX00",
      "title": "",
      "collection_id": null,
      "insert_len": 0,
      "status": "failed",
      "error": "EOF occurred in violation of protocol (_ssl.c:1006)"
    },
    {
      "url": "https://news.qq.com/rain/a/20260903A07A1U00",
      "title": "2026重庆秋交会线下展会正式启幕",
      "collection_id": "6a9a398f462e4bbfa78dc15b",
      "insert_len": 0,
      "status": "success"
    },
    {
      "url": "https://news.qq.com/rain/a/20260903A07A0900",
      "title": "提前布局！曼联左后卫仍需补强 冬窗可签国米28岁飞翼",
      "collection_id": "6a9a3990462e4bbfa78dc194",
      "insert_len": 0,
      "status": "success"
    },
    {
      "url": "https://news.qq.com/rain/a/20260903A07A0S00",
      "title": "除去六耳赵云，排位还有两大隐藏野王，刘备加强之后闷声上大分",
      "collection_id": "6a9a3991462e4bbfa78dc1cc",
      "insert_len": 0,
      "status": "success"
    },
    {
      "url": "https://news.qq.com/rain/a/20260903A07A3600",
      "title": "",
      "collection_id": null,
      "insert_len": 0,
      "status": "failed",
      "error": "EOF occurred in violation of protocol (_ssl.c:1006)"
    },
    {
      "url": "https://news.qq.com/rain/a/20260903A079ZP00",
      "title": "美军称击沉一艘贩毒组织补给船",
      "collection_id": "6a9a3991462e4bbfa78dc204",
      "insert_len": 0,
      "status": "success"
    },
    {
      "url": "https://news.qq.com/rain/a/20260903A079Z500",
      "title": "刚果（布）首批享受零关税政策茯苓产品启运输华",
      "collection_id": "6a9a3992462e4bbfa78dc23b",
      "insert_len": 0,
      "status": "success"
    },
    {
      "url": "https://news.qq.com/rain/a/20260903A079ZK00",
      "title": "PJ：利物浦今夏认为砸巴尔科拉要比分散资金买其他轮换更好",
      "collection_id": "6a9a3993462e4bbfa78dc272",
      "insert_len": 0,
      "status": "success"
    },
    {
      "url": "https://news.qq.com/rain/a/20260903A079OO00",
      "title": "盐城工学院社会实践团，把公益国画课堂搬进荷花园",
      "collection_id": "6a9a3993462e4bbfa78dc2ba",
      "insert_len": 0,
      "status": "success"
    },
    {
      "url": "https://news.qq.com/rain/a/20260903A079VC00",
      "title": "世界气象组织：超强厄尔尼诺致极端天气风险上升",
      "collection_id": "6a9a3994462e4bbfa78dc2ff",
      "insert_len": 0,
      "status": "success"
    },
    {
      "url": "https://news.qq.com/rain/a/20260903A079X500",
      "title": "轨道送餐、不卖服务，海底捞用“寿司郎模式”重做火锅？",
      "collection_id": "6a9a3995462e4bbfa78dc338",
      "insert_len": 0,
      "status": "success"
    },
    {
      "url": "https://news.qq.com/rain/a/20260903A07ABI00",
      "title": "",
      "collection_id": null,
      "insert_len": 0,
      "status": "failed",
      "error": "EOF occurred in violation of protocol (_ssl.c:1006)"
    },
    {
      "url": "https://news.qq.com/rain/a/20260903A079Y800",
      "title": "新疆昌吉州昌吉市发生3.8级地震，震源深度25千米",
      "collection_id": "6a9a3996462e4bbfa78dc37c",
      "insert_len": 0,
      "status": "success"
    },
    {
      "url": "https://news.qq.com/rain/a/20260903A079Z800",
      "title": "二十年助学接力！南京医科大学“药香助苗”开课啦",
      "collection_id": "6a9a3997462e4bbfa78dc3b4",
      "insert_len": 0,
      "status": "success"
    },
    {
      "url": "https://news.qq.com/rain/a/20260903A0717300",
      "title": "",
      "collection_id": null,
      "insert_len": 0,
      "status": "failed",
      "error": "EOF occurred in violation of protocol (_ssl.c:1006)"
    },
    {
      "url": "https://news.qq.com/rain/a/20260903A07AE700",
      "title": "",
      "collection_id": null,
      "insert_len": 0,
      "status": "failed",
      "error": "新闻正文为空。"
    },
    {
      "url": "https://news.qq.com/rain/a/20260903A07A6F00",
      "title": "",
      "collection_id": null,
      "insert_len": 0,
      "status": "failed",
      "error": "EOF occurred in violation of protocol (_ssl.c:1006)"
    },
    {
      "url": "https://news.qq.com/rain/a/20260903A07A1600",
      "title": "从禀赋红利到治理红利：茅台连续21年“最受赞赏”的新注脚",
      "collection_id": "6a9a399c462e4bbfa78dc3f4",
      "insert_len": 0,
      "status": "success"
    },
    {
      "url": "https://news.qq.com/rain/a/20260903A0794B00",
      "title": "",
      "collection_id": null,
      "insert_len": 0,
      "status": "failed",
      "error": "EOF occurred in violation of protocol (_ssl.c:1006)"
    },
    {
      "url": "https://news.qq.com/rain/a/20260903A07AAP00",
      "title": "",
      "collection_id": null,
      "insert_len": 0,
      "status": "failed",
      "error": "EOF occurred in violation of protocol (_ssl.c:1006)"
    },
    {
      "url": "https://news.qq.com/rain/a/20260903A079JM00",
      "title": "这就是观音堂煤矿 | 百年观音堂  民族第一矿",
      "collection_id": "6a9a39a2462e4bbfa78dc451",
      "insert_len": 0,
      "status": "success"
    },
    {
      "url": "https://news.qq.com/rain/a/20260903A07A3T00",
      "title": "",
      "collection_id": null,
      "insert_len": 0,
      "status": "failed",
      "error": "EOF occurred in violation of protocol (_ssl.c:1006)"
    },
    {
      "url": "https://news.qq.com/rain/a/20260903A079KW00",
      "title": "奎罗斯续约加纳 他能成世界杯史上第二老教练吗？",
      "collection_id": "6a9a39a6462e4bbfa78dc481",
      "insert_len": 0,
      "status": "success"
    },
    {
      "url": "https://news.qq.com/rain/a/20260903A07AE600",
      "title": "",
      "collection_id": null,
      "insert_len": 0,
      "status": "failed",
      "error": "EOF occurred in violation of protocol (_ssl.c:1006)"
    },
    {
      "url": "https://news.qq.com/rain/a/20260903A079Y500",
      "title": "中国女篮确定世界杯12人名单，李月汝因护照遗失无缘",
      "collection_id": "6a9a39a9462e4bbfa78dc4cc",
      "insert_len": 0,
      "status": "success"
    },
    {
      "url": "https://news.qq.com/rain/a/20260903A079ZG00",
      "title": "俄副总理诺瓦克：俄罗斯今年石油产量下降是暂时现象",
      "collection_id": "6a9a39a9462e4bbfa78dc4fc",
      "insert_len": 0,
      "status": "success"
    },
    {
      "url": "https://news.qq.com/rain/a/20260903A07A6T00",
      "title": "",
      "collection_id": null,
      "insert_len": 0,
      "status": "failed",
      "error": "EOF occurred in violation of protocol (_ssl.c:1006)"
    },
    {
      "url": "https://news.qq.com/rain/a/20260903A07A5200",
      "title": "",
      "collection_id": null,
      "insert_len": 0,
      "status": "failed",
      "error": "EOF occurred in violation of protocol (_ssl.c:1006)"
    },
    {
      "url": "https://news.qq.com/rain/a/20260903A07A2D00",
      "title": "核心城市房价为何一定会回暖甚至创新高",
      "collection_id": "6a9a39af462e4bbfa78dc53f",
      "insert_len": 0,
      "status": "success"
    },
    {
      "url": "https://news.qq.com/rain/a/20260903A079MQ00",
      "title": "固生堂2026H1：业绩稳健增长，全球化布局提速",
      "collection_id": "6a9a39b0462e4bbfa78dc573",
      "insert_len": 0,
      "status": "success"
    },
    {
      "url": "https://news.qq.com/rain/a/20260903A07ABC00",
      "title": "“金刚狼”携手朱迪科默亮相首映礼，休杰克曼自曝读完《罗宾汉之死》剧本哭了",
      "collection_id": "6a9a39b1462e4bbfa78dc5ab",
      "insert_len": 0,
      "status": "success"
    },
    {
      "url": "https://news.qq.com/rain/a/20260903A07AEC00",
      "title": "铁路安全进校园  上好开学“第一课”——高密市护路办联合多部门走进东关小学开展爱路护路宣教活动",
      "collection_id": "6a9a39b1462e4bbfa78dc5db",
      "insert_len": 0,
      "status": "success"
    },
    {
      "url": "https://news.qq.com/rain/a/20260903A07A1S00",
      "title": "",
      "collection_id": null,
      "insert_len": 0,
      "status": "failed",
      "error": "EOF occurred in violation of protocol (_ssl.c:1006)"
    },
    {
      "url": "https://news.qq.com/rain/a/20260903A078P000",
      "title": "视频丨家事“闹”到班级群构成家暴！这些行为侵害孩子人格权",
      "collection_id": "6a9a39b2462e4bbfa78dc60b",
      "insert_len": 0,
      "status": "success"
    },
    {
      "url": "https://news.qq.com/rain/a/20260903A079YN00",
      "title": "",
      "collection_id": null,
      "insert_len": 0,
      "status": "failed",
      "error": "EOF occurred in violation of protocol (_ssl.c:1006)"
    },
    {
      "url": "https://news.qq.com/rain/a/20260903A079FR00",
      "title": "全球首款AI智能体手机获入网许可",
      "collection_id": "6a9a39b7462e4bbfa78dc63f",
      "insert_len": 0,
      "status": "success"
    },
    {
      "url": "https://news.qq.com/rain/a/20260903A07AE400",
      "title": "日照德润建筑工程有限公司新增被执行人信息 执行标的 10.5884 万元",
      "collection_id": "6a9a39b8462e4bbfa78dc66f",
      "insert_len": 0,
      "status": "success"
    },
    {
      "url": "https://news.qq.com/rain/a/20260903A07ACK00",
      "title": "",
      "collection_id": null,
      "insert_len": 0,
      "status": "failed",
      "error": "新闻内容过短。"
    },
    {
      "url": "https://news.qq.com/rain/a/20260903A07ANZ00",
      "title": "侯增谦院士：天问三号将探寻火星生命痕迹",
      "collection_id": "6a9a39b8462e4bbfa78dc69c",
      "insert_len": 0,
      "status": "success"
    },
    {
      "url": "https://news.qq.com/rain/a/20260903A07A2G00",
      "title": "西安多家景区推出教师节免票福利",
      "collection_id": "6a9a39bd462e4bbfa78dc76d",
      "insert_len": 0,
      "status": "success"
    },
    {
      "url": "https://news.qq.com/rain/a/20260903A079NQ00",
      "title": "南向资金，连续7日抢筹！股息率5.31%+PB仅0.66倍，港股红利低波ETF招商(520550)份额悄然历史新高",
      "collection_id": "6a9a39b9462e4bbfa78dc6ca",
      "insert_len": 0,
      "status": "success"
    },
    {
      "url": "https://news.qq.com/rain/a/20260903A079E100",
      "title": "",
      "collection_id": null,
      "insert_len": 0,
      "status": "failed",
      "error": "EOF occurred in violation of protocol (_ssl.c:1006)"
    },
    {
      "url": "https://news.qq.com/rain/a/20260903A076YB00",
      "title": "“假装点外卖”，情绪上的别样满足",
      "collection_id": "6a9a39be462e4bbfa78dc7a2",
      "insert_len": 0,
      "status": "success"
    },
    {
      "url": "https://news.qq.com/rain/a/20260903A079QD00",
      "title": "小货车冲进水库司机被卡住，民警驾小船冒险施救脱困",
      "collection_id": "6a9a39be462e4bbfa78dc7dc",
      "insert_len": 0,
      "status": "success"
    },
    {
      "url": "https://news.qq.com/rain/a/20260903A07AP400",
      "title": "英陆军新反无人机项目启动，车载激光炮打蜂群，1发成本1英镑",
      "collection_id": "6a9a39bf462e4bbfa78dc81d",
      "insert_len": 0,
      "status": "success"
    },
    {
      "url": "https://news.qq.com/rain/a/20260903A07AF700",
      "title": "2026西安150-500万三房四房改善新房推荐：得房率与交付标准决定长期自住体验",
      "collection_id": "6a9a39bf462e4bbfa78dc84d",
      "insert_len": 0,
      "status": "success"
    },
    {
      "url": "https://news.qq.com/rain/a/20260903A07AYI00",
      "title": "澳新银行：关税担忧扰乱市场，铜价或将创历史新高",
      "collection_id": "6a9a39c0462e4bbfa78dc899",
      "insert_len": 0,
      "status": "success"
    },
    {
      "url": "https://news.qq.com/rain/a/20260903A07AYV00",
      "title": "野村：上调美团目标价至118港元，维持“买入”评级",
      "collection_id": "6a9a39c0462e4bbfa78dc8c9",
      "insert_len": 0,
      "status": "success"
    },
    {
      "url": "https://news.qq.com/rain/a/20260903A07B3300",
      "title": "际华三五四二研发产品获优秀奖",
      "collection_id": "6a9a39c0462e4bbfa78dc907",
      "insert_len": 0,
      "status": "success"
    },
    {
      "url": "https://news.qq.com/rain/a/20260903A07AEF00",
      "title": "诸城市图书馆暑期延时开放结束",
      "collection_id": "6a9a39c0462e4bbfa78dc937",
      "insert_len": 0,
      "status": "success"
    },
    {
      "url": "https://news.qq.com/rain/a/20260903A079HO00",
      "title": "10 万级轿车市场，成都车展后都在谈8.99万起售的 ID.ERA 5S",
      "collection_id": "6a9a39c1462e4bbfa78dc976",
      "insert_len": 0,
      "status": "success"
    },
    {
      "url": "https://news.qq.com/rain/a/20260903A07B2W00",
      "title": "高钾饮食能更好地减重……是真是假？",
      "collection_id": "6a9a39c1462e4bbfa78dc9aa",
      "insert_len": 0,
      "status": "success"
    },
    {
      "url": "https://news.qq.com/rain/a/20260903A07AE800",
      "title": "高密市交通运输局：打通交通微循环 服务重点企业发展",
      "collection_id": "6a9a39c2462e4bbfa78dc9f1",
      "insert_len": 0,
      "status": "success"
    },
    {
      "url": "https://news.qq.com/rain/a/20260903A07AZB00",
      "title": "行云科技：V客户、VB和VC客户的首批交付已于8月份完成起租，并开始确认收入",
      "collection_id": "6a9a39c2462e4bbfa78dca21",
      "insert_len": 0,
      "status": "success"
    },
    {
      "url": "https://news.qq.com/rain/a/20260903A07APG00",
      "title": "九州通：“四新两化”战略牵引 数智化转型进入价值兑现期",
      "collection_id": "6a9a39c2462e4bbfa78dca60",
      "insert_len": 0,
      "status": "success"
    },
    {
      "url": "https://news.qq.com/rain/a/20260903A07B8000",
      "title": "",
      "collection_id": null,
      "insert_len": 0,
      "status": "failed",
      "error": "新闻内容过短。"
    },
    {
      "url": "https://news.qq.com/rain/a/20260903A07APP00",
      "title": "四大AI预测新未来城体育vs赛哈特海湾：三家看好主胜",
      "collection_id": "6a9a39c3462e4bbfa78dcabd",
      "insert_len": 0,
      "status": "success"
    },
    {
      "url": "https://news.qq.com/rain/a/20260903A07A5300",
      "title": "苏东坡、女驸马、牛郎织女相聚遗爱湖，五朵“梅花”联袂压轴黄梅戏艺术节",
      "collection_id": "6a9a39c3462e4bbfa78dca98",
      "insert_len": 0,
      "status": "success"
    },
    {
      "url": "https://news.qq.com/rain/a/20260903A07A1H00",
      "title": "这场公益夏令营超暖心，解锁亲子相处新模式",
      "collection_id": "6a9a39c4462e4bbfa78dcb2f",
      "insert_len": 0,
      "status": "success"
    },
    {
      "url": "https://news.qq.com/rain/a/20260903A07AYU00",
      "title": "瑞银集团：继续加大在华布局",
      "collection_id": "6a9a39c4462e4bbfa78dcaff",
      "insert_len": 0,
      "status": "success"
    },
    {
      "url": "https://news.qq.com/rain/a/20260903A079ID00",
      "title": "云辇-A、后轮转向、天神之眼5.0全系标配 海狮08上市售22.99万起",
      "collection_id": "6a9a39c4462e4bbfa78dcb81",
      "insert_len": 0,
      "status": "success"
    },
    {
      "url": "https://news.qq.com/rain/a/20260903A07ABA00",
      "title": "一种比“生理性喜欢”更稀缺的伴侣特质，在两性关系中越来越受欢迎",
      "collection_id": "6a9a39c5462e4bbfa78dcbbb",
      "insert_len": 0,
      "status": "success"
    },
    {
      "url": "https://news.qq.com/rain/a/20260903A07B7U00",
      "title": "美媒：AI赋能提升中国医疗服务水平",
      "collection_id": "6a9a39c5462e4bbfa78dcc04",
      "insert_len": 0,
      "status": "success"
    },
    {
      "url": "https://news.qq.com/rain/a/20260903A07B3Q00",
      "title": "常见的物理消毒方法，你了解多少？",
      "collection_id": "6a9a39c6462e4bbfa78dcc65",
      "insert_len": 0,
      "status": "success"
    },
    {
      "url": "https://news.qq.com/rain/a/20260903A07AYR00",
      "title": "黄河旋风、三安光电、宁德时代、香农芯创主力资金净流入居前",
      "collection_id": "6a9a39c6462e4bbfa78dcc96",
      "insert_len": 0,
      "status": "success"
    },
    {
      "url": "https://news.qq.com/rain/a/20260903A07AQ300",
      "title": "临沂举办2026年高端不锈钢和先进特钢产业链重点项目推进现场会",
      "collection_id": "6a9a39c6462e4bbfa78dccd6",
      "insert_len": 0,
      "status": "success"
    },
    {
      "url": "https://news.qq.com/rain/a/20260903A07B3800",
      "title": "肌肉，老年糖友的“天然降糖药”",
      "collection_id": "6a9a39c6462e4bbfa78dcd08",
      "insert_len": 0,
      "status": "success"
    },
    {
      "url": "https://news.qq.com/rain/a/20260903A07B2300",
      "title": "CERN官宣系统迁移计划：加速器工控设备全面适配Debian 13",
      "collection_id": "6a9a39c7462e4bbfa78dcd48",
      "insert_len": 0,
      "status": "success"
    },
    {
      "url": "https://news.qq.com/rain/a/20260903A06V3400",
      "title": "一夜升温！猪价“蓄势待涨”！附：9月4日猪价",
      "collection_id": "6a9a39c8462e4bbfa78dcdb6",
      "insert_len": 0,
      "status": "success"
    },
    {
      "url": "https://news.qq.com/rain/a/20260903A07B7Z00",
      "title": "美媒：中国以具身智能角逐通用人工智能竞赛",
      "collection_id": "6a9a39c8462e4bbfa78dcd82",
      "insert_len": 0,
      "status": "success"
    },
    {
      "url": "https://news.qq.com/rain/a/20260903A07AHW00",
      "title": "珠海这个路段，封闭施工！请提前规划出行路线",
      "collection_id": "6a9a39c8462e4bbfa78dcdfe",
      "insert_len": 0,
      "status": "success"
    },
    {
      "url": "https://news.qq.com/rain/a/20260903A07AR200",
      "title": "临沂：省运会为媒，体商旅融合",
      "collection_id": "6a9a39c9462e4bbfa78dce2e",
      "insert_len": 0,
      "status": "success"
    },
    {
      "url": "https://news.qq.com/rain/a/20260903A07AYL00",
      "title": "三星、SK海力士或预付合计25万亿韩元用于半导体集群电网建设",
      "collection_id": "6a9a39c9462e4bbfa78dce7d",
      "insert_len": 0,
      "status": "success"
    },
    {
      "url": "https://news.qq.com/rain/a/20260903A07B7X00",
      "title": "【《绝对王者》之上海EDG.M ——翻过那座山】",
      "collection_id": "6a9a39c9462e4bbfa78dcebe",
      "insert_len": 0,
      "status": "success"
    },
    {
      "url": "https://news.qq.com/rain/a/20260903A07B3T00",
      "title": "在芜湖，长三角九城发布低空安全联合倡议！",
      "collection_id": "6a9a39ca462e4bbfa78dceef",
      "insert_len": 0,
      "status": "success"
    },
    {
      "url": "https://news.qq.com/rain/a/20260903A07BKG00",
      "title": "技术迭代叠加需求升级打开芯片成长空间，关注科创芯片设计ETF易方达（589030）、科创芯片ETF易方达（589130）投资机会",
      "collection_id": "6a9a39cb462e4bbfa78dcf63",
      "insert_len": 0,
      "status": "success"
    },
    {
      "url": "https://news.qq.com/rain/a/20260903A07B3L00",
      "title": "每天这样晒太阳，能预防乳腺癌！女性朋友看过来",
      "collection_id": "6a9a39ca462e4bbfa78dcf32",
      "insert_len": 0,
      "status": "success"
    },
    {
      "url": "https://news.qq.com/rain/a/20260903A07AQL00",
      "title": "招商证券：整体盈利修复但个股分化显现 AI板块呈现高景气",
      "collection_id": "6a9a39cb462e4bbfa78dcfa4",
      "insert_len": 0,
      "status": "success"
    },
    {
      "url": "https://news.qq.com/rain/a/20260903A07BUA00",
      "title": "",
      "collection_id": null,
      "insert_len": 0,
      "status": "failed",
      "error": "EOF occurred in violation of protocol (_ssl.c:1006)"
    },
    {
      "url": "https://news.qq.com/rain/a/20260903A07B8200",
      "title": "",
      "collection_id": null,
      "insert_len": 0,
      "status": "failed",
      "error": "EOF occurred in violation of protocol (_ssl.c:1006)"
    },
    {
      "url": "https://news.qq.com/rain/a/20260903A079LP00",
      "title": "紧急提醒：这种群收款，别急着转账！已有多地多人被骗，学校回应：早就不这么做了！网友：太狠了，一骗一个准",
      "collection_id": "6a9a39d0462e4bbfa78dcffb",
      "insert_len": 0,
      "status": "success"
    },
    {
      "url": "https://news.qq.com/rain/a/20260903A07BIJ00",
      "title": "打卡 | “倡导平等有序的世界多极化”的核心要义是什么？",
      "collection_id": "6a9a39d1462e4bbfa78dd03e",
      "insert_len": 0,
      "status": "success"
    },
    {
      "url": "https://news.qq.com/rain/a/20260903A06SQX00",
      "title": "19艘战舰、5万兵力、最长1年海上无休：赫格塞斯将中东驻军延长至2027年",
      "collection_id": "6a9a39d2462e4bbfa78dd07a",
      "insert_len": 0,
      "status": "success"
    },
    {
      "url": "https://news.qq.com/rain/a/20260903A07B4L00",
      "title": "上海新阶层志愿公益日举办 启动“新善长三角联动”机制",
      "collection_id": "6a9a39d2462e4bbfa78dd0b2",
      "insert_len": 0,
      "status": "success"
    },
    {
      "url": "https://news.qq.com/rain/a/20260903A07B8H00",
      "title": "Z890平价答案？微星 Z890 GAMING PLUS WIFI6E 评测",
      "collection_id": "6a9a39d2462e4bbfa78dd101",
      "insert_len": 0,
      "status": "success"
    },
    {
      "url": "https://news.qq.com/rain/a/20260903A07AH200",
      "title": "中国2.5亿单身人口，正在催生一个10万亿级的新消费风口",
      "collection_id": "6a9a39d2462e4bbfa78dd149",
      "insert_len": 0,
      "status": "success"
    },
    {
      "url": "https://news.qq.com/rain/a/20260903A07BKU00",
      "title": "华为nova 16系列累销逼近190万台 搭载鸿蒙操作系统",
      "collection_id": "6a9a39d3462e4bbfa78dd1b7",
      "insert_len": 0,
      "status": "success"
    },
    {
      "url": "https://news.qq.com/rain/a/20260903A07BJL00",
      "title": "港股创新药概念股午后持续走强，港股通创新药ETF涨超2%",
      "collection_id": "6a9a39d3462e4bbfa78dd1b5",
      "insert_len": 0,
      "status": "success"
    },
    {
      "url": "https://news.qq.com/rain/a/20260903A07BME00",
      "title": "一支联合国车队在苏丹南部遇袭 造成3人伤亡",
      "collection_id": "6a9a39d4462e4bbfa78dd21d",
      "insert_len": 0,
      "status": "success"
    },
    {
      "url": "https://news.qq.com/rain/a/20260903A07BGZ00",
      "title": "曹德旺预言刷屏 VS 楼市新政加码！9 月，楼市到底会不会升温？",
      "collection_id": "6a9a39d4462e4bbfa78dd21f",
      "insert_len": 0,
      "status": "success"
    },
    {
      "url": "https://news.qq.com/rain/a/20260903A0788M00",
      "title": "“那将是德国繁荣的毒药”：德意志银行CEO警告若AfD执政将危及德国经济",
      "collection_id": "6a9a39d5462e4bbfa78dd2b8",
      "insert_len": 0,
      "status": "success"
    },
    {
      "url": "https://news.qq.com/rain/a/20260903A07BUD00",
      "title": "",
      "collection_id": null,
      "insert_len": 0,
      "status": "failed",
      "error": "新闻内容过短。"
    },
    {
      "url": "https://news.qq.com/rain/a/20260903A07BE200",
      "title": "浙江调整征地补偿和安置最低标准，一类地区不低于6.24万元/亩、二类地区不低于5.67万元/亩、三类地区不低于4.93万元/亩",
      "collection_id": "6a9a39d6462e4bbfa78dd309",
      "insert_len": 0,
      "status": "success"
    },
    {
      "url": "https://news.qq.com/rain/a/20260903A07BWI00",
      "title": "",
      "collection_id": null,
      "insert_len": 0,
      "status": "failed",
      "error": "EOF occurred in violation of protocol (_ssl.c:1006)"
    },
    {
      "url": "https://news.qq.com/rain/a/20260903A07B7T00",
      "title": "中企公开机器人运动会全量数据集",
      "collection_id": "6a9a39d7462e4bbfa78dd342",
      "insert_len": 0,
      "status": "success"
    },
    {
      "url": "https://news.qq.com/rain/a/20260903A07BTN00",
      "title": "",
      "collection_id": null,
      "insert_len": 0,
      "status": "failed",
      "error": "EOF occurred in violation of protocol (_ssl.c:1006)"
    },
    {
      "url": "https://news.qq.com/rain/a/20260903A07BOK00",
      "title": "",
      "collection_id": null,
      "insert_len": 0,
      "status": "failed",
      "error": "EOF occurred in violation of protocol (_ssl.c:1006)"
    },
    {
      "url": "https://news.qq.com/rain/a/20260903A07C1M00",
      "title": "湖北证监局对武汉枫红私募基金出具警示函",
      "collection_id": "6a9a39dd462e4bbfa78dd384",
      "insert_len": 0,
      "status": "success"
    },
    {
      "url": "https://news.qq.com/rain/a/20260903A07BTK00",
      "title": "江苏省苏州市常熟市气象台发布强对流黄色预警信号",
      "collection_id": "6a9a39de462e4bbfa78dd3bb",
      "insert_len": 0,
      "status": "success"
    },
    {
      "url": "https://news.qq.com/rain/a/20260903A07BUF00",
      "title": "《欢迎来龙餐馆》贾马尔为什么第一个“死”，导演说，他是没遇到徐福的赛夫，发了芽的土豆",
      "collection_id": "6a9a39df462e4bbfa78dd3f2",
      "insert_len": 0,
      "status": "success"
    },
    {
      "url": "https://news.qq.com/rain/a/20260903A07BT100",
      "title": "宏远速递！新主帅盛赞杜锋，坦言外援急不得，杨腾飞首次采访坦言",
      "collection_id": "6a9a39df462e4bbfa78dd42a",
      "insert_len": 0,
      "status": "success"
    },
    {
      "url": "https://news.qq.com/rain/a/20260903A07AGL00",
      "title": "家长在班级群自报干部身份，请老师关照孩子 保定市卫健委：已知晓此事，正在处理",
      "collection_id": "6a9a39df462e4bbfa78dd45a",
      "insert_len": 0,
      "status": "success"
    },
    {
      "url": "https://news.qq.com/rain/a/20260903A07BVK00",
      "title": "各地将陆续开启养老金二次核算补发，若补发9个月能补发多少钱？",
      "collection_id": "6a9a39e0462e4bbfa78dd49a",
      "insert_len": 0,
      "status": "success"
    },
    {
      "url": "https://news.qq.com/rain/a/20260903A07B7P00",
      "title": "2026KPL夏季赛季后赛DAY8 | 荣光对撞，谁能成功突围？",
      "collection_id": "6a9a39e0462e4bbfa78dd4ce",
      "insert_len": 0,
      "status": "success"
    },
    {
      "url": "https://news.qq.com/rain/a/20260903A07BUG00",
      "title": "",
      "collection_id": null,
      "insert_len": 0,
      "status": "failed",
      "error": "EOF occurred in violation of protocol (_ssl.c:1006)"
    },
    {
      "url": "https://news.qq.com/rain/a/20260903A07C2P00",
      "title": "曼谷青少年帮派冲突致1死3伤 19人被捕",
      "collection_id": "6a9a39e1462e4bbfa78dd515",
      "insert_len": 0,
      "status": "success"
    },
    {
      "url": "https://news.qq.com/rain/a/20260903A07C2600",
      "title": "日韩股市收盘涨跌互现",
      "collection_id": "6a9a39e1462e4bbfa78dd545",
      "insert_len": 0,
      "status": "success"
    },
    {
      "url": "https://news.qq.com/rain/a/20260903A07BUX00",
      "title": "国际锐评丨风雨同舟七十载，中埃关系如何继往开来？",
      "collection_id": "6a9a39e2462e4bbfa78dd57d",
      "insert_len": 0,
      "status": "success"
    },
    {
      "url": "https://news.qq.com/rain/a/20260903A07BXU00",
      "title": "船媒：快船能否靠英格拉姆+迪克+猛龙选秀权度过阵痛期？",
      "collection_id": "6a9a39e3462e4bbfa78dd5c0",
      "insert_len": 0,
      "status": "success"
    },
    {
      "url": "https://news.qq.com/rain/a/20260903A07BKS00",
      "title": "网红导师周文强被刑事拘留？公司客服：假的，他本月还有国外线下课",
      "collection_id": "6a9a39e4462e4bbfa78dd600",
      "insert_len": 0,
      "status": "success"
    },
    {
      "url": "https://news.qq.com/rain/a/20260903A07BKA00",
      "title": "安徽淮南一液化气站发生爆炸，现场浓烟滚滚，当地应急管理局：暂未接到人员伤亡报告，事故原因正在调查中",
      "collection_id": "6a9a39e5462e4bbfa78dd639",
      "insert_len": 0,
      "status": "success"
    },
    {
      "url": "https://news.qq.com/rain/a/20260903A07C2N00",
      "title": "南京楼市一年走完四轮行情，二手房挂牌量骤降释放什么信号",
      "collection_id": "6a9a39e5462e4bbfa78dd672",
      "insert_len": 0,
      "status": "success"
    },
    {
      "url": "https://news.qq.com/rain/a/20260903A07BWN00",
      "title": "",
      "collection_id": null,
      "insert_len": 0,
      "status": "failed",
      "error": "EOF occurred in violation of protocol (_ssl.c:1006)"
    },
    {
      "url": "https://news.qq.com/rain/a/20260903A07C2M00",
      "title": "中国—上海合作组织口岸经济合作中心在津成立",
      "collection_id": "6a9a39e6462e4bbfa78dd6b0",
      "insert_len": 0,
      "status": "success"
    },
    {
      "url": "https://news.qq.com/rain/a/20260903A07C3200",
      "title": "",
      "collection_id": null,
      "insert_len": 0,
      "status": "failed",
      "error": "EOF occurred in violation of protocol (_ssl.c:1006)"
    },
    {
      "url": "https://news.qq.com/rain/a/20260903A07C0N00",
      "title": "",
      "collection_id": null,
      "insert_len": 0,
      "status": "failed",
      "error": "EOF occurred in violation of protocol (_ssl.c:1006)"
    },
    {
      "url": "https://news.qq.com/rain/a/20260903A079MF00",
      "title": "37分狂胜！詹姆斯新队友场均3火锅，助土耳其世预赛豪取8连胜",
      "collection_id": "6a9a39eb462e4bbfa78dd6f7",
      "insert_len": 0,
      "status": "success"
    },
    {
      "url": "https://news.qq.com/rain/a/20260903A07BY800",
      "title": "OpenAI首席科学家回应AI推理不透明争议",
      "collection_id": "6a9a39ec462e4bbfa78dd72f",
      "insert_len": 0,
      "status": "success"
    },
    {
      "url": "https://news.qq.com/rain/a/20260903A07BYB00",
      "title": "《傅雷家书：丙午定本》出版，傅聪全部回信首次完整呈现",
      "collection_id": "6a9a39ed462e4bbfa78dd766",
      "insert_len": 0,
      "status": "success"
    },
    {
      "url": "https://news.qq.com/rain/a/20260903A07BYZ00",
      "title": "",
      "collection_id": null,
      "insert_len": 0,
      "status": "failed",
      "error": "EOF occurred in violation of protocol (_ssl.c:1006)"
    },
    {
      "url": "https://news.qq.com/rain/a/20260903A07BLD00",
      "title": "三星Hot Chips详解存内计算技术，实现8倍DRAM带宽、3倍AI推理速度",
      "collection_id": "6a9a39ef462e4bbfa78dd7ab",
      "insert_len": 0,
      "status": "success"
    },
    {
      "url": "https://news.qq.com/rain/a/20260903A07B0D00",
      "title": "违反“两热”防控规定，这些单位和个人被罚",
      "collection_id": "6a9a39f0462e4bbfa78dd7ee",
      "insert_len": 0,
      "status": "success"
    },
    {
      "url": "https://news.qq.com/rain/a/20260903A07BAP00",
      "title": "时隔84年， “罗芳桥惨案”亲历者重回这里",
      "collection_id": "6a9a39f1462e4bbfa78dd826",
      "insert_len": 0,
      "status": "success"
    },
    {
      "url": "https://news.qq.com/rain/a/20260903A07BYI00",
      "title": "卫冕冠军翁泓阳2-1力克骆建佑，挺进中国大师赛男单八强",
      "collection_id": "6a9a39f1462e4bbfa78dd857",
      "insert_len": 0,
      "status": "success"
    },
    {
      "url": "https://news.qq.com/rain/a/20260903A07CAV00",
      "title": "电动执行器品牌怎么选？国内外主流品牌综合解析",
      "collection_id": "6a9a39f2462e4bbfa78dd888",
      "insert_len": 0,
      "status": "success"
    },
    {
      "url": "https://news.qq.com/rain/a/20260903A079KA00",
      "title": "装修不花冤枉钱！8种材料没必要买高端",
      "collection_id": "6a9a39f2462e4bbfa78dd8c0",
      "insert_len": 0,
      "status": "success"
    },
    {
      "url": "https://news.qq.com/rain/a/20260903A07C1Z00",
      "title": "泰国能源部举报曼谷拉玛九数据中心非法储油20万升",
      "collection_id": "6a9a39f3462e4bbfa78dd8f1",
      "insert_len": 0,
      "status": "success"
    },
    {
      "url": "https://news.qq.com/rain/a/20260903A07C6Y00",
      "title": "大摩称CPO真正放量预计在2028年后，概念震荡走高，四会富仕涨超12%",
      "collection_id": "6a9a39f3462e4bbfa78dd91c",
      "insert_len": 0,
      "status": "success"
    },
    {
      "url": "https://news.qq.com/rain/a/20260903A07C1C00",
      "title": "连线遭遇暴雨的温州鞋厂老板：仓库万双鞋子被淹，还漂到街上",
      "collection_id": "6a9a39f4462e4bbfa78dd981",
      "insert_len": 0,
      "status": "success"
    },
    {
      "url": "https://news.qq.com/rain/a/20260903A07C0H00",
      "title": "科尔沁牛业涉事产品检出瓜尔胶后续：官方立案调查，企业称自行送检未检出",
      "collection_id": "6a9a39f3462e4bbfa78dd951",
      "insert_len": 0,
      "status": "success"
    },
    {
      "url": "https://news.qq.com/rain/a/20260903A07BXX00",
      "title": "强降雨致绵阳北川多处泥石流、断道？谣言！丨云辟谣",
      "collection_id": "6a9a39f5462e4bbfa78dd9e6",
      "insert_len": 0,
      "status": "success"
    },
    {
      "url": "https://news.qq.com/rain/a/20260903A07BY500",
      "title": "机器人运动会上， 深技大人形机器人战队获两项小组第一",
      "collection_id": "6a9a39f4462e4bbfa78dd9b1",
      "insert_len": 0,
      "status": "success"
    },
    {
      "url": "https://news.qq.com/rain/a/20260903A07BJI00",
      "title": "从尼罗河畔到苏州河畔，埃及人阿杜开出“香料”冰淇淋店 | 上海滩上洋掌柜",
      "collection_id": "6a9a39f5462e4bbfa78dda03",
      "insert_len": 0,
      "status": "success"
    },
    {
      "url": "https://news.qq.com/rain/a/20260903A07BJF00",
      "title": "",
      "collection_id": null,
      "insert_len": 0,
      "status": "failed",
      "error": "EOF occurred in violation of protocol (_ssl.c:1006)"
    },
    {
      "url": "https://news.qq.com/rain/a/20260903A07CIU00",
      "title": "",
      "collection_id": null,
      "insert_len": 0,
      "status": "failed",
      "error": "新闻内容过短。"
    },
    {
      "url": "https://news.qq.com/rain/a/20260903A07BYS00",
      "title": "机器人也要上学？探访具身AI生态社区“具宝盆”",
      "collection_id": "6a9a39f6462e4bbfa78dda44",
      "insert_len": 0,
      "status": "success"
    },
    {
      "url": "https://news.qq.com/rain/a/20260903A07CB800",
      "title": "Qoder眼镜版接入乐奇AI眼镜、千问AI眼镜",
      "collection_id": "6a9a39f6462e4bbfa78ddaf7",
      "insert_len": 0,
      "status": "success"
    },
    {
      "url": "https://news.qq.com/rain/a/20260903A07B2Z00",
      "title": "用好睡眠与轻断食，搭配科学饮食，让血糖更平稳",
      "collection_id": "6a9a39f7462e4bbfa78ddb3e",
      "insert_len": 0,
      "status": "success"
    },
    {
      "url": "https://news.qq.com/rain/a/20260903A07C5500",
      "title": "8个月建成黔江区人民小学西村校区开学迎新",
      "collection_id": "6a9a39f7462e4bbfa78ddb82",
      "insert_len": 0,
      "status": "success"
    },
    {
      "url": "https://news.qq.com/rain/a/20260903A07ACW00",
      "title": "午评：非常忐忑！A股缩量震荡，下午生死决战！",
      "collection_id": "6a9a39f8462e4bbfa78ddbba",
      "insert_len": 0,
      "status": "success"
    },
    {
      "url": "https://news.qq.com/rain/a/20260903A07BDZ00",
      "title": "",
      "collection_id": null,
      "insert_len": 0,
      "status": "failed",
      "error": "EOF occurred in violation of protocol (_ssl.c:1006)"
    },
    {
      "url": "https://news.qq.com/rain/a/20260903A07BXC00",
      "title": "",
      "collection_id": null,
      "insert_len": 0,
      "status": "failed",
      "error": "EOF occurred in violation of protocol (_ssl.c:1006)"
    },
    {
      "url": "https://news.qq.com/rain/a/20260903A07BSF00",
      "title": "“飞机到了，机场下班了”，旅客坐飞机抵达机场，出口大门却紧闭，敦煌莫高国际机场致歉：并非下班，系工作人员疏漏造成",
      "collection_id": "6a9a39fe462e4bbfa78ddc0d",
      "insert_len": 0,
      "status": "success"
    },
    {
      "url": "https://news.qq.com/rain/a/20260903A07BUM00",
      "title": "这种手机外壳，能检测隐藏摄像头！准确率约94%",
      "collection_id": "6a9a39ff462e4bbfa78ddc45",
      "insert_len": 0,
      "status": "success"
    },
    {
      "url": "https://news.qq.com/rain/a/20260903A07C1I00",
      "title": "宁夏银川以新质生产力驱动新型工业化高质量发展",
      "collection_id": "6a9a39ff462e4bbfa78ddc75",
      "insert_len": 0,
      "status": "success"
    },
    {
      "url": "https://news.qq.com/rain/a/20260903A07C2700",
      "title": "3300万粉丝网红博雅偷税被罚347.7万",
      "collection_id": "6a9a3a01462e4bbfa78ddcb9",
      "insert_len": 0,
      "status": "success"
    },
    {
      "url": "https://news.qq.com/rain/a/20260903A07BEA00",
      "title": "",
      "collection_id": null,
      "insert_len": 0,
      "status": "failed",
      "error": "EOF occurred in violation of protocol (_ssl.c:1006)"
    },
    {
      "url": "https://news.qq.com/rain/a/20260903A07C9W00",
      "title": "",
      "collection_id": null,
      "insert_len": 0,
      "status": "failed",
      "error": "新闻内容过短。"
    },
    {
      "url": "https://news.qq.com/rain/a/20260903A07BP500",
      "title": "外籍跑马达人做客直播间 一起探路“包马”",
      "collection_id": "6a9a3a06462e4bbfa78ddd4d",
      "insert_len": 0,
      "status": "success"
    },
    {
      "url": "https://news.qq.com/rain/a/20260903A07C8T00",
      "title": "杭州滨江区浦沿板块未来5年升值潜力分析2026：产业交通双驱动，在售新盘对比与新房推荐",
      "collection_id": "6a9a3a05462e4bbfa78ddd09",
      "insert_len": 0,
      "status": "success"
    },
    {
      "url": "https://news.qq.com/rain/a/20260903A07BWG00",
      "title": "【百强透视】事件共振驱动金价反弹，港股黄金板块集体飙涨！",
      "collection_id": "6a9a3a06462e4bbfa78ddd7d",
      "insert_len": 0,
      "status": "success"
    },
    {
      "url": "https://news.qq.com/rain/a/20260903A07C1Y00",
      "title": "鼻炎娃在家就能做脱敏治疗，深圳引进欧洲原研脱敏药物",
      "collection_id": "6a9a3a07462e4bbfa78dddbe",
      "insert_len": 0,
      "status": "success"
    },
    {
      "url": "https://news.qq.com/rain/a/20260903A07CRN00",
      "title": "昆明、建水、玉龙雪山领衔：云南何以成为暑期“深度游”首选地",
      "collection_id": "6a9a3a07462e4bbfa78dddf2",
      "insert_len": 0,
      "status": "success"
    },
    {
      "url": "https://news.qq.com/rain/a/20260903A07B6G00",
      "title": "金饰销量暴降三成，金条却卖疯了！同一个黄金，半年走出两条曲线",
      "collection_id": "6a9a3a08462e4bbfa78dde3a",
      "insert_len": 0,
      "status": "success"
    },
    {
      "url": "https://news.qq.com/rain/a/20260903A07BBV00",
      "title": "2026中国文化旅游产业博览会开幕 河西区180㎡展区闪亮出圈！",
      "collection_id": "6a9a3a0a462e4bbfa78dde7e",
      "insert_len": 0,
      "status": "success"
    },
    {
      "url": "https://news.qq.com/rain/a/20260903A07CRE00",
      "title": "约旦河西岸拉姆安拉两名青年遭以方人员袭击身亡",
      "collection_id": "6a9a3a0a462e4bbfa78ddeaa",
      "insert_len": 0,
      "status": "success"
    },
    {
      "url": "https://news.qq.com/rain/a/20260903A07CJX00",
      "title": "朗斯的骄傲，瓦拉内为以自己名字命名的训练场揭幕",
      "collection_id": "6a9a3a0a462e4bbfa78ddeed",
      "insert_len": 0,
      "status": "success"
    },
    {
      "url": "https://news.qq.com/rain/a/20260903A07C2C00",
      "title": "开学初，班主任应如何做好班级细节管理？",
      "collection_id": "6a9a3a0b462e4bbfa78ddf25",
      "insert_len": 0,
      "status": "success"
    },
    {
      "url": "https://news.qq.com/rain/a/20260903A07CHI00",
      "title": "防御“沙德尔”及强降雨 福建转移8.37万人",
      "collection_id": "6a9a3a0c462e4bbfa78ddfbb",
      "insert_len": 0,
      "status": "success"
    },
    {
      "url": "https://news.qq.com/rain/a/20260903A07A9P00",
      "title": "教育部公布第三届全国大学生职规赛总决赛获奖名单，一起来看",
      "collection_id": "6a9a3a0c462e4bbfa78ddf8b",
      "insert_len": 0,
      "status": "success"
    },
    {
      "url": "https://news.qq.com/rain/a/20260903A07CND00",
      "title": "俄媒：俄外长称，自己很多朋友的孩子学中文",
      "collection_id": "6a9a3a0d462e4bbfa78ddffc",
      "insert_len": 0,
      "status": "success"
    },
    {
      "url": "https://news.qq.com/rain/a/20260903A07CMK00",
      "title": "好评中国丨智算崛起为中国高质量发展注入新动能",
      "collection_id": "6a9a3a0d462e4bbfa78de02c",
      "insert_len": 0,
      "status": "success"
    },
    {
      "url": "https://news.qq.com/rain/a/20260903A07CSV00",
      "title": "东营唯一！山东齐润控股集团荣获第十三届“中华慈善奖”",
      "collection_id": "6a9a3a0e462e4bbfa78de0b0",
      "insert_len": 0,
      "status": "success"
    },
    {
      "url": "https://news.qq.com/rain/a/20260903A07C7D00",
      "title": "奔赴热爱，做自己的光！收下校长们的暖心开学寄语，开启新一程的成长吧",
      "collection_id": "6a9a3a0e462e4bbfa78de06c",
      "insert_len": 0,
      "status": "success"
    },
    {
      "url": "https://news.qq.com/rain/a/20260903A079GV00",
      "title": "唏嘘！曼联昔日金童无球可踢 夏窗遭3支英超球队婉拒",
      "collection_id": "6a9a3a0f462e4bbfa78de100",
      "insert_len": 0,
      "status": "success"
    },
    {
      "url": "https://news.qq.com/rain/a/20260903A07CKM00",
      "title": "环翠区卫生健康局传达学习中共威海市环翠区第十六届委员会第十一次全体会议精神",
      "collection_id": "6a9a3a0f462e4bbfa78de131",
      "insert_len": 0,
      "status": "success"
    },
    {
      "url": "https://news.qq.com/rain/a/20260903A07CKF00",
      "title": "威海市红十字会在全国红十字系统会议上作典型经验交流",
      "collection_id": "6a9a3a0f462e4bbfa78de16a",
      "insert_len": 0,
      "status": "success"
    },
    {
      "url": "https://news.qq.com/rain/a/20260903A07BAH00",
      "title": "一夏赛事燃雄关，嘉峪关凭什么值得去？",
      "collection_id": "6a9a3a0f462e4bbfa78de19a",
      "insert_len": 0,
      "status": "success"
    },
    {
      "url": "https://news.qq.com/rain/a/20260903A07CKK00",
      "title": "转会落空后，巴洛贡缺席卡马拉照常参训",
      "collection_id": "6a9a3a10462e4bbfa78de1cf",
      "insert_len": 0,
      "status": "success"
    },
    {
      "url": "https://news.qq.com/rain/a/20260903A07CP900",
      "title": "中国首个！阿尔茨海默病皮下注射新药上市",
      "collection_id": "6a9a3a10462e4bbfa78de1ff",
      "insert_len": 0,
      "status": "success"
    },
    {
      "url": "https://news.qq.com/rain/a/20260903A07CNI00",
      "title": "",
      "collection_id": null,
      "insert_len": 0,
      "status": "failed",
      "error": "新闻内容过短。"
    },
    {
      "url": "https://news.qq.com/rain/a/20260903A07BV100",
      "title": "扫码查信用、快维权、少打扰，北京试点启用“京彩消费码”",
      "collection_id": "6a9a3a12462e4bbfa78de264",
      "insert_len": 0,
      "status": "success"
    },
    {
      "url": "https://news.qq.com/rain/a/20260903A07CTX00",
      "title": "腿抽筋就是缺钙？吹空调膝盖疼就是受凉？真相和你想的不太一样",
      "collection_id": "6a9a3a11462e4bbfa78de234",
      "insert_len": 0,
      "status": "success"
    },
    {
      "url": "https://news.qq.com/rain/a/20260903A07BP200",
      "title": "中国化工装备有限公司原党委书记蔡挺接受审查调查",
      "collection_id": "6a9a3a12462e4bbfa78de29b",
      "insert_len": 0,
      "status": "success"
    },
    {
      "url": "https://news.qq.com/rain/a/20260903A07CPX00",
      "title": "买白蛋白肽怕被忽悠？2026选购前，先看这3点就够了",
      "collection_id": "6a9a3a13462e4bbfa78de2f7",
      "insert_len": 0,
      "status": "success"
    },
    {
      "url": "https://news.qq.com/rain/a/20260903A07CB400",
      "title": "云南省2026下半年部分事业单位招聘信息速览",
      "collection_id": "6a9a3a12462e4bbfa78de2c8",
      "insert_len": 0,
      "status": "success"
    },
    {
      "url": "https://news.qq.com/rain/a/20260903A07CJR00",
      "title": "医疗器械创新提速，新机会在哪？| 最前线",
      "collection_id": "6a9a3a13462e4bbfa78de327",
      "insert_len": 0,
      "status": "success"
    },
    {
      "url": "https://news.qq.com/rain/a/20260903A07CAY00",
      "title": "新学期健康礼 云南HPV疫苗“免费+惠民”双轨并行守护青春",
      "collection_id": "6a9a3a13462e4bbfa78de354",
      "insert_len": 0,
      "status": "success"
    },
    {
      "url": "https://news.qq.com/rain/a/20260903A07CIL00",
      "title": "网友称飞机抵达后机场出口却大门紧闭，敦煌莫高国际机场致歉：工作疏漏致乘客滞留，已立即开展内部整改",
      "collection_id": "6a9a3a14462e4bbfa78de3eb",
      "insert_len": 0,
      "status": "success"
    },
    {
      "url": "https://news.qq.com/rain/a/20260903A07C6D00",
      "title": "百年化工巨头，拟将中国台湾芯片过氧化氢产能翻倍",
      "collection_id": "6a9a3a14462e4bbfa78de38d",
      "insert_len": 0,
      "status": "success"
    },
    {
      "url": "https://news.qq.com/rain/a/20260903A079NO00",
      "title": "李月汝意外缺阵！女篮恐难进4强！那么历届世界杯，中国队成绩如何？",
      "collection_id": "6a9a3a16462e4bbfa78de492",
      "insert_len": 0,
      "status": "success"
    },
    {
      "url": "https://news.qq.com/rain/a/20260903A07C2J00",
      "title": "天猫上线Token充值中心，首批接入阿里云、智谱、Kimi、MiniMax",
      "collection_id": "6a9a3a15462e4bbfa78de443",
      "insert_len": 0,
      "status": "success"
    },
    {
      "url": "https://news.qq.com/rain/a/20260903A07CAM00",
      "title": "",
      "collection_id": null,
      "insert_len": 0,
      "status": "failed",
      "error": "EOF occurred in violation of protocol (_ssl.c:1006)"
    },
    {
      "url": "https://news.qq.com/rain/a/20260903A07D7L00",
      "title": "海外巨头上调设备采购预期，半导体产业链景气可期，半导体设备ETF易方达（159558）盘中获超1亿份净申购",
      "collection_id": "6a9a3a17462e4bbfa78de4c2",
      "insert_len": 0,
      "status": "success"
    },
    {
      "url": "https://news.qq.com/rain/a/20260903A07CUX00",
      "title": "晚潮｜一箪食一瓢饮背后的生活",
      "collection_id": "6a9a3a17462e4bbfa78de50b",
      "insert_len": 0,
      "status": "success"
    },
    {
      "url": "https://news.qq.com/rain/a/20260903A07CJL00",
      "title": "蚌埠延安路淮河大桥主桥合龙",
      "collection_id": "6a9a3a18462e4bbfa78de53f",
      "insert_len": 0,
      "status": "success"
    },
    {
      "url": "https://news.qq.com/rain/a/20260903A07D4400",
      "title": "国家发展改革委部署推进“六张网”建设",
      "collection_id": "6a9a3a19462e4bbfa78de59d",
      "insert_len": 0,
      "status": "success"
    },
    {
      "url": "https://news.qq.com/rain/a/20260903A07CSU00",
      "title": "开学健康说系列六 | 新学期，学龄儿童营养健康“五大准则”请查收",
      "collection_id": "6a9a3a1a462e4bbfa78de5e4",
      "insert_len": 0,
      "status": "success"
    },
    {
      "url": "https://news.qq.com/rain/a/20260903A058PU00",
      "title": "船媒：我知道伦纳德19年是联盟前五，但快船为他付出了太多",
      "collection_id": "6a9a3a1a462e4bbfa78de65a",
      "insert_len": 0,
      "status": "success"
    },
    {
      "url": "https://news.qq.com/rain/a/20260903A07CTP00",
      "title": "如何少钠增钾，巧用天然味？",
      "collection_id": "6a9a3a1a462e4bbfa78de639",
      "insert_len": 0,
      "status": "success"
    },
    {
      "url": "https://news.qq.com/rain/a/20260903A07CKO00",
      "title": "夜间义诊惠民生！威海好医生下沉基层，“家门口”听诊把脉送健康",
      "collection_id": "6a9a3a1b462e4bbfa78de6a4",
      "insert_len": 0,
      "status": "success"
    },
    {
      "url": "https://news.qq.com/rain/a/20260903A07C0L00",
      "title": "两所公办学校“加群”龙外集团背后：龙岗义务教育的扩容试验",
      "collection_id": "6a9a3a1b462e4bbfa78de6d4",
      "insert_len": 0,
      "status": "success"
    },
    {
      "url": "https://news.qq.com/rain/a/20260903A07C8K00",
      "title": "小米18 Fold官宣徕卡专业三摄：2亿大底主摄+3.5倍潜望长焦，中折叠也有全焦段实力",
      "collection_id": "6a9a3a1e462e4bbfa78de776",
      "insert_len": 0,
      "status": "success"
    },
    {
      "url": "https://news.qq.com/rain/a/20260903A07CT300",
      "title": "西宁市关于做好单用途商业预付卡消费充值风险提示函",
      "collection_id": "6a9a3a1d462e4bbfa78de72d",
      "insert_len": 0,
      "status": "success"
    },
    {
      "url": "https://news.qq.com/rain/a/20260903A07CKJ00",
      "title": "",
      "collection_id": null,
      "insert_len": 0,
      "status": "failed",
      "error": "EOF occurred in violation of protocol (_ssl.c:1006)"
    },
    {
      "url": "https://news.qq.com/rain/a/20260903A07D8I00",
      "title": "欧元对瑞郎跌幅扩大，下跌0.3%至0.9390",
      "collection_id": "6a9a3a1f462e4bbfa78de7b2",
      "insert_len": 0,
      "status": "success"
    },
    {
      "url": "https://news.qq.com/rain/a/20260903A06WLU00",
      "title": "“西班牙将成废墟之国”：特朗普炮轰休达移民危机与北约“欠费”",
      "collection_id": "6a9a3a20462e4bbfa78de7ec",
      "insert_len": 0,
      "status": "success"
    },
    {
      "url": "https://news.qq.com/rain/a/20260903A07D6Q00",
      "title": "投顾机构口碑怎么判断？争议处理、透明度与服务匹配核验维度",
      "collection_id": "6a9a3a20462e4bbfa78de82f",
      "insert_len": 0,
      "status": "success"
    },
    {
      "url": "https://news.qq.com/rain/a/20260903A07C0800",
      "title": "联盟最有远见的球员！4次换队，老东家都走向衰败，3队直接重建",
      "collection_id": "6a9a3a21462e4bbfa78de875",
      "insert_len": 0,
      "status": "success"
    },
    {
      "url": "https://news.qq.com/rain/a/20260903A07DDJ00",
      "title": "这冲着谁去的？日本砸18.3亿美元买17架美无人机，海自首次装备MQ-9B",
      "collection_id": "6a9a3a22462e4bbfa78de8ad",
      "insert_len": 0,
      "status": "success"
    },
    {
      "url": "https://news.qq.com/rain/a/20260903A07BY000",
      "title": "国羽男单深陷泥潭，李诗沣遭遇惨败，翁泓阳逆转骆建佑！",
      "collection_id": "6a9a3a23462e4bbfa78de8e5",
      "insert_len": 0,
      "status": "success"
    },
    {
      "url": "https://news.qq.com/rain/a/20260903A07CU100",
      "title": "晚潮｜萤石闪烁汽车队",
      "collection_id": "6a9a3a23462e4bbfa78de91e",
      "insert_len": 0,
      "status": "success"
    },
    {
      "url": "https://news.qq.com/rain/a/20260903A07D9300",
      "title": "",
      "collection_id": null,
      "insert_len": 0,
      "status": "failed",
      "error": "EOF occurred in violation of protocol (_ssl.c:1006)"
    },
    {
      "url": "https://news.qq.com/rain/a/20260903A07CVX00",
      "title": "写点生活｜写给自己的三十年",
      "collection_id": "6a9a3a23462e4bbfa78de974",
      "insert_len": 0,
      "status": "success"
    },
    {
      "url": "https://news.qq.com/rain/a/20260903A07CKZ00",
      "title": "港股异动 | 中国重汽涨超3% 公司重卡出口销量持续高增 机构料新能源重卡业务有望下半年实现扭亏",
      "collection_id": "6a9a3a24462e4bbfa78de9cd",
      "insert_len": 0,
      "status": "success"
    },
    {
      "url": "https://news.qq.com/rain/a/20260903A07BL600",
      "title": "“妖股”直击：爱丽家居暴涨250%后一字跌停，“地板变芯片”收购仍在尽调，公司昨日提示风险再涨即停牌",
      "collection_id": "6a9a3a25462e4bbfa78dea05",
      "insert_len": 0,
      "status": "success"
    },
    {
      "url": "https://news.qq.com/rain/a/20260903A07ARL00",
      "title": "A股：今天，周四，行情不太对劲，释放了两个信号！",
      "collection_id": "6a9a3a26462e4bbfa78dea3e",
      "insert_len": 0,
      "status": "success"
    },
    {
      "url": "https://news.qq.com/rain/a/20260903A07D0B00",
      "title": "",
      "collection_id": null,
      "insert_len": 0,
      "status": "failed",
      "error": "新闻正文为空。"
    },
    {
      "url": "https://news.qq.com/rain/a/20260903A07D5A00",
      "title": "上半年怀化处理定点医药机构1458家，挽回医保基金损失1.06亿元",
      "collection_id": "6a9a3a27462e4bbfa78dea85",
      "insert_len": 0,
      "status": "success"
    },
    {
      "url": "https://news.qq.com/rain/a/20260903A07D5N00",
      "title": "邵东市界岭镇：紧盯秋收关键期 抓实秸秆禁烧筑牢生态防线",
      "collection_id": "6a9a3a28462e4bbfa78deabf",
      "insert_len": 0,
      "status": "success"
    },
    {
      "url": "https://news.qq.com/rain/a/20260903A07DA000",
      "title": "",
      "collection_id": null,
      "insert_len": 0,
      "status": "failed",
      "error": "EOF occurred in violation of protocol (_ssl.c:1006)"
    },
    {
      "url": "https://news.qq.com/rain/a/20260903A07BYP00",
      "title": "（体育）网球——美网：阿尔卡拉斯晋级男单第三轮",
      "collection_id": "6a9a3a29462e4bbfa78deaf9",
      "insert_len": 0,
      "status": "success"
    },
    {
      "url": "https://news.qq.com/rain/a/20260903A07BH600",
      "title": "",
      "collection_id": null,
      "insert_len": 0,
      "status": "failed",
      "error": "EOF occurred in violation of protocol (_ssl.c:1006)"
    },
    {
      "url": "https://news.qq.com/rain/a/20260903A07D8R00",
      "title": "日经225指数收跌0.17%，报64214.48点",
      "collection_id": "6a9a3a2e462e4bbfa78deb34",
      "insert_len": 0,
      "status": "success"
    },
    {
      "url": "https://news.qq.com/rain/a/20260903A07D2Y00",
      "title": "买断费约150万！上海体育局回应：刘翔工作关系还在这里 尚未买断",
      "collection_id": "6a9a3a2f462e4bbfa78deb6c",
      "insert_len": 0,
      "status": "success"
    },
    {
      "url": "https://news.qq.com/rain/a/20260903A07D7Q00",
      "title": "京源环保(688096)盘中跌超8% 净利降24.93%",
      "collection_id": "6a9a3a2f462e4bbfa78deba3",
      "insert_len": 0,
      "status": "success"
    },
    {
      "url": "https://news.qq.com/rain/a/20260903A07EEX00",
      "title": "数据分析湖人新援马穆凯拉什维利真能成为下一个奥多姆？丨球员上上测",
      "collection_id": "6a9a3a30462e4bbfa78dec0e",
      "insert_len": 0,
      "status": "success"
    },
    {
      "url": "https://news.qq.com/rain/a/20260903A07CK500",
      "title": "足球报：玉昆1-0铜梁龙，晋级足协杯四强",
      "collection_id": "6a9a3a30462e4bbfa78debda",
      "insert_len": 0,
      "status": "success"
    },
    {
      "url": "https://news.qq.com/rain/a/20260903A07CMI00",
      "title": "寻焦FINDING FOCUS摄影展于八月末在北京举办",
      "collection_id": "6a9a3a31462e4bbfa78dec52",
      "insert_len": 0,
      "status": "success"
    },
    {
      "url": "https://news.qq.com/rain/a/20260903A07CTB00",
      "title": "晚潮｜菽豆一荚青黄，人生百味香飘",
      "collection_id": "6a9a3a31462e4bbfa78dec9a",
      "insert_len": 0,
      "status": "success"
    },
    {
      "url": "https://news.qq.com/rain/a/20260903A07D8C00",
      "title": "财中ETF风向标｜化工ETF鹏华(159870)盘中涨1.25%，化工产品涨价叠加旺季需求预期提振板块",
      "collection_id": "6a9a3a31462e4bbfa78decd7",
      "insert_len": 0,
      "status": "success"
    },
    {
      "url": "https://news.qq.com/rain/a/20260903A07DIY00",
      "title": "韩国电力公司拟向三星、SK海力士预收数百亿美元级电费",
      "collection_id": "6a9a3a32462e4bbfa78ded63",
      "insert_len": 0,
      "status": "success"
    },
    {
      "url": "https://news.qq.com/rain/a/20260903A07DHL00",
      "title": "曲靖涌现一批“零近视”学校！原因何在？",
      "collection_id": "6a9a3a32462e4bbfa78ded2f",
      "insert_len": 0,
      "status": "success"
    },
    {
      "url": "https://news.qq.com/rain/a/20260903A07DLK00",
      "title": "BLG vs XLG话题看点：FT与Sharks谁能带领队伍斩获开门红？",
      "collection_id": "6a9a3a32462e4bbfa78deda2",
      "insert_len": 0,
      "status": "success"
    },
    {
      "url": "https://news.qq.com/rain/a/20260903A07DLA00",
      "title": "甘肃敦煌机场回应“旅客抵达后出口锁门”：人员履职不到位，正在调查、追责、整改",
      "collection_id": "6a9a3a33462e4bbfa78dede1",
      "insert_len": 0,
      "status": "success"
    },
    {
      "url": "https://news.qq.com/rain/a/20260903A07CDR00",
      "title": "20岁斯诺克新星降级后突然爆发连胜丁俊晖等多位名将：都是心理咨询师功劳",
      "collection_id": "6a9a3a33462e4bbfa78dee11",
      "insert_len": 0,
      "status": "success"
    },
    {
      "url": "https://news.qq.com/rain/a/20260903A07DJV00",
      "title": "港股通医疗ETF易方达(520850)备受市场关注",
      "collection_id": "6a9a3a33462e4bbfa78dee48",
      "insert_len": 0,
      "status": "success"
    },
    {
      "url": "https://news.qq.com/rain/a/20260903A07CUW00",
      "title": "",
      "collection_id": null,
      "insert_len": 0,
      "status": "failed",
      "error": "EOF occurred in violation of protocol (_ssl.c:1006)"
    },
    {
      "url": "https://news.qq.com/rain/a/20260903A07DNH00",
      "title": "荣耀MagicPad 4平板与手表6 Pro月底亮相",
      "collection_id": "6a9a3a34462e4bbfa78dee88",
      "insert_len": 0,
      "status": "success"
    },
    {
      "url": "https://news.qq.com/rain/a/20260903A07CJZ00",
      "title": "元点机器人Zeroth Bridge正式发布，整机仅约13公斤",
      "collection_id": "6a9a3a35462e4bbfa78deec1",
      "insert_len": 0,
      "status": "success"
    },
    {
      "url": "https://news.qq.com/rain/a/20260903A07CD000",
      "title": "来孝感的第一件事：先干一碗米酒！剩下的看过来~",
      "collection_id": "6a9a3a35462e4bbfa78deef8",
      "insert_len": 0,
      "status": "success"
    },
    {
      "url": "https://news.qq.com/rain/a/20260903A07CTT00",
      "title": "加息概率一周从37%升至67%，纽约联储主席：长债收益率上行反映经济稳健",
      "collection_id": "6a9a3a36462e4bbfa78def2e",
      "insert_len": 0,
      "status": "success"
    },
    {
      "url": "https://news.qq.com/rain/a/20260903A07D5V00",
      "title": "日本人为什么对米和酒怀有敬畏之心",
      "collection_id": "6a9a3a36462e4bbfa78def77",
      "insert_len": 0,
      "status": "success"
    },
    {
      "url": "https://news.qq.com/rain/a/20260903A07DJK00",
      "title": "",
      "collection_id": null,
      "insert_len": 0,
      "status": "failed",
      "error": "EOF occurred in violation of protocol (_ssl.c:1006)"
    },
    {
      "url": "https://news.qq.com/rain/a/20260903A07DLQ00",
      "title": "开学季守护脊柱健康 正确坐姿很重要",
      "collection_id": "6a9a3a39462e4bbfa78defcf",
      "insert_len": 0,
      "status": "success"
    },
    {
      "url": "https://news.qq.com/rain/a/20260903A07DRF00",
      "title": "希沃教师数字化能力提升支持项目获“中华慈善奖”表彰",
      "collection_id": "6a9a3a39462e4bbfa78df009",
      "insert_len": 0,
      "status": "success"
    },
    {
      "url": "https://news.qq.com/rain/a/20260903A07DK500",
      "title": "",
      "collection_id": null,
      "insert_len": 0,
      "status": "failed",
      "error": "新闻内容过短。"
    },
    {
      "url": "https://news.qq.com/rain/a/20260903A07CUL00",
      "title": "西山区2026年秋季学期“开学第一课”区级主场活动在昆明市第一中学西山学校举行",
      "collection_id": "6a9a3a3b462e4bbfa78df043",
      "insert_len": 0,
      "status": "success"
    },
    {
      "url": "https://news.qq.com/rain/a/20260903A07DAF00",
      "title": "硅片出货下滑半年亏36.8亿，光伏龙头拐点信号何时现？",
      "collection_id": "6a9a3a3c462e4bbfa78df074",
      "insert_len": 0,
      "status": "success"
    },
    {
      "url": "https://news.qq.com/rain/a/20260903A07DM800",
      "title": "",
      "collection_id": null,
      "insert_len": 0,
      "status": "failed",
      "error": "EOF occurred in violation of protocol (_ssl.c:1006)"
    },
    {
      "url": "https://news.qq.com/rain/a/20260903A07E1500",
      "title": "海狮08上市 比亚迪加码大型新能源SUV市场",
      "collection_id": "6a9a3a3d462e4bbfa78df0c2",
      "insert_len": 0,
      "status": "success"
    },
    {
      "url": "https://news.qq.com/rain/a/20260903A07D7Y00",
      "title": "",
      "collection_id": null,
      "insert_len": 0,
      "status": "failed",
      "error": "EOF occurred in violation of protocol (_ssl.c:1006)"
    },
    {
      "url": "https://news.qq.com/rain/a/20260903A07DIJ00",
      "title": "“我是医院纪委书记，孩子妈是学院副处长”，河北一家长在班级群自报干部身份，多方回应",
      "collection_id": "6a9a3a41462e4bbfa78df109",
      "insert_len": 0,
      "status": "success"
    },
    {
      "url": "https://news.qq.com/rain/a/20260903A07CSX00",
      "title": "关于2026大美青海高原马拉松赛期间实行交通管制的通告",
      "collection_id": "6a9a3a42462e4bbfa78df13a",
      "insert_len": 0,
      "status": "success"
    },
    {
      "url": "https://news.qq.com/rain/a/20260903A07DQ600",
      "title": "",
      "collection_id": null,
      "insert_len": 0,
      "status": "failed",
      "error": "EOF occurred in violation of protocol (_ssl.c:1006)"
    },
    {
      "url": "https://news.qq.com/rain/a/20260903A07D2H00",
      "title": "加菲还没看过《蜘蛛侠：崭新之日》，并坚称他没有出演《复仇者联盟：毁灭日》",
      "collection_id": "6a9a3a43462e4bbfa78df16b",
      "insert_len": 0,
      "status": "success"
    },
    {
      "url": "https://news.qq.com/rain/a/20260903A07D6Y00",
      "title": "美网|布云朝克特、吴易昺双双获胜，中国男网迎来高光一日",
      "collection_id": "6a9a3a44462e4bbfa78df19b",
      "insert_len": 0,
      "status": "success"
    },
    {
      "url": "https://news.qq.com/rain/a/20260903A07DMX00",
      "title": "鸡蛋要变脸？9月3日期现货行情，节后走势提前看明白",
      "collection_id": "6a9a3a44462e4bbfa78df1f5",
      "insert_len": 0,
      "status": "success"
    },
    {
      "url": "https://news.qq.com/rain/a/20260903A07B3P00",
      "title": "",
      "collection_id": null,
      "insert_len": 0,
      "status": "failed",
      "error": "新闻内容过短。"
    },
    {
      "url": "https://news.qq.com/rain/a/20260903A07E9J00",
      "title": "有十几万存款就很了不起吗？银行人：存款十几万，确实很了不起",
      "collection_id": "6a9a3a45462e4bbfa78df244",
      "insert_len": 0,
      "status": "success"
    },
    {
      "url": "https://news.qq.com/rain/a/20260903A07BEL00",
      "title": "双腔空悬+机械差速锁 广汽传祺越7预售权益价17.18万起",
      "collection_id": "6a9a3a46462e4bbfa78df280",
      "insert_len": 0,
      "status": "success"
    },
    {
      "url": "https://news.qq.com/rain/a/20260903A07D9K00",
      "title": "财中ETF风向标｜恒生医疗ETF嘉实(159557) 盘中涨1.72% 港股医药板块高开拉升",
      "collection_id": "6a9a3a47462e4bbfa78df2b0",
      "insert_len": 0,
      "status": "success"
    },
    {
      "url": "https://news.qq.com/rain/a/20260903A03VNF00",
      "title": "【油价大跌】近1.84元/升，2026年汽柴油“大涨减至0.5元/升”后，近2个月“插翅”上涨，下次9月11日调价或再涨！",
      "collection_id": "6a9a3a47462e4bbfa78df2e0",
      "insert_len": 0,
      "status": "success"
    },
    {
      "url": "https://news.qq.com/rain/a/20260903A07E1R00",
      "title": "Astroport与XelerateVR达成合作，打造VR操控月球施工机器人",
      "collection_id": "6a9a3a47462e4bbfa78df310",
      "insert_len": 0,
      "status": "success"
    },
    {
      "url": "https://news.qq.com/rain/a/20260903A07DL300",
      "title": "天猫正式上线Token充值中心",
      "collection_id": "6a9a3a48462e4bbfa78df340",
      "insert_len": 0,
      "status": "success"
    },
    {
      "url": "https://news.qq.com/rain/a/20260903A07CE300",
      "title": "国家体育总局：到2030年人均体育场地面积达到4平方米左右",
      "collection_id": "6a9a3a48462e4bbfa78df370",
      "insert_len": 0,
      "status": "success"
    },
    {
      "url": "https://news.qq.com/rain/a/20260903A07DZL00",
      "title": "",
      "collection_id": null,
      "insert_len": 0,
      "status": "failed",
      "error": "EOF occurred in violation of protocol (_ssl.c:1006)"
    },
    {
      "url": "https://news.qq.com/rain/a/20260903A07DPS00",
      "title": "",
      "collection_id": null,
      "insert_len": 0,
      "status": "failed",
      "error": "EOF occurred in violation of protocol (_ssl.c:1006)"
    },
    {
      "url": "https://news.qq.com/rain/a/20260903A07DPR00",
      "title": "汉口站即将启动改造，武汉交警发布提醒：对出行影响较大，请提前了解，相互转告",
      "collection_id": "6a9a3a4d462e4bbfa78df3ab",
      "insert_len": 0,
      "status": "success"
    },
    {
      "url": "https://news.qq.com/rain/a/20260903A07C1T00",
      "title": "视频丨粤闽需警惕特大暴雨 防范山体滑坡泥石流等灾害",
      "collection_id": "6a9a3a4e462e4bbfa78df3db",
      "insert_len": 0,
      "status": "success"
    },
    {
      "url": "https://news.qq.com/rain/a/20260903A07EFO00",
      "title": "汇源宣布与中粮悦享会亿级战略合作正式落地",
      "collection_id": "6a9a3a4e462e4bbfa78df40b",
      "insert_len": 0,
      "status": "success"
    },
    {
      "url": "https://news.qq.com/rain/a/20260903A07E3D00",
      "title": "南京市委书记、市长，为新公司揭牌",
      "collection_id": "6a9a3a4f462e4bbfa78df43b",
      "insert_len": 0,
      "status": "success"
    },
    {
      "url": "https://news.qq.com/rain/a/20260903A07DUJ00",
      "title": "",
      "collection_id": null,
      "insert_len": 0,
      "status": "failed",
      "error": "新闻内容过短。"
    },
    {
      "url": "https://news.qq.com/rain/a/20260903A07EG600",
      "title": "奥乐齐官宣入皖，合肥、芜湖将迎六店首开",
      "collection_id": "6a9a3a4f462e4bbfa78df468",
      "insert_len": 0,
      "status": "success"
    },
    {
      "url": "https://news.qq.com/rain/a/20260903A07EF100",
      "title": "",
      "collection_id": null,
      "insert_len": 0,
      "status": "failed",
      "error": "EOF occurred in violation of protocol (_ssl.c:1006)"
    },
    {
      "url": "https://news.qq.com/rain/a/20260903A07DIV00",
      "title": "感情纠纷酿惨剧：泰国前男友驾车撞死前女友及其新男友",
      "collection_id": "6a9a3a4f462e4bbfa78df495",
      "insert_len": 0,
      "status": "success"
    },
    {
      "url": "https://news.qq.com/rain/a/20260903A07DLG00",
      "title": "受台风影响，宁波部分列车停运、限速",
      "collection_id": "6a9a3a50462e4bbfa78df4c2",
      "insert_len": 0,
      "status": "success"
    },
    {
      "url": "https://news.qq.com/rain/a/20260903A07DC400",
      "title": "",
      "collection_id": null,
      "insert_len": 0,
      "status": "failed",
      "error": "EOF occurred in violation of protocol (_ssl.c:1006)"
    },
    {
      "url": "https://news.qq.com/rain/a/20260903A07DWX00",
      "title": "雷电黄色预警上线，出门全靠一身“走位”！",
      "collection_id": "6a9a3a54462e4bbfa78df565",
      "insert_len": 0,
      "status": "success"
    },
    {
      "url": "https://news.qq.com/rain/a/20260903A07DIS00",
      "title": "苹果折叠屏首秀，小米同台对垒！台积电CoWoS订单排至明年，PCB、MLCC量价共振！消费电子ETF汇添富(159178)连续3日吸金",
      "collection_id": "6a9a3a55462e4bbfa78df59c",
      "insert_len": 0,
      "status": "success"
    },
    {
      "url": "https://news.qq.com/rain/a/20260903A07EG100",
      "title": "中原银行稳健增利2026年第92期理财产品9月3日起发行，业绩比较基准2.1%-2.8%",
      "collection_id": "6a9a3a55462e4bbfa78df5d9",
      "insert_len": 0,
      "status": "success"
    },
    {
      "url": "https://news.qq.com/rain/a/20260903A07EJ700",
      "title": "久日新材等新设概念验证创投合伙企业",
      "collection_id": "6a9a3a55462e4bbfa78df60a",
      "insert_len": 0,
      "status": "success"
    },
    {
      "url": "https://news.qq.com/rain/a/20260903A07DXT00",
      "title": "安徽淮南一液化气站发生爆炸，现场浓烟滚滚，当地应急管理局：暂未接到人员伤亡报告，事故原因正在调查中",
      "collection_id": "6a9a3a56462e4bbfa78df662",
      "insert_len": 0,
      "status": "success"
    },
    {
      "url": "https://news.qq.com/rain/a/20260903A07C8F00",
      "title": "",
      "collection_id": null,
      "insert_len": 0,
      "status": "failed",
      "error": "EOF occurred in violation of protocol (_ssl.c:1006)"
    },
    {
      "url": "https://news.qq.com/rain/a/20260903A07E4000",
      "title": "民众在中国人民抗日战争纪念馆参观",
      "collection_id": "6a9a3a56462e4bbfa78df69f",
      "insert_len": 0,
      "status": "success"
    },
    {
      "url": "https://news.qq.com/rain/a/20260903A07EDU00",
      "title": "彩经前瞻：米亚尔比vs尤尔加登，预计客队1-2球优势取胜",
      "collection_id": "6a9a3a58462e4bbfa78df6e1",
      "insert_len": 0,
      "status": "success"
    },
    {
      "url": "https://news.qq.com/rain/a/20260903A07DAE00",
      "title": "IPO雷达｜欧税通递表港交所，流动资产净值转负，高增长叙事下风险暗涌",
      "collection_id": "6a9a3a58462e4bbfa78df731",
      "insert_len": 0,
      "status": "success"
    },
    {
      "url": "https://news.qq.com/rain/a/20260903A07DOH00",
      "title": "SUV智驾时追尾大货车，被车上电线杆刺穿，车企回应来了",
      "collection_id": "6a9a3a58462e4bbfa78df76d",
      "insert_len": 0,
      "status": "success"
    },
    {
      "url": "https://news.qq.com/rain/a/20260903A07DYO00",
      "title": "青岛城投总经理于延涛被任命为青岛市政开发建设集团董事长",
      "collection_id": "6a9a3a59462e4bbfa78df7b9",
      "insert_len": 0,
      "status": "success"
    },
    {
      "url": "https://news.qq.com/rain/a/20260903A07D7700",
      "title": "恒瑞医药市值蒸发近500亿：员工持股目标下调，离职补偿累计近3亿",
      "collection_id": "6a9a3a59462e4bbfa78df7f0",
      "insert_len": 0,
      "status": "success"
    },
    {
      "url": "https://news.qq.com/rain/a/20260903A07ELR00",
      "title": "沪渝蓉高铁沪宁段铺轨启动",
      "collection_id": "6a9a3a5a462e4bbfa78df83d",
      "insert_len": 0,
      "status": "success"
    },
    {
      "url": "https://news.qq.com/rain/a/20260903A07DY300",
      "title": "大学生探访古建不慎坠井，消防员下井施救",
      "collection_id": "6a9a3a5b462e4bbfa78df887",
      "insert_len": 0,
      "status": "success"
    },
    {
      "url": "https://news.qq.com/rain/a/20260903A07CW000",
      "title": "苹果折叠屏首秀，小米同台对垒！台积电CoWoS订单排至明年，PCB、MLCC量价共振！消费电子ETF汇添富(159178)连续3日吸金！",
      "collection_id": "6a9a3a5b462e4bbfa78df8b7",
      "insert_len": 0,
      "status": "success"
    },
    {
      "url": "https://news.qq.com/rain/a/20260903A0592400",
      "title": "伊朗突然打穿美军后方！12枚导弹直扑约旦基地，海峡通航跌至每日5艘",
      "collection_id": "6a9a3a5b462e4bbfa78df8f3",
      "insert_len": 0,
      "status": "success"
    },
    {
      "url": "https://news.qq.com/rain/a/20260903A07EIG00",
      "title": "",
      "collection_id": null,
      "insert_len": 0,
      "status": "failed",
      "error": "EOF occurred in violation of protocol (_ssl.c:1006)"
    },
    {
      "url": "https://news.qq.com/rain/a/20260903A07CQ800",
      "title": "8.99万起的ID.ERA 5S，2.82L的亏电油耗到底高不高？",
      "collection_id": "6a9a3a5d462e4bbfa78df95f",
      "insert_len": 0,
      "status": "success"
    },
    {
      "url": "https://news.qq.com/rain/a/20260903A07EW400",
      "title": "癌症疫苗离普通人还有多远？京东健康携手立康生命科技共探肿瘤疫苗服务新模式",
      "collection_id": "6a9a3a5e462e4bbfa78df999",
      "insert_len": 0,
      "status": "success"
    },
    {
      "url": "https://news.qq.com/rain/a/20260903A07EMB00",
      "title": "【抗战胜利81周年】铭记抗战历史，传承抗战精神",
      "collection_id": "6a9a3a61462e4bbfa78dfa12",
      "insert_len": 0,
      "status": "success"
    },
    {
      "url": "https://news.qq.com/rain/a/20260903A07EZB00",
      "title": "当代年轻人的肠胃，正在替主人“在线暴躁”",
      "collection_id": "6a9a3a61462e4bbfa78df9e2",
      "insert_len": 0,
      "status": "success"
    },
    {
      "url": "https://news.qq.com/rain/a/20260903A07EIC00",
      "title": "银行板块估值与股息提供安全边际，回撤浅于宽基，适合作为长期权益底仓",
      "collection_id": "6a9a3a61462e4bbfa78dfa4b",
      "insert_len": 0,
      "status": "success"
    },
    {
      "url": "https://news.qq.com/rain/a/20260903A04O5200",
      "title": "王聪回应争夺UFC金腰带之战",
      "collection_id": "6a9a3a61462e4bbfa78dfa82",
      "insert_len": 0,
      "status": "success"
    },
    {
      "url": "https://news.qq.com/rain/a/20260903A07EEE00",
      "title": "",
      "collection_id": null,
      "insert_len": 0,
      "status": "failed",
      "error": "EOF occurred in violation of protocol (_ssl.c:1006)"
    },
    {
      "url": "https://news.qq.com/rain/a/20260903A07EXT00",
      "title": "“牛马友好型”体重管理——不辞职、不修仙、不饿晕的那种",
      "collection_id": "6a9a3a62462e4bbfa78dfaba",
      "insert_len": 0,
      "status": "success"
    },
    {
      "url": "https://news.qq.com/rain/a/20260903A07E5J00",
      "title": "从软硬件生态到开发者平台，WorkBuddy选择「更开放」",
      "collection_id": "6a9a3a62462e4bbfa78dfaf3",
      "insert_len": 0,
      "status": "success"
    },
    {
      "url": "https://news.qq.com/rain/a/20260903A07EVU00",
      "title": "艾滋病有误诊的案例吗？",
      "collection_id": "6a9a3a63462e4bbfa78dfb64",
      "insert_len": 0,
      "status": "success"
    },
    {
      "url": "https://news.qq.com/rain/a/20260903A07ETM00",
      "title": "中国综合能源服务商第一梯队分析：协鑫能科的综合实力与竞争优势",
      "collection_id": "6a9a3a63462e4bbfa78dfb9f",
      "insert_len": 0,
      "status": "success"
    },
    {
      "url": "https://news.qq.com/rain/a/20260903A07E8900",
      "title": "（体育）游泳——国家游泳队举办出征亚运会公开课",
      "collection_id": "6a9a3a64462e4bbfa78dfbd7",
      "insert_len": 0,
      "status": "success"
    },
    {
      "url": "https://news.qq.com/rain/a/20260903A07CUS00",
      "title": "【西山育师｜逐光践行】③从“被托举”到“再托举”",
      "collection_id": "6a9a3a65462e4bbfa78dfc16",
      "insert_len": 0,
      "status": "success"
    },
    {
      "url": "https://news.qq.com/rain/a/20260903A07EFT00",
      "title": "无需统一采购 深圳把校服选择权交给家长和孩子",
      "collection_id": "6a9a3a65462e4bbfa78dfc4a",
      "insert_len": 0,
      "status": "success"
    },
    {
      "url": "https://news.qq.com/rain/a/20260903A07EI800",
      "title": "韩国股市收涨 午后一度跳水近2%",
      "collection_id": "6a9a3a65462e4bbfa78dfc7e",
      "insert_len": 0,
      "status": "success"
    },
    {
      "url": "https://news.qq.com/rain/a/20260903A07E4U00",
      "title": "来长沙吃小吃看这篇｜精选口碑 8 家小吃老店，地道湘味不踩坑",
      "collection_id": "6a9a3a66462e4bbfa78dfcae",
      "insert_len": 0,
      "status": "success"
    },
    {
      "url": "https://news.qq.com/rain/a/20260903A07DX800",
      "title": "南宁一幼儿从38楼阳台爬出找奶奶，挂在防盗网上！楼下邻居紧急出手",
      "collection_id": "6a9a3a66462e4bbfa78dfcf1",
      "insert_len": 0,
      "status": "success"
    },
    {
      "url": "https://news.qq.com/rain/a/20260903A07D9G00",
      "title": "抗战胜利纪念日——这段在呈贡的往事我想说给你听",
      "collection_id": "6a9a3a67462e4bbfa78dfd29",
      "insert_len": 0,
      "status": "success"
    },
    {
      "url": "https://news.qq.com/rain/a/20260903A07EW600",
      "title": "泰康人寿温州中心支公司“小手拉小手”少儿书画公益拍卖活动圆满落幕",
      "collection_id": "6a9a3a68462e4bbfa78dfe1f",
      "insert_len": 0,
      "status": "success"
    },
    {
      "url": "https://news.qq.com/rain/a/20260903A07D8K00",
      "title": "宸芯科技辗转四年冲刺创业板：增收不增利，保代曾因IPO核查不到位被警示",
      "collection_id": "6a9a3a67462e4bbfa78dfd8e",
      "insert_len": 0,
      "status": "success"
    },
    {
      "url": "https://news.qq.com/rain/a/20260903A07C1J00",
      "title": "一个月暴涨162%后，“妖股”一鸣食品连吃两个跌停",
      "collection_id": "6a9a3a68462e4bbfa78dfdeb",
      "insert_len": 0,
      "status": "success"
    },
    {
      "url": "https://news.qq.com/rain/a/20260903A07DZW00",
      "title": "杭州滨江区首付200万新房推荐：30分钟通勤内，2024-2026在售楼盘居住属性与投资潜力对比",
      "collection_id": "6a9a3a68462e4bbfa78dfe50",
      "insert_len": 0,
      "status": "success"
    },
    {
      "url": "https://news.qq.com/rain/a/20260903A07EXO00",
      "title": "",
      "collection_id": null,
      "insert_len": 0,
      "status": "failed",
      "error": "新闻正文为空。"
    },
    {
      "url": "https://news.qq.com/rain/a/20260903A07E3200",
      "title": "复旦大学董瑞华/赵龙团队：肠道菌群新技能，特定益生菌加速微塑料排出 | 热心肠日报",
      "collection_id": "6a9a3a69462e4bbfa78dfeb5",
      "insert_len": 0,
      "status": "success"
    },
    {
      "url": "https://news.qq.com/rain/a/20260903A07EY800",
      "title": "最新！绍兴市疾控中心发布健康提醒",
      "collection_id": "6a9a3a69462e4bbfa78dfec5",
      "insert_len": 0,
      "status": "success"
    },
    {
      "url": "https://news.qq.com/rain/a/20260903A07EJ200",
      "title": "天猫上线Token充值中心 首批接入阿里云、智谱、Kimi、MiniMax",
      "collection_id": "6a9a3a69462e4bbfa78dff18",
      "insert_len": 0,
      "status": "success"
    },
    {
      "url": "https://news.qq.com/rain/a/20260903A07EI500",
      "title": "非银板块估值处历史低位，盈利改善支撑修复弹性，震荡市关注稳中带攻配置方向",
      "collection_id": "6a9a3a69462e4bbfa78dff59",
      "insert_len": 0,
      "status": "success"
    },
    {
      "url": "https://news.qq.com/rain/a/20260903A07ET200",
      "title": "白酒，卖不动了！",
      "collection_id": "6a9a3a6a462e4bbfa78dffa8",
      "insert_len": 0,
      "status": "success"
    },
    {
      "url": "https://news.qq.com/rain/a/20260903A07F1Q00",
      "title": "校园被积水围困，用课桌搭起应急“桥”！福安职校3200余名师生平安转移",
      "collection_id": "6a9a3a6a462e4bbfa78dffdc",
      "insert_len": 0,
      "status": "success"
    },
    {
      "url": "https://news.qq.com/rain/a/20260903A07EIF00",
      "title": "",
      "collection_id": null,
      "insert_len": 0,
      "status": "failed",
      "error": "EOF occurred in violation of protocol (_ssl.c:1006)"
    },
    {
      "url": "https://news.qq.com/rain/a/20260903A07EJ100",
      "title": "封装测试复杂度抬升带来新挑战，A股CPO板块盘中走高，三安光电涨停",
      "collection_id": "6a9a3a6a462e4bbfa78e001c",
      "insert_len": 0,
      "status": "success"
    },
    {
      "url": "https://news.qq.com/rain/a/20260903A07EFY00",
      "title": "向山向海、宝藏小城......盘点今年暑运热词",
      "collection_id": "6a9a3a6b462e4bbfa78e005b",
      "insert_len": 0,
      "status": "success"
    },
    {
      "url": "https://news.qq.com/rain/a/20260903A07FF200",
      "title": "中新将举行“海上合作-2026”联演",
      "collection_id": "6a9a3a6b462e4bbfa78e008f",
      "insert_len": 0,
      "status": "success"
    },
    {
      "url": "https://news.qq.com/rain/a/20260903A07EFI00",
      "title": "工银理财全球添益QDII美元封闭式产品（安鼎）32号9月3日起发行，业绩比较基准3.7%-3.9%",
      "collection_id": "6a9a3a6c462e4bbfa78e00c9",
      "insert_len": 0,
      "status": "success"
    },
    {
      "url": "https://news.qq.com/rain/a/20260903A07EQ900",
      "title": "中国专业AI数据采集与标注公司有哪些？2026年6家知名公司深度推荐！",
      "collection_id": "6a9a3a6c462e4bbfa78e00fd",
      "insert_len": 0,
      "status": "success"
    },
    {
      "url": "https://news.qq.com/rain/a/20260903A07CCV00",
      "title": "世界冠军入籍日本放弃中国姓！30岁女儿身材太好遭质疑：我真是人类",
      "collection_id": "6a9a3a6d462e4bbfa78e0131",
      "insert_len": 0,
      "status": "success"
    },
    {
      "url": "https://news.qq.com/rain/a/20260903A07EA200",
      "title": "机器人做月饼 老字号拥抱新科技",
      "collection_id": "6a9a3a6d462e4bbfa78e0162",
      "insert_len": 0,
      "status": "success"
    },
    {
      "url": "https://news.qq.com/rain/a/20260903A07FHD00",
      "title": "",
      "collection_id": null,
      "insert_len": 0,
      "status": "failed",
      "error": "EOF occurred in violation of protocol (_ssl.c:1006)"
    },
    {
      "url": "https://news.qq.com/rain/a/20260903A07D4800",
      "title": "",
      "collection_id": null,
      "insert_len": 0,
      "status": "failed",
      "error": "EOF occurred in violation of protocol (_ssl.c:1006)"
    },
    {
      "url": "https://news.qq.com/rain/a/20260903A07EVV00",
      "title": "CCTV-1黄金档《生逢其时》今晚开播！",
      "collection_id": "6a9a3a72462e4bbfa78e01d8",
      "insert_len": 0,
      "status": "success"
    },
    {
      "url": "https://news.qq.com/rain/a/20260903A07FGV00",
      "title": "4万名志愿者将参与爱知·名古屋亚运会",
      "collection_id": "6a9a3a73462e4bbfa78e0210",
      "insert_len": 0,
      "status": "success"
    },
    {
      "url": "https://news.qq.com/rain/a/20260903A07ETS00",
      "title": "45分钟卖700多万，深圳公司盯上做定制的小老板",
      "collection_id": "6a9a3a73462e4bbfa78e0240",
      "insert_len": 0,
      "status": "success"
    },
    {
      "url": "https://news.qq.com/rain/a/20260903A07EYO00",
      "title": "不吃早餐，胆囊为什么更容易长“石头”？",
      "collection_id": "6a9a3a74462e4bbfa78e02a4",
      "insert_len": 0,
      "status": "success"
    },
    {
      "url": "https://news.qq.com/rain/a/20260903A07EI300",
      "title": "上汽集团、奥迪、大众汽车在上海成立合资公司 注册资本6.94亿",
      "collection_id": "6a9a3a74462e4bbfa78e02d4",
      "insert_len": 0,
      "status": "success"
    },
    {
      "url": "https://news.qq.com/rain/a/20260903A07FD000",
      "title": "",
      "collection_id": null,
      "insert_len": 0,
      "status": "failed",
      "error": "EOF occurred in violation of protocol (_ssl.c:1006)"
    },
    {
      "url": "https://news.qq.com/rain/a/20260903A07EEA00",
      "title": "【视频】跨越3300公里的青春选择：黑龙江“00后”姑娘在南海之滨守护南宋沉船",
      "collection_id": "6a9a3a75462e4bbfa78e0317",
      "insert_len": 0,
      "status": "success"
    },
    {
      "url": "https://news.qq.com/rain/a/20260903A07FKN00",
      "title": "",
      "collection_id": null,
      "insert_len": 0,
      "status": "failed",
      "error": "新闻正文为空。"
    },
    {
      "url": "https://news.qq.com/rain/a/20260903A07F7700",
      "title": "2026 标书制作公司行业盘点：6 家正规机构梯队排名与选型指南",
      "collection_id": "6a9a3a76462e4bbfa78e035f",
      "insert_len": 0,
      "status": "success"
    },
    {
      "url": "https://news.qq.com/rain/a/20260903A07C8L00",
      "title": "2026《三角洲行动》S10赛季环境适配测评，三大优质电竞服务平台体验修复盘点",
      "collection_id": "6a9a3a76462e4bbfa78e0397",
      "insert_len": 0,
      "status": "success"
    },
    {
      "url": "https://news.qq.com/rain/a/20260903A07DML00",
      "title": "欧足联逼宫因凡蒂诺首战失利，欧洲球队正常踢女足U20世界杯",
      "collection_id": "6a9a3a77462e4bbfa78e03cf",
      "insert_len": 0,
      "status": "success"
    },
    {
      "url": "https://news.qq.com/rain/a/20260903A07EE600",
      "title": "视频 | “绿色处方”开进公园，家门口的森林康养",
      "collection_id": "6a9a3a78462e4bbfa78e03ff",
      "insert_len": 0,
      "status": "success"
    },
    {
      "url": "https://news.qq.com/rain/a/20260903A07EFG00",
      "title": "",
      "collection_id": null,
      "insert_len": 0,
      "status": "failed",
      "error": "EOF occurred in violation of protocol (_ssl.c:1006)"
    },
    {
      "url": "https://news.qq.com/rain/a/20260903A07FUG00",
      "title": "宏碁IFA发布5G网卡与CPE两款新品",
      "collection_id": "6a9a3a79462e4bbfa78e044a",
      "insert_len": 0,
      "status": "success"
    },
    {
      "url": "https://news.qq.com/rain/a/20260903A07EJ000",
      "title": "奥迪创新技术中心在上海成立",
      "collection_id": "6a9a3a7a462e4bbfa78e04a5",
      "insert_len": 0,
      "status": "success"
    },
    {
      "url": "https://news.qq.com/rain/a/20260903A07D8V00",
      "title": "你用过的Kimi要上市了，和DeepSeek们抢着去敲钟！",
      "collection_id": "6a9a3a7a462e4bbfa78e04d6",
      "insert_len": 0,
      "status": "success"
    },
    {
      "url": "https://news.qq.com/rain/a/20260903A07DZA00",
      "title": "济南这八个楼盘拟入选市级高品质住宅试点项目  中海三个项目在列",
      "collection_id": "6a9a3a7b462e4bbfa78e0512",
      "insert_len": 0,
      "status": "success"
    },
    {
      "url": "https://news.qq.com/rain/a/20260903A07EUQ00",
      "title": "【主力异动】午后小盘反弹！“小盘之光”159552盘中再揽3400万，连续4日加速买入！",
      "collection_id": "6a9a3a7c462e4bbfa78e0576",
      "insert_len": 0,
      "status": "success"
    },
    {
      "url": "https://news.qq.com/rain/a/20260903A07EYJ00",
      "title": "云南省安委会挂牌督办华宁县民船侧翻事故：要求查明事故原因",
      "collection_id": "6a9a3a7d462e4bbfa78e05ad",
      "insert_len": 0,
      "status": "success"
    },
    {
      "url": "https://news.qq.com/rain/a/20260903A07EWR00",
      "title": "深夜电表箱起火！“幸亏今天有个消防员在这里”",
      "collection_id": "6a9a3a7d462e4bbfa78e05dd",
      "insert_len": 0,
      "status": "success"
    },
    {
      "url": "https://news.qq.com/rain/a/20260903A07EHZ00",
      "title": "微盟加入腾讯WorkBuddy开放生态，携手推出微盟Buddy应用",
      "collection_id": "6a9a3a7d462e4bbfa78e0616",
      "insert_len": 0,
      "status": "success"
    },
    {
      "url": "https://news.qq.com/rain/a/20260903A07CL700",
      "title": "微盟加入腾讯WorkBuddy开放生态，携手推出微盟Buddy应用",
      "collection_id": "6a9a3a7e462e4bbfa78e0654",
      "insert_len": 0,
      "status": "success"
    },
    {
      "url": "https://news.qq.com/rain/a/20260903A07EUW00",
      "title": "",
      "collection_id": null,
      "insert_len": 0,
      "status": "failed",
      "error": "EOF occurred in violation of protocol (_ssl.c:1006)"
    },
    {
      "url": "https://news.qq.com/rain/a/20260903A07FTK00",
      "title": "太平洋财险凉山三家机构共被罚25万，涉虚挂代理业务等",
      "collection_id": "6a9a3a7e462e4bbfa78e0691",
      "insert_len": 0,
      "status": "success"
    },
    {
      "url": "https://news.qq.com/rain/a/20260903A07G1900",
      "title": "高考人数走势藏楼市密码，未来十年核心城市房价逻辑解析",
      "collection_id": "6a9a3a7f462e4bbfa78e06d0",
      "insert_len": 0,
      "status": "success"
    },
    {
      "url": "https://news.qq.com/rain/a/20260903A07F0300",
      "title": "不要动不要动！9月3日金价行情已清晰，下周一二或更大变动？",
      "collection_id": "6a9a3a7f462e4bbfa78e0716",
      "insert_len": 0,
      "status": "success"
    },
    {
      "url": "https://news.qq.com/rain/a/20260903A07D4B00",
      "title": "台风天城区内涝严重，福安民警用塑料箱“撑船”救出被困儿童",
      "collection_id": "6a9a3a7f462e4bbfa78e0766",
      "insert_len": 0,
      "status": "success"
    },
    {
      "url": "https://news.qq.com/rain/a/20260903A07FS800",
      "title": "",
      "collection_id": null,
      "insert_len": 0,
      "status": "failed",
      "error": "新闻内容过短。"
    },
    {
      "url": "https://news.qq.com/rain/a/20260903A079ZB00",
      "title": "腾讯WorkBuddy上线银河麒麟、统信操作系统",
      "collection_id": "6a9a3a82462e4bbfa78e07a2",
      "insert_len": 0,
      "status": "success"
    },
    {
      "url": "https://news.qq.com/rain/a/20260903A07FBF00",
      "title": "毛利率逆势走高、产能加速释放，来福谐波的确定性增长正在兑现",
      "collection_id": "6a9a3a82462e4bbfa78e07d2",
      "insert_len": 0,
      "status": "success"
    },
    {
      "url": "https://news.qq.com/rain/a/20260903A078BP00",
      "title": "微信被单向删除好友会提示？ 腾讯客服回应",
      "collection_id": "6a9a3a82462e4bbfa78e080f",
      "insert_len": 0,
      "status": "success"
    },
    {
      "url": "https://news.qq.com/rain/a/20260903A07G1L00",
      "title": "“出海选上海”成共识 上海“十五五”这样布局海外服务网点",
      "collection_id": "6a9a3a83462e4bbfa78e0857",
      "insert_len": 0,
      "status": "success"
    },
    {
      "url": "https://news.qq.com/rain/a/20260903A07FRY00",
      "title": "摩根大通证券郑振宁：中国、沙特资本市场互联合作进入新阶段",
      "collection_id": "6a9a3a83462e4bbfa78e088c",
      "insert_len": 0,
      "status": "success"
    },
    {
      "url": "https://news.qq.com/rain/a/20260903A07FYQ00",
      "title": "家长在班级群自称“市人民医院纪委书记”？医院监察室回应：已介入调查",
      "collection_id": "6a9a3a84462e4bbfa78e0945",
      "insert_len": 0,
      "status": "success"
    },
    {
      "url": "https://news.qq.com/rain/a/20260903A07F9300",
      "title": "AI算力需求火热！华为昇腾拟获超10亿大单，液冷概念股多股涨停",
      "collection_id": "6a9a3a84462e4bbfa78e08bd",
      "insert_len": 0,
      "status": "success"
    },
    {
      "url": "https://news.qq.com/rain/a/20260903A07FCQ00",
      "title": "一周夺双冠！国乒又一14岁超新星崛起：看齐王楚钦林诗栋？",
      "collection_id": "6a9a3a84462e4bbfa78e0915",
      "insert_len": 0,
      "status": "success"
    },
    {
      "url": "https://news.qq.com/rain/a/20260903A07FB600",
      "title": "石药集团自研产品被纳入突破性治疗品种名单！创新药ETF天弘（517380）标的指数盘中涨超1%近30日净流入超2亿元",
      "collection_id": "6a9a3a85462e4bbfa78e09b9",
      "insert_len": 0,
      "status": "success"
    },
    {
      "url": "https://news.qq.com/rain/a/20260903A07FTY00",
      "title": "喜马拉雅冰川退缩引关注，中国将继续加强与尼泊尔在防灾减灾等领域合作",
      "collection_id": "6a9a3a85462e4bbfa78e0985",
      "insert_len": 0,
      "status": "success"
    },
    {
      "url": "https://news.qq.com/rain/a/20260903A07FFY00",
      "title": "政策找人、服务上门！这场活动专攻企业的头疼事",
      "collection_id": "6a9a3a88462e4bbfa78e0aad",
      "insert_len": 0,
      "status": "success"
    },
    {
      "url": "https://news.qq.com/rain/a/20260903A07E7F00",
      "title": "陈观泰与刘兆铭突然离世：一日之间香港演艺界痛失两位殿堂级老戏骨，周星驰发文悼念",
      "collection_id": "6a9a3a86462e4bbfa78e0a01",
      "insert_len": 0,
      "status": "success"
    },
    {
      "url": "https://news.qq.com/rain/a/20260903A07EF700",
      "title": "视频丨福建部分县市出现内涝 武警紧急转移受灾群众",
      "collection_id": "6a9a3a87462e4bbfa78e0a38",
      "insert_len": 0,
      "status": "success"
    },
    {
      "url": "https://news.qq.com/rain/a/20260903A07DMO00",
      "title": "超650亿桶！特朗普搞定委内瑞拉石油储备；马杜罗以享有豁免权为由要求美方撤销指控 | 新黄河·环球午报",
      "collection_id": "6a9a3a88462e4bbfa78e0a70",
      "insert_len": 0,
      "status": "success"
    },
    {
      "url": "https://news.qq.com/rain/a/20260903A07FWW00",
      "title": "四川一次性扩岗补助政策“扩围”，吸纳青年就业最高可获1500元/人补助",
      "collection_id": "6a9a3a88462e4bbfa78e0b35",
      "insert_len": 0,
      "status": "success"
    },
    {
      "url": "https://news.qq.com/rain/a/20260903A07FQR00",
      "title": "苏州大学陈倩团队：延长驻留精准靶向，纳米技术破解食物过敏难题 | 热心肠日报",
      "collection_id": "6a9a3a88462e4bbfa78e0af5",
      "insert_len": 0,
      "status": "success"
    },
    {
      "url": "https://news.qq.com/rain/a/20260903A07D3100",
      "title": "余生最顶级的活法：自己哄自己",
      "collection_id": "6a9a3a89462e4bbfa78e0b9d",
      "insert_len": 0,
      "status": "success"
    },
    {
      "url": "https://news.qq.com/rain/a/20260903A07G3500",
      "title": "朔城区召开领导干部大会 郝云同志任朔城区委书记",
      "collection_id": "6a9a3a89462e4bbfa78e0b6d",
      "insert_len": 0,
      "status": "success"
    },
    {
      "url": "https://news.qq.com/rain/a/20260903A07EEB00",
      "title": "",
      "collection_id": null,
      "insert_len": 0,
      "status": "failed",
      "error": "EOF occurred in violation of protocol (_ssl.c:1006)"
    },
    {
      "url": "https://news.qq.com/rain/a/20260903A07EWN00",
      "title": "这种西瓜风险很大！最好不要随便吃",
      "collection_id": "6a9a3a89462e4bbfa78e0c03",
      "insert_len": 0,
      "status": "success"
    },
    {
      "url": "https://news.qq.com/rain/a/20260903A07FSN00",
      "title": "进口暴涨22%！150多国挤破头往中国卖货，这才是全球贸易的真相",
      "collection_id": "6a9a3a8a462e4bbfa78e0c48",
      "insert_len": 0,
      "status": "success"
    },
    {
      "url": "https://news.qq.com/rain/a/20260903A07G9600",
      "title": "“老虎”伍兹就交通事故达成认罪协议 免于入狱",
      "collection_id": "6a9a3a8b462e4bbfa78e0c81",
      "insert_len": 0,
      "status": "success"
    },
    {
      "url": "https://news.qq.com/rain/a/20260903A07FC600",
      "title": "注意！“安全帽”新国标已实施，别戴错了！",
      "collection_id": "6a9a3a8c462e4bbfa78e0cd2",
      "insert_len": 0,
      "status": "success"
    },
    {
      "url": "https://news.qq.com/rain/a/20260903A07FYZ00",
      "title": "2026年青城山餐饮酒店 出行游玩选择 实用参考榜单",
      "collection_id": "6a9a3a8c462e4bbfa78e0d02",
      "insert_len": 0,
      "status": "success"
    },
    {
      "url": "https://news.qq.com/rain/a/20260903A07G6P00",
      "title": "",
      "collection_id": null,
      "insert_len": 0,
      "status": "failed",
      "error": "新闻正文为空。"
    },
    {
      "url": "https://news.qq.com/rain/a/20260903A07FXZ00",
      "title": "最高人民法院2026年度司法研究重大课题招标公告",
      "collection_id": "6a9a3a8d462e4bbfa78e0d3b",
      "insert_len": 0,
      "status": "success"
    },
    {
      "url": "https://news.qq.com/rain/a/20260903A07EDR00",
      "title": "每体：哈姆扎解约金1500万欧，弗里克关窗前不让他上以避免被抢",
      "collection_id": "6a9a3a8d462e4bbfa78e0d8b",
      "insert_len": 0,
      "status": "success"
    },
    {
      "url": "https://news.qq.com/rain/a/20260903A07FTD00",
      "title": "ATK烈空幻影鼠标发布44g轻量设计",
      "collection_id": "6a9a3a8e462e4bbfa78e0dcc",
      "insert_len": 0,
      "status": "success"
    },
    {
      "url": "https://news.qq.com/rain/a/20260903A07FYY00",
      "title": "麦基更新社媒分享训练照，配文：这个夏天我最好的朋友",
      "collection_id": "6a9a3a8e462e4bbfa78e0e07",
      "insert_len": 0,
      "status": "success"
    },
    {
      "url": "https://news.qq.com/rain/a/20260903A07G1400",
      "title": "泰国总理阿努廷·参威拉恭：泰国属于全体泰国人 无视颂提“夺回国家”号召",
      "collection_id": "6a9a3a8e462e4bbfa78e0e37",
      "insert_len": 0,
      "status": "success"
    },
    {
      "url": "https://news.qq.com/rain/a/20260903A07FCA00",
      "title": "6000mAh塞进折叠屏！小米18 Fold官宣搭载金沙江电池",
      "collection_id": "6a9a3a8f462e4bbfa78e0e76",
      "insert_len": 0,
      "status": "success"
    },
    {
      "url": "https://news.qq.com/rain/a/20260903A07FAC00",
      "title": "",
      "collection_id": null,
      "insert_len": 0,
      "status": "failed",
      "error": "EOF occurred in violation of protocol (_ssl.c:1006)"
    },
    {
      "url": "https://news.qq.com/rain/a/20260903A07FU100",
      "title": "品秋味，迎中秋！“运河大集”推出11条新线路~",
      "collection_id": "6a9a3a90462e4bbfa78e0eae",
      "insert_len": 0,
      "status": "success"
    },
    {
      "url": "https://news.qq.com/rain/a/20260903A07FGW00",
      "title": "",
      "collection_id": null,
      "insert_len": 0,
      "status": "failed",
      "error": "EOF occurred in violation of protocol (_ssl.c:1006)"
    },
    {
      "url": "https://news.qq.com/rain/a/20260903A07FDZ00",
      "title": "A股CPO概念股走高",
      "collection_id": "6a9a3a94462e4bbfa78e0eee",
      "insert_len": 0,
      "status": "success"
    },
    {
      "url": "https://news.qq.com/rain/a/20260903A07FWP00",
      "title": "太平洋人寿徐州中支被罚54万，涉虚假记载等",
      "collection_id": "6a9a3a94462e4bbfa78e0f25",
      "insert_len": 0,
      "status": "success"
    },
    {
      "url": "https://news.qq.com/rain/a/20260903A07FAV00",
      "title": "四场万人演唱会落幕，但这些温情故事还在被歌迷念叨",
      "collection_id": "6a9a3a95462e4bbfa78e0f56",
      "insert_len": 0,
      "status": "success"
    },
    {
      "url": "https://news.qq.com/rain/a/20260903A07G9700",
      "title": "老黄埔优质物业新房推荐2026：从物业公司服务口碑、物业费标准看改善型新盘",
      "collection_id": "6a9a3a95462e4bbfa78e0fb4",
      "insert_len": 0,
      "status": "success"
    },
    {
      "url": "https://news.qq.com/rain/a/20260903A07EOW00",
      "title": "中国初中篮球联赛新赛季在京启动 寰铂体育获五年独家运营权",
      "collection_id": "6a9a3a95462e4bbfa78e0fb6",
      "insert_len": 0,
      "status": "success"
    },
    {
      "url": "https://news.qq.com/rain/a/20260903A07FZR00",
      "title": "博通 AI 业务收入暴涨 Anthropic、OpenAI 跃居客户榜单前列",
      "collection_id": "6a9a3a96462e4bbfa78e1012",
      "insert_len": 0,
      "status": "success"
    },
    {
      "url": "https://news.qq.com/rain/a/20260903A07FEL00",
      "title": "警惕 | 超强厄尔尼诺要来了！世界气象组织通报！",
      "collection_id": "6a9a3a96462e4bbfa78e104a",
      "insert_len": 0,
      "status": "success"
    },
    {
      "url": "https://news.qq.com/rain/a/20260903A07G7400",
      "title": "主营是户外用品的浙江自然，悄悄注册了一家半导体材料公司",
      "collection_id": "6a9a3a96462e4bbfa78e1099",
      "insert_len": 0,
      "status": "success"
    },
    {
      "url": "https://news.qq.com/rain/a/20260903A07F0R00",
      "title": "投资理财避坑指南，带你看穿骗局",
      "collection_id": "6a9a3a97462e4bbfa78e1102",
      "insert_len": 0,
      "status": "success"
    },
    {
      "url": "https://news.qq.com/rain/a/20260903A07E9L00",
      "title": "郎才女貌！萨蓬男友曝光，188cm男模演员机场甜蜜接机，太般配！",
      "collection_id": "6a9a3a97462e4bbfa78e10ce",
      "insert_len": 0,
      "status": "success"
    },
    {
      "url": "https://news.qq.com/rain/a/20260903A07DR900",
      "title": "最美新时代革命军人丨王晓明：“行动比诺言更动人，身教比言教更有力”",
      "collection_id": "6a9a3a98462e4bbfa78e1157",
      "insert_len": 0,
      "status": "success"
    },
    {
      "url": "https://news.qq.com/rain/a/20260903A07FEQ00",
      "title": "创业板50ETF国泰（159375）连续8日资金净流入，指数估值处于低位",
      "collection_id": "6a9a3a98462e4bbfa78e1155",
      "insert_len": 0,
      "status": "success"
    },
    {
      "url": "https://news.qq.com/rain/a/20260903A07G1M00",
      "title": "第三届公共安全科技装备展将举办",
      "collection_id": "6a9a3a98462e4bbfa78e11bb",
      "insert_len": 0,
      "status": "success"
    },
    {
      "url": "https://news.qq.com/rain/a/20260903A07GA200",
      "title": "太真实了！年轻人消费不抠也不挥霍，只买对的绝不买贵了",
      "collection_id": "6a9a3a99462e4bbfa78e11f3",
      "insert_len": 0,
      "status": "success"
    },
    {
      "url": "https://news.qq.com/rain/a/20260903A07G9800",
      "title": "北京西冉金茂府怎么干？金茂发出共创邀请",
      "collection_id": "6a9a3a99462e4bbfa78e1233",
      "insert_len": 0,
      "status": "success"
    },
    {
      "url": "https://news.qq.com/rain/a/20260903A07GEJ00",
      "title": "",
      "collection_id": null,
      "insert_len": 0,
      "status": "failed",
      "error": "EOF occurred in violation of protocol (_ssl.c:1006)"
    },
    {
      "url": "https://news.qq.com/rain/a/20260903A07FRS00",
      "title": "北京肾病中医调理去哪找？公立机构、特色门诊与靠谱就诊指南",
      "collection_id": "6a9a3a9a462e4bbfa78e126b",
      "insert_len": 0,
      "status": "success"
    },
    {
      "url": "https://news.qq.com/rain/a/20260903A07G9A00",
      "title": "西安长安区常宁新区2026首改改善新房推荐：春晓海棠——高得房率+生态低密洋房",
      "collection_id": "6a9a3a9a462e4bbfa78e12a9",
      "insert_len": 0,
      "status": "success"
    },
    {
      "url": "https://news.qq.com/rain/a/20260903A07G9M00",
      "title": "青岛城阳巴士将在高新区开通预约公交 全程一票制2元",
      "collection_id": "6a9a3a9b462e4bbfa78e12df",
      "insert_len": 0,
      "status": "success"
    },
    {
      "url": "https://news.qq.com/rain/a/20260903A07G8800",
      "title": "",
      "collection_id": null,
      "insert_len": 0,
      "status": "failed",
      "error": "EOF occurred in violation of protocol (_ssl.c:1006)"
    },
    {
      "url": "https://news.qq.com/rain/a/20260903A07GI200",
      "title": "",
      "collection_id": null,
      "insert_len": 0,
      "status": "failed",
      "error": "新闻内容过短。"
    },
    {
      "url": "https://news.qq.com/rain/a/20260903A07F0W00",
      "title": "美国对伊朗斩首闪电战变持久战？特朗普骑虎难下，美防长延长部队部署，战争或将推至2027年",
      "collection_id": "6a9a3a9f462e4bbfa78e133f",
      "insert_len": 0,
      "status": "success"
    },
    {
      "url": "https://news.qq.com/rain/a/20260903A07FH400",
      "title": "红河：打通金融教育宣传“最后一公里” 筑牢边寨金融安全屏障",
      "collection_id": "6a9a3aa0462e4bbfa78e1379",
      "insert_len": 0,
      "status": "success"
    },
    {
      "url": "https://news.qq.com/rain/a/20260903A07GAB00",
      "title": "中新将举行“海上合作-2026”联演",
      "collection_id": "6a9a3aa1462e4bbfa78e13a9",
      "insert_len": 0,
      "status": "success"
    },
    {
      "url": "https://news.qq.com/rain/a/20260903A07GLS00",
      "title": "土媒：加拉塔萨雷接触卡马文加，商谈租借皇马中场",
      "collection_id": "6a9a3aa1462e4bbfa78e13e8",
      "insert_len": 0,
      "status": "success"
    },
    {
      "url": "https://news.qq.com/rain/a/20260903A07GKN00",
      "title": "",
      "collection_id": null,
      "insert_len": 0,
      "status": "failed",
      "error": "EOF occurred in violation of protocol (_ssl.c:1006)"
    },
    {
      "url": "https://news.qq.com/rain/a/20260903A07GCS00",
      "title": "",
      "collection_id": null,
      "insert_len": 0,
      "status": "failed",
      "error": "新闻正文为空。"
    },
    {
      "url": "https://news.qq.com/rain/a/20260903A07G8400",
      "title": "雷电+大风来了！注意防范！",
      "collection_id": "6a9a3aa2462e4bbfa78e1421",
      "insert_len": 0,
      "status": "success"
    },
    {
      "url": "https://news.qq.com/rain/a/20260903A07FT000",
      "title": "乌克兰两大情报部门当街交火",
      "collection_id": "6a9a3aa2462e4bbfa78e1452",
      "insert_len": 0,
      "status": "success"
    },
    {
      "url": "https://news.qq.com/rain/a/20260903A07GL500",
      "title": "贵州省3名县处级干部被开除党籍和公职",
      "collection_id": "6a9a3aa3462e4bbfa78e1490",
      "insert_len": 0,
      "status": "success"
    },
    {
      "url": "https://news.qq.com/rain/a/20260903A07G0Y00",
      "title": "泰国议员素帕纳施压政府整顿数据中心 能源部长埃卡纳回应加速推进",
      "collection_id": "6a9a3aa4462e4bbfa78e14d3",
      "insert_len": 0,
      "status": "success"
    },
    {
      "url": "https://news.qq.com/rain/a/20260903A07G1000",
      "title": "泰国国防部长阿敦警告：AI可查军力甚至暗杀，军方须警惕",
      "collection_id": "6a9a3aa4462e4bbfa78e1504",
      "insert_len": 0,
      "status": "success"
    },
    {
      "url": "https://news.qq.com/rain/a/20260903A055DD00",
      "title": "给个强特性就能救！GF明明手握答案，却非要把人气宝可梦做废",
      "collection_id": "6a9a3aa5462e4bbfa78e1545",
      "insert_len": 0,
      "status": "success"
    },
    {
      "url": "https://news.qq.com/rain/a/20260903A07GKX00",
      "title": "高盛：铝、黄金及铜企中期业绩普遍逊预期 锂企受惠锂价回升 上调赣锋锂业评级至“中性”",
      "collection_id": "6a9a3aa6462e4bbfa78e1575",
      "insert_len": 0,
      "status": "success"
    },
    {
      "url": "https://news.qq.com/rain/a/20260903A07GT500",
      "title": "",
      "collection_id": null,
      "insert_len": 0,
      "status": "failed",
      "error": "新闻内容过短。"
    },
    {
      "url": "https://news.qq.com/rain/a/20260903A07GBI00",
      "title": "墓园突然坍塌，有墓碑断裂被冲走，工作人员称正在搜寻骨灰；当地民政局回应",
      "collection_id": "6a9a3aa6462e4bbfa78e15b7",
      "insert_len": 0,
      "status": "success"
    },
    {
      "url": "https://news.qq.com/rain/a/20260903A07FA500",
      "title": "奉贤：水务青年进暑托，解锁趣味护水小课堂",
      "collection_id": "6a9a3aa6462e4bbfa78e1603",
      "insert_len": 0,
      "status": "success"
    },
    {
      "url": "https://news.qq.com/rain/a/20260903A07FFR00",
      "title": "首批银龄体验官上岗！养老产品好不好用，老人自己说了算~",
      "collection_id": "6a9a3aa6462e4bbfa78e1601",
      "insert_len": 0,
      "status": "success"
    },
    {
      "url": "https://news.qq.com/rain/a/20260903A07FQS00",
      "title": "明天10:00点！金牛区第六轮餐饮消费券开抢！",
      "collection_id": "6a9a3aa7462e4bbfa78e16a2",
      "insert_len": 0,
      "status": "success"
    },
    {
      "url": "https://news.qq.com/rain/a/20260903A07G5900",
      "title": "再走长征路｜从一串“阳光玫瑰”看凉山州德昌县农业新答卷",
      "collection_id": "6a9a3aa7462e4bbfa78e1662",
      "insert_len": 0,
      "status": "success"
    },
    {
      "url": "https://news.qq.com/rain/a/20260903A07GBH00",
      "title": "从尼罗河畔到苏州河畔，埃及人阿杜开出“香料”冰淇淋店 | 上海滩上洋掌柜",
      "collection_id": "6a9a3aa7462e4bbfa78e16ea",
      "insert_len": 0,
      "status": "success"
    },
    {
      "url": "https://news.qq.com/rain/a/20260903A07G9D00",
      "title": "番禺学区置业怎么选？万博湖畔这个九年制新盘，把接送、商业和公园都装进了步行圈",
      "collection_id": "6a9a3aa8462e4bbfa78e1725",
      "insert_len": 0,
      "status": "success"
    },
    {
      "url": "https://news.qq.com/rain/a/20260903A07G0G00",
      "title": "星宇股份107名应届生解约再调查：被通报停职的“人力资源总监”，查无此岗",
      "collection_id": "6a9a3aa8462e4bbfa78e1769",
      "insert_len": 0,
      "status": "success"
    },
    {
      "url": "https://news.qq.com/rain/a/20260903A07F1600",
      "title": "",
      "collection_id": null,
      "insert_len": 0,
      "status": "failed",
      "error": "EOF occurred in violation of protocol (_ssl.c:1006)"
    },
    {
      "url": "https://news.qq.com/rain/a/20260903A07GRJ00",
      "title": "“微信单删提示”，冲上热搜第一！网友：这辈子也加不到",
      "collection_id": "6a9a3aa9462e4bbfa78e17b4",
      "insert_len": 0,
      "status": "success"
    },
    {
      "url": "https://news.qq.com/rain/a/20260903A07G9I00",
      "title": "",
      "collection_id": null,
      "insert_len": 0,
      "status": "failed",
      "error": "EOF occurred in violation of protocol (_ssl.c:1006)"
    },
    {
      "url": "https://news.qq.com/rain/a/20260903A07G5800",
      "title": "传祺越7预售17.18万元起 方盒子SUV进入“体系战”",
      "collection_id": "6a9a3aad462e4bbfa78e17f7",
      "insert_len": 0,
      "status": "success"
    },
    {
      "url": "https://news.qq.com/rain/a/20260903A07GJH00",
      "title": "沃特金斯谈新月首秀：这场比赛达到英超水平，希望每场都进球",
      "collection_id": "6a9a3ab0462e4bbfa78e183d",
      "insert_len": 0,
      "status": "success"
    },
    {
      "url": "https://news.qq.com/rain/a/20260903A07FVN00",
      "title": "",
      "collection_id": null,
      "insert_len": 0,
      "status": "failed",
      "error": "EOF occurred in violation of protocol (_ssl.c:1006)"
    },
    {
      "url": "https://news.qq.com/rain/a/20260903A07FUX00",
      "title": "科创200ETF鹏华标的指数涨近1%，机器人、半导体、军工、医药迎来多重利好催化",
      "collection_id": "6a9a3ab1462e4bbfa78e1874",
      "insert_len": 0,
      "status": "success"
    },
    {
      "url": "https://news.qq.com/rain/a/20260903A07GQN00",
      "title": "五角大楼要给F-35换星盾卫星通信，远距离传输目标数据，2031年到位",
      "collection_id": "6a9a3ab1462e4bbfa78e18a4",
      "insert_len": 0,
      "status": "success"
    },
    {
      "url": "https://news.qq.com/rain/a/20260903A07FAP00",
      "title": "",
      "collection_id": null,
      "insert_len": 0,
      "status": "failed",
      "error": "EOF occurred in violation of protocol (_ssl.c:1006)"
    },
    {
      "url": "https://news.qq.com/rain/a/20260903A07G7D00",
      "title": "铁血青春 纪念长征胜利90周年双展在中共四大纪念馆启幕",
      "collection_id": "6a9a3ab3462e4bbfa78e18e5",
      "insert_len": 0,
      "status": "success"
    },
    {
      "url": "https://news.qq.com/rain/a/20260903A07F3900",
      "title": "销售额大涨近20%，账面亏损6850万元！齐占峰迎来任期考验丨中报观察",
      "collection_id": "6a9a3ab4462e4bbfa78e1929",
      "insert_len": 0,
      "status": "success"
    },
    {
      "url": "https://news.qq.com/rain/a/20260903A03RVF00",
      "title": "泽连斯基警告“俄领空不再安全”，普京：这是国家恐怖主义宣言",
      "collection_id": "6a9a3ab5462e4bbfa78e195d",
      "insert_len": 0,
      "status": "success"
    },
    {
      "url": "https://news.qq.com/rain/a/20260903A07GLG00",
      "title": "港股异动 | 和铂医药-B涨超4% 上半年收入同比增超两成 持续BD验证公司平台价值",
      "collection_id": "6a9a3ab5462e4bbfa78e19a4",
      "insert_len": 0,
      "status": "success"
    },
    {
      "url": "https://news.qq.com/rain/a/20260903A07FYH00",
      "title": "2026中国（太原）国际能源产业博览会正式开幕",
      "collection_id": "6a9a3ab6462e4bbfa78e19dc",
      "insert_len": 0,
      "status": "success"
    },
    {
      "url": "https://news.qq.com/rain/a/20260903A07GTL00",
      "title": "暴雨过后，不让疾病趁虚而入！这份灾后实用防病手册请收好",
      "collection_id": "6a9a3ab6462e4bbfa78e1a13",
      "insert_len": 0,
      "status": "success"
    },
    {
      "url": "https://news.qq.com/rain/a/20260903A07GL900",
      "title": "必要时顶替卢克-肖，巴莱巴等7人都可以客串左后卫",
      "collection_id": "6a9a3ab6462e4bbfa78e1a43",
      "insert_len": 0,
      "status": "success"
    },
    {
      "url": "https://news.qq.com/rain/a/20260903A06YVJ00",
      "title": "",
      "collection_id": null,
      "insert_len": 0,
      "status": "failed",
      "error": "EOF occurred in violation of protocol (_ssl.c:1006)"
    },
    {
      "url": "https://news.qq.com/rain/a/20260903A0557H00",
      "title": "",
      "collection_id": null,
      "insert_len": 0,
      "status": "failed",
      "error": "EOF occurred in violation of protocol (_ssl.c:1006)"
    },
    {
      "url": "https://news.qq.com/rain/a/20260903A07GQE00",
      "title": "",
      "collection_id": null,
      "insert_len": 0,
      "status": "failed",
      "error": "新闻正文为空。"
    },
    {
      "url": "https://news.qq.com/rain/a/20260903A07GHH00",
      "title": "",
      "collection_id": null,
      "insert_len": 0,
      "status": "failed",
      "error": "EOF occurred in violation of protocol (_ssl.c:1006)"
    },
    {
      "url": "https://news.qq.com/rain/a/20260903A07GHV00",
      "title": "从工程师到检察业务专家，魏宏宇跨界逐梦",
      "collection_id": "6a9a3abd462e4bbfa78e1a98",
      "insert_len": 0,
      "status": "success"
    },
    {
      "url": "https://news.qq.com/rain/a/20260903A07DDD00",
      "title": "一次打10支玻尿酸，景区NPC女孩之困",
      "collection_id": "6a9a3abe462e4bbfa78e1b0d",
      "insert_len": 0,
      "status": "success"
    },
    {
      "url": "https://news.qq.com/rain/a/20260903A07E7N00",
      "title": "10天近5万件诉求，12345岂容饭圈“刷数据”？",
      "collection_id": "6a9a3abf462e4bbfa78e1b65",
      "insert_len": 0,
      "status": "success"
    },
    {
      "url": "https://news.qq.com/rain/a/20260903A07GJA00",
      "title": "外资零售开启在华“二次进化”",
      "collection_id": "6a9a3abf462e4bbfa78e1bc5",
      "insert_len": 0,
      "status": "success"
    },
    {
      "url": "https://news.qq.com/rain/a/20260903A07GLD00",
      "title": "",
      "collection_id": null,
      "insert_len": 0,
      "status": "failed",
      "error": "新闻内容过短。"
    },
    {
      "url": "https://news.qq.com/rain/a/20260903A07GZ800",
      "title": "泰国警方确认，红牛继承人唯一剩余罪名追诉时效将于明年9月到期",
      "collection_id": "6a9a3ac0462e4bbfa78e1c0e",
      "insert_len": 0,
      "status": "success"
    },
    {
      "url": "https://news.qq.com/rain/a/20260903A07GTM00",
      "title": "",
      "collection_id": null,
      "insert_len": 0,
      "status": "failed",
      "error": "EOF occurred in violation of protocol (_ssl.c:1006)"
    },
    {
      "url": "https://news.qq.com/rain/a/20260903A07GGB00",
      "title": "2026夏窗最贵阵型：总价超10亿欧，英超8人，皇马2人，米兰1人",
      "collection_id": "6a9a3ac1462e4bbfa78e1c3e",
      "insert_len": 0,
      "status": "success"
    },
    {
      "url": "https://news.qq.com/rain/a/20260903A07GDL00",
      "title": "华晨宇官宣成为网易云音乐黑胶SVIP全球代言人；网易云音乐畅销榜总榜前三数字专辑均为华晨宇作品",
      "collection_id": "6a9a3ac1462e4bbfa78e1c75",
      "insert_len": 0,
      "status": "success"
    },
    {
      "url": "https://news.qq.com/rain/a/20260903A0558L00",
      "title": "杀鸡儆猴！Haberstroh：萧华重罚快船是在警告整个NBA",
      "collection_id": "6a9a3ac2462e4bbfa78e1cad",
      "insert_len": 0,
      "status": "success"
    },
    {
      "url": "https://news.qq.com/rain/a/20260903A07G5C00",
      "title": "优宝特完成亿元级A+轮融资，CEO范永是中科院自动化所博士",
      "collection_id": "6a9a3ac2462e4bbfa78e1ceb",
      "insert_len": 0,
      "status": "success"
    },
    {
      "url": "https://news.qq.com/rain/a/20260903A07DXB00",
      "title": "",
      "collection_id": null,
      "insert_len": 0,
      "status": "failed",
      "error": "EOF occurred in violation of protocol (_ssl.c:1006)"
    },
    {
      "url": "https://news.qq.com/rain/a/20260903A07GWH00",
      "title": "载誉归来后的日子 ——访“七一勋章”获得者、退役军人王於昌",
      "collection_id": "6a9a3ac6462e4bbfa78e1d26",
      "insert_len": 0,
      "status": "success"
    },
    {
      "url": "https://news.qq.com/rain/a/20260903A07GUX00",
      "title": "《背后2》9月5日开播，张泉灵对话群星，开启不设防的深度访谈",
      "collection_id": "6a9a3ac7462e4bbfa78e1d70",
      "insert_len": 0,
      "status": "success"
    },
    {
      "url": "https://news.qq.com/rain/a/20260903A07G9900",
      "title": "千灯湖核心最后入场券？招商华玺二期凭什么稳坐佛山豪宅头把交椅",
      "collection_id": "6a9a3ac7462e4bbfa78e1da8",
      "insert_len": 0,
      "status": "success"
    },
    {
      "url": "https://news.qq.com/rain/a/20260903A07GWT00",
      "title": "羽毛球——中国大师赛：王祉怡女单首轮晋级",
      "collection_id": "6a9a3ac7462e4bbfa78e1dea",
      "insert_len": 0,
      "status": "success"
    },
    {
      "url": "https://news.qq.com/rain/a/20260903A07H0I00",
      "title": "",
      "collection_id": null,
      "insert_len": 0,
      "status": "failed",
      "error": "EOF occurred in violation of protocol (_ssl.c:1006)"
    },
    {
      "url": "https://news.qq.com/rain/a/20260903A07GAM00",
      "title": "台风“沙德尔”在福建第三次登陆，潮州、汕头今日停课",
      "collection_id": "6a9a3ac8462e4bbfa78e1e2b",
      "insert_len": 0,
      "status": "success"
    },
    {
      "url": "https://news.qq.com/rain/a/20260903A07H8T00",
      "title": "热苏斯执教里斯本竞技轶事 评最佳球员 奖毛绒狮",
      "collection_id": "6a9a3acc462e4bbfa78e1e73",
      "insert_len": 0,
      "status": "success"
    },
    {
      "url": "https://news.qq.com/rain/a/20260903A07GT800",
      "title": "“40岁年龄70岁颈椎”，全国颈椎病患者突破2亿，骨科医生：脊柱病变基本不可逆，不良姿势是主因",
      "collection_id": "6a9a3acc462e4bbfa78e1eac",
      "insert_len": 0,
      "status": "success"
    },
    {
      "url": "https://news.qq.com/rain/a/20260903A07GAX00",
      "title": "【E汽车】吉利银河战舰700将于9月内预售",
      "collection_id": "6a9a3acd462e4bbfa78e1ef5",
      "insert_len": 0,
      "status": "success"
    },
    {
      "url": "https://news.qq.com/rain/a/20260903A07FW800",
      "title": "",
      "collection_id": null,
      "insert_len": 0,
      "status": "failed",
      "error": "EOF occurred in violation of protocol (_ssl.c:1006)"
    },
    {
      "url": "https://news.qq.com/rain/a/20260903A07FB400",
      "title": "天天用AI，你却不认识人工智能之父？",
      "collection_id": "6a9a3acd462e4bbfa78e1f2e",
      "insert_len": 0,
      "status": "success"
    },
    {
      "url": "https://news.qq.com/rain/a/20260903A07GQT00",
      "title": "",
      "collection_id": null,
      "insert_len": 0,
      "status": "failed",
      "error": "EOF occurred in violation of protocol (_ssl.c:1006)"
    },
    {
      "url": "https://news.qq.com/rain/a/20260903A07FWE00",
      "title": "“七日快捷酒店”遭“7天酒店”商标维权，店长：赔偿整改需十几万元，难负担，已上诉",
      "collection_id": "6a9a3ad2462e4bbfa78e1f70",
      "insert_len": 0,
      "status": "success"
    },
    {
      "url": "https://news.qq.com/rain/a/20260903A07FF600",
      "title": "渤海开海 天津北塘渔港百船出港捕捞忙",
      "collection_id": "6a9a3ad3462e4bbfa78e1fa8",
      "insert_len": 0,
      "status": "success"
    },
    {
      "url": "https://news.qq.com/rain/a/20260903A07GV500",
      "title": "徐泓  王芝芝丨捐书记：从台北二闲书屋到浙大中西书库",
      "collection_id": "6a9a3ad3462e4bbfa78e1fd8",
      "insert_len": 0,
      "status": "success"
    },
    {
      "url": "https://news.qq.com/rain/a/20260903A07ING00",
      "title": "网友反映甘肃一银行上午10点多柜台没人；银行回应：有工作人员在大厅办理社保卡，后续会对细节进行优化",
      "collection_id": "6a9a3ad3462e4bbfa78e202b",
      "insert_len": 0,
      "status": "success"
    },
    {
      "url": "https://news.qq.com/rain/a/20260903A07GKO00",
      "title": "前所未有升级！德国：俄策划机场无人机袭击，关闭俄总领馆！普京：又一个严重错误",
      "collection_id": "6a9a3ad3462e4bbfa78e2082",
      "insert_len": 0,
      "status": "success"
    },
    {
      "url": "https://news.qq.com/rain/a/20260903A07G9E00",
      "title": "首占低密现房品质标杆｜兰园美的云玺台楼盘实测测评",
      "collection_id": "6a9a3ad4462e4bbfa78e20d0",
      "insert_len": 0,
      "status": "success"
    },
    {
      "url": "https://news.qq.com/rain/a/20260903A07G2600",
      "title": "台风“沙德尔”第三次登陆  致福州一些路面出现不同程度积水",
      "collection_id": "6a9a3ad4462e4bbfa78e2104",
      "insert_len": 0,
      "status": "success"
    },
    {
      "url": "https://news.qq.com/rain/a/20260903A07GU200",
      "title": "今秋首个花粉浓度预报发布，秋季过敏为何更严重？",
      "collection_id": "6a9a3ad4462e4bbfa78e2142",
      "insert_len": 0,
      "status": "success"
    },
    {
      "url": "https://news.qq.com/rain/a/20260903A07HBL00",
      "title": "NC AI与LG电子联手开发人形机器人：“翻译”人类动作",
      "collection_id": "6a9a3ad4462e4bbfa78e2172",
      "insert_len": 0,
      "status": "success"
    },
    {
      "url": "https://news.qq.com/rain/a/20260903A07COZ00",
      "title": "关窗！关窗！强降雨又要来了！",
      "collection_id": "6a9a3ad5462e4bbfa78e21ab",
      "insert_len": 0,
      "status": "success"
    },
    {
      "url": "https://news.qq.com/rain/a/20260903A07HB400",
      "title": "7月70城房价数据出炉，一线城市二手房领涨释放什么信号",
      "collection_id": "6a9a3ad5462e4bbfa78e21db",
      "insert_len": 0,
      "status": "success"
    },
    {
      "url": "https://news.qq.com/rain/a/20260903A07HBM00",
      "title": "新质生产力再加码！析芒医疗总部项目落地成都高新区",
      "collection_id": "6a9a3ad5462e4bbfa78e222f",
      "insert_len": 0,
      "status": "success"
    },
    {
      "url": "https://news.qq.com/rain/a/20260903A07HBO00",
      "title": "李月汝缺席世界杯，中国女篮战术层面要做哪些应对？",
      "collection_id": "6a9a3ad5462e4bbfa78e225f",
      "insert_len": 0,
      "status": "success"
    },
    {
      "url": "https://news.qq.com/rain/a/20260903A07GJV00",
      "title": "邮报：切尔西夏窗运作成功，恩佐天价离队无碍重建",
      "collection_id": "6a9a3ad6462e4bbfa78e22a6",
      "insert_len": 0,
      "status": "success"
    },
    {
      "url": "https://news.qq.com/rain/a/20260903A07GTO00",
      "title": "梭子蟹和维C同食会中毒？多年饮食谣言，一次讲透真相",
      "collection_id": "6a9a3ad6462e4bbfa78e22d4",
      "insert_len": 0,
      "status": "success"
    },
    {
      "url": "https://news.qq.com/rain/a/20260903A07HE200",
      "title": "",
      "collection_id": null,
      "insert_len": 0,
      "status": "failed",
      "error": "新闻内容过短。"
    },
    {
      "url": "https://news.qq.com/rain/a/20260903A07GGW00",
      "title": "深圳校服为什么“香”？不只便宜，更是家长的购买自由",
      "collection_id": "6a9a3ad6462e4bbfa78e230b",
      "insert_len": 0,
      "status": "success"
    },
    {
      "url": "https://news.qq.com/rain/a/20260903A075WT00",
      "title": "腾讯WorkBuddy金融版上线，软件ETF（561010）跟踪指数上涨0.23%",
      "collection_id": "6a9a3ad7462e4bbfa78e2359",
      "insert_len": 0,
      "status": "success"
    },
    {
      "url": "https://news.qq.com/rain/a/20260903A07H8600",
      "title": "乡村“战”歌④│“迷彩夫妻”脱下军装，在山野间开启另一场冲锋",
      "collection_id": "6a9a3ad7462e4bbfa78e239a",
      "insert_len": 0,
      "status": "success"
    },
    {
      "url": "https://news.qq.com/rain/a/20260903A07HFF00",
      "title": "足球地理：瑞士国名来自这个州，该州没有瑞士超球队",
      "collection_id": "6a9a3ad8462e4bbfa78e2421",
      "insert_len": 0,
      "status": "success"
    },
    {
      "url": "https://news.qq.com/rain/a/20260903A074Y200",
      "title": "AI软件周报：腾讯WorkBuddy开放平台上线；Manus正式恢复独立运营",
      "collection_id": "6a9a3ad7462e4bbfa78e23e1",
      "insert_len": 0,
      "status": "success"
    },
    {
      "url": "https://news.qq.com/rain/a/20260903A07HE600",
      "title": "韩股收涨0.26%，午后一度跳水跌近2%",
      "collection_id": "6a9a3ad8462e4bbfa78e24f0",
      "insert_len": 0,
      "status": "success"
    },
    {
      "url": "https://news.qq.com/rain/a/20260903A07GL700",
      "title": "欧洲“气荒”警报拉响！补库需求压顶恐引爆天然气供应争夺战 冬季气价或冲破100欧元",
      "collection_id": "6a9a3ad8462e4bbfa78e2474",
      "insert_len": 0,
      "status": "success"
    },
    {
      "url": "https://news.qq.com/rain/a/20260903A07GMU00",
      "title": "周鹏：很开心新赛季回到广东 迟迟公布是希望把职业生涯回忆变得完整",
      "collection_id": "6a9a3ad8462e4bbfa78e24ba",
      "insert_len": 0,
      "status": "success"
    },
    {
      "url": "https://news.qq.com/rain/a/20260903A07HBN00",
      "title": "印度跃升全球第四大iPhone市场，却先给苹果开出380亿美元罚单",
      "collection_id": "6a9a3ad9462e4bbfa78e254e",
      "insert_len": 0,
      "status": "success"
    },
    {
      "url": "https://news.qq.com/rain/a/20260903A072GC00",
      "title": "月之暗面启动港股IPO！MiniMax逆市涨超4%，港股通信息技术ETF汇添富(526030)标的指数盘中翻红！“微信 单删提示”登上热搜",
      "collection_id": "6a9a3ad9462e4bbfa78e2544",
      "insert_len": 0,
      "status": "success"
    },
    {
      "url": "https://news.qq.com/rain/a/20260903A07HV000",
      "title": "“被动审批”变“主动赋能”成都双流政务服务改革为区域高质量发展赋能",
      "collection_id": "6a9a3ada462e4bbfa78e25e0",
      "insert_len": 0,
      "status": "success"
    },
    {
      "url": "https://news.qq.com/rain/a/20260903A07HIT00",
      "title": "一岭生金 一湖焕彩——经开区两大样板片区铺展共富新图景",
      "collection_id": "6a9a3ada462e4bbfa78e25ac",
      "insert_len": 0,
      "status": "success"
    },
    {
      "url": "https://news.qq.com/rain/a/20260903A03XA100",
      "title": "油价“火力全开”！9月3日调价后国内92,95汽油价格；玉米承压，跌了不起？",
      "collection_id": "6a9a3ada462e4bbfa78e263c",
      "insert_len": 0,
      "status": "success"
    },
    {
      "url": "https://news.qq.com/rain/a/20260903A07HA600",
      "title": "WTT常规赛：前国乒世界冠军一轮游！混双8强出炉，日本队独占2席",
      "collection_id": "6a9a3ada462e4bbfa78e267a",
      "insert_len": 0,
      "status": "success"
    },
    {
      "url": "https://news.qq.com/rain/a/20260903A07H6J00",
      "title": "基因组多维解析技术全国重点实验室刘传宇团队揭示免疫衰老转录本特征",
      "collection_id": "6a9a3ada462e4bbfa78e26ab",
      "insert_len": 0,
      "status": "success"
    },
    {
      "url": "https://news.qq.com/rain/a/20260903A073WK00",
      "title": "AI时代，腾讯依然选择开放",
      "collection_id": "6a9a3adb462e4bbfa78e26e0",
      "insert_len": 0,
      "status": "success"
    },
    {
      "url": "https://news.qq.com/rain/a/20260903A07HLZ00",
      "title": "《生化危机4RE》废案曝光!与《生化8》原定时间线打通",
      "collection_id": "6a9a3adb462e4bbfa78e2744",
      "insert_len": 0,
      "status": "success"
    },
    {
      "url": "https://news.qq.com/rain/a/20260903A07HUR00",
      "title": "一把伞、一张画，航班上那些“藏不住”的小温暖",
      "collection_id": "6a9a3adb462e4bbfa78e277b",
      "insert_len": 0,
      "status": "success"
    },
    {
      "url": "https://news.qq.com/rain/a/20260903A07HU600",
      "title": "中国石化西南油气田公司纳米压裂液技术荣获中国专利银奖",
      "collection_id": "6a9a3adb462e4bbfa78e27e7",
      "insert_len": 0,
      "status": "success"
    },
    {
      "url": "https://news.qq.com/rain/a/20260903A07GPG00",
      "title": "凌晨突发火灾一家人4死2伤：手机充电引燃床上织物，防盗门三重反锁，起火后20分钟没找到钥匙",
      "collection_id": "6a9a3adb462e4bbfa78e27e9",
      "insert_len": 0,
      "status": "success"
    },
    {
      "url": "https://news.qq.com/rain/a/20260903A07HS100",
      "title": "高原铁路迎战强降雨 全力守护安全线",
      "collection_id": "6a9a3adc462e4bbfa78e2875",
      "insert_len": 0,
      "status": "success"
    },
    {
      "url": "https://news.qq.com/rain/a/20260903A07HA900",
      "title": "活力全开 绘就昂扬发展新图景",
      "collection_id": "6a9a3adc462e4bbfa78e2865",
      "insert_len": 0,
      "status": "success"
    },
    {
      "url": "https://news.qq.com/rain/a/20260903A07FOP00",
      "title": "净利润暴跌61%，长城怎么越卖越穷？",
      "collection_id": "6a9a3adc462e4bbfa78e28dd",
      "insert_len": 0,
      "status": "success"
    },
    {
      "url": "https://news.qq.com/rain/a/20260903A07HMO00",
      "title": "民哥跑深圳｜APEC会议外籍志愿者： 深圳是我第二个家 我必须做点什么",
      "collection_id": "6a9a3adc462e4bbfa78e2915",
      "insert_len": 0,
      "status": "success"
    },
    {
      "url": "https://news.qq.com/rain/a/20260903A07HOP00",
      "title": "",
      "collection_id": null,
      "insert_len": 0,
      "status": "failed",
      "error": "EOF occurred in violation of protocol (_ssl.c:1006)"
    },
    {
      "url": "https://news.qq.com/rain/a/20260903A07HAZ00",
      "title": "【资金动向】沪指翻红，小盘走强，159552盘中获主力连续4日加速买入！",
      "collection_id": "6a9a3add462e4bbfa78e2946",
      "insert_len": 0,
      "status": "success"
    },
    {
      "url": "https://news.qq.com/rain/a/20260903A07HC300",
      "title": "今日气价9月3日各省液化石油气价格",
      "collection_id": "6a9a3add462e4bbfa78e2986",
      "insert_len": 0,
      "status": "success"
    },
    {
      "url": "https://news.qq.com/rain/a/20260903A07ICY00",
      "title": "何超琼给亲爹何鸿燊工作也要谈薪资 靠自己赚了600万却不敢说",
      "collection_id": "6a9a3ade462e4bbfa78e29e1",
      "insert_len": 0,
      "status": "success"
    },
    {
      "url": "https://news.qq.com/rain/a/20260903A06XH100",
      "title": "WorkBuddy这一年：腾讯AI实践最真实的25个判断",
      "collection_id": "6a9a3ae0462e4bbfa78e2a1d",
      "insert_len": 0,
      "status": "success"
    },
    {
      "url": "https://news.qq.com/rain/a/20260903A07HEI00",
      "title": "天然气货源争夺战升级，下半年气价弹性空间或打开丨盘中雷达",
      "collection_id": "6a9a3ae0462e4bbfa78e2a7b",
      "insert_len": 0,
      "status": "success"
    },
    {
      "url": "https://news.qq.com/rain/a/20260903A07FTR00",
      "title": "视频丨护工入职两月盗窃雇主四十余万 一审获刑十年四个月",
      "collection_id": "6a9a3ae1462e4bbfa78e2af1",
      "insert_len": 0,
      "status": "success"
    },
    {
      "url": "https://news.qq.com/rain/a/20260903A07HKB00",
      "title": "午后小盘反弹！“小盘之光”159552盘中再揽3400万，连续4日加速买入！",
      "collection_id": "6a9a3ae1462e4bbfa78e2b31",
      "insert_len": 0,
      "status": "success"
    },
    {
      "url": "https://news.qq.com/rain/a/20260903A06UJV00",
      "title": "接入腾讯WorkBuddy 影石两款麦克风秒变AI办公语音入口",
      "collection_id": "6a9a3ae2462e4bbfa78e2b7b",
      "insert_len": 0,
      "status": "success"
    },
    {
      "url": "https://news.qq.com/rain/a/20260903A07HSR00",
      "title": "",
      "collection_id": null,
      "insert_len": 0,
      "status": "failed",
      "error": "EOF occurred in violation of protocol (_ssl.c:1006)"
    },
    {
      "url": "https://news.qq.com/rain/a/20260903A07HH700",
      "title": "丽江婚纱照性价比高的工作室|真实客评实测帮新人避开旅拍套路！",
      "collection_id": "6a9a3ae2462e4bbfa78e2bb5",
      "insert_len": 0,
      "status": "success"
    },
    {
      "url": "https://news.qq.com/rain/a/20260903A07H8F00",
      "title": "中粮可口可乐华中公司启动“净水24小时” 驰援湖南炎陵县防汛一线",
      "collection_id": "6a9a3ae4462e4bbfa78e2c14",
      "insert_len": 0,
      "status": "success"
    },
    {
      "url": "https://news.qq.com/rain/a/20260903A07HV100",
      "title": "一坛泡菜的“脆”难题，被眉山东坡这家企业攻克了",
      "collection_id": "6a9a3ae5462e4bbfa78e2c4c",
      "insert_len": 0,
      "status": "success"
    },
    {
      "url": "https://news.qq.com/rain/a/20260903A07HRX00",
      "title": "青海玉树迈入330千伏“双电源”“双保险”供电新时代",
      "collection_id": "6a9a3ae6462e4bbfa78e2c90",
      "insert_len": 0,
      "status": "success"
    },
    {
      "url": "https://news.qq.com/rain/a/20260903A06TP900",
      "title": "",
      "collection_id": null,
      "insert_len": 0,
      "status": "failed",
      "error": "EOF occurred in violation of protocol (_ssl.c:1006)"
    },
    {
      "url": "https://news.qq.com/rain/a/20260903A05KW200",
      "title": "71岁周润发晨跑又被偶遇！满头白发笑得灿烂，网友竟怀疑是AI",
      "collection_id": "6a9a3ae8462e4bbfa78e2ccc",
      "insert_len": 0,
      "status": "success"
    },
    {
      "url": "https://news.qq.com/rain/a/20260903A06Y9Z00",
      "title": "卡位AI眼镜入口，阿里、腾讯、京东为何都选乐奇Rokid？",
      "collection_id": "6a9a3ae9462e4bbfa78e2d05",
      "insert_len": 0,
      "status": "success"
    },
    {
      "url": "https://news.qq.com/rain/a/20260903A07HTV00",
      "title": "泰国总理阿努廷·参威拉恭在总理府接见获奥运门票女排，颁发1400万泰铢奖励",
      "collection_id": "6a9a3aea462e4bbfa78e2d62",
      "insert_len": 0,
      "status": "success"
    },
    {
      "url": "https://news.qq.com/rain/a/20260903A039YG00",
      "title": "",
      "collection_id": null,
      "insert_len": 0,
      "status": "failed",
      "error": "EOF occurred in violation of protocol (_ssl.c:1006)"
    },
    {
      "url": "https://news.qq.com/rain/a/20260903A07HYY00",
      "title": "2026台湾青年岭南行·环万绿湖“湖泊+”交流研学活动举行",
      "collection_id": "6a9a3aeb462e4bbfa78e2d9f",
      "insert_len": 0,
      "status": "success"
    },
    {
      "url": "https://news.qq.com/rain/a/20260903A07HGZ00",
      "title": "银杏学校开校！龙泉驿再添优质公办教育新名片",
      "collection_id": "6a9a3aec462e4bbfa78e2de1",
      "insert_len": 0,
      "status": "success"
    },
    {
      "url": "https://news.qq.com/rain/a/20260903A07I0100",
      "title": "林心如现身九寨沟旅游，50岁的她身材颜值在线，看起来漂亮又年轻",
      "collection_id": "6a9a3aed462e4bbfa78e2e19",
      "insert_len": 0,
      "status": "success"
    },
    {
      "url": "https://news.qq.com/rain/a/20260903A07HKC00",
      "title": "华宁村民自用小船侧翻致5人遇难，云南省安委会挂牌督办",
      "collection_id": "6a9a3aee462e4bbfa78e2e50",
      "insert_len": 0,
      "status": "success"
    },
    {
      "url": "https://news.qq.com/rain/a/20260903A07HUB00",
      "title": "开阳县开展秋季“扫黄打非·护苗”文化市场安全专项检查行动",
      "collection_id": "6a9a3aef462e4bbfa78e2e89",
      "insert_len": 0,
      "status": "success"
    },
    {
      "url": "https://news.qq.com/rain/a/20260903A07HON00",
      "title": "尼泊尔旅游部长呼吁外国游客赴尼旅游：你们的到来，将是对我们的巨大支持，“山间小径和徒步路线还在等你们”",
      "collection_id": "6a9a3af0462e4bbfa78e2ef8",
      "insert_len": 0,
      "status": "success"
    },
    {
      "url": "https://news.qq.com/rain/a/20260903A07G4V00",
      "title": "中国男篮最新国际排名公布",
      "collection_id": "6a9a3af0462e4bbfa78e2ec0",
      "insert_len": 0,
      "status": "success"
    },
    {
      "url": "https://news.qq.com/rain/a/20260903A07H7Q00",
      "title": "长沙疾控发布9月重点传染病预报",
      "collection_id": "6a9a3af1462e4bbfa78e2f28",
      "insert_len": 0,
      "status": "success"
    },
    {
      "url": "https://news.qq.com/rain/a/20260903A07HNF00",
      "title": "权威发布丨威海发布2025年行政审判与行政复议工作成绩单",
      "collection_id": "6a9a3af1462e4bbfa78e2f75",
      "insert_len": 0,
      "status": "success"
    },
    {
      "url": "https://news.qq.com/rain/a/20260903A07HRU00",
      "title": "威海营商｜食品经营许可“云勘验”让开店办证更高效",
      "collection_id": "6a9a3af1462e4bbfa78e2fb1",
      "insert_len": 0,
      "status": "success"
    },
    {
      "url": "https://news.qq.com/rain/a/20260903A07I4200",
      "title": "佛山招商华玺开发商实力深扒：央企背书+销冠口碑，二期为何能稳坐塔尖？",
      "collection_id": "6a9a3af1462e4bbfa78e2fe9",
      "insert_len": 0,
      "status": "success"
    },
    {
      "url": "https://news.qq.com/rain/a/20260903A07I4100",
      "title": "西安华发锦宸赋车位配比1:2.1：与金茂璞逸东方车位比对比，规划公示数据全解读",
      "collection_id": "6a9a3af2462e4bbfa78e3069",
      "insert_len": 0,
      "status": "success"
    },
    {
      "url": "https://news.qq.com/rain/a/20260903A07HT800",
      "title": "青海海西州大柴旦地震灾区生产生活秩序全面恢复",
      "collection_id": "6a9a3af2462e4bbfa78e3029",
      "insert_len": 0,
      "status": "success"
    },
    {
      "url": "https://news.qq.com/rain/a/20260903A07EG400",
      "title": "别人的跨界收纳：原来东西还能这么收",
      "collection_id": "6a9a3af2462e4bbfa78e30a4",
      "insert_len": 0,
      "status": "success"
    },
    {
      "url": "https://news.qq.com/rain/a/20260903A07ID100",
      "title": "全国首款仿生医疗机器人发布：短裙护士装造型亮相",
      "collection_id": "6a9a3af3462e4bbfa78e30e5",
      "insert_len": 0,
      "status": "success"
    },
    {
      "url": "https://news.qq.com/rain/a/20260903A07HLF00",
      "title": "电竞“苏超”南京赛区将在栖霞山开赛，南京金麟队主场迎战宿迁霸王队",
      "collection_id": "6a9a3af3462e4bbfa78e3126",
      "insert_len": 0,
      "status": "success"
    },
    {
      "url": "https://news.qq.com/rain/a/20260903A07HU100",
      "title": "口岸贸易规模连续五年超10万亿，上海加速构建全球贸易枢纽新格局",
      "collection_id": "6a9a3af3462e4bbfa78e315d",
      "insert_len": 0,
      "status": "success"
    },
    {
      "url": "https://news.qq.com/rain/a/20260903A07HTD00",
      "title": "",
      "collection_id": null,
      "insert_len": 0,
      "status": "failed",
      "error": "EOF occurred in violation of protocol (_ssl.c:1006)"
    },
    {
      "url": "https://news.qq.com/rain/a/20260903A07HNK00",
      "title": "U20女足世青赛大名单：卢家玉、欧阳玉环在列，王军率队出征",
      "collection_id": "6a9a3af3462e4bbfa78e3191",
      "insert_len": 0,
      "status": "success"
    },
    {
      "url": "https://news.qq.com/rain/a/20260903A07HB000",
      "title": "安徽淮南一液化气站发生爆炸，现场浓烟滚滚，当地应急管理局：暂未接到伤亡报告，事故原因正调查",
      "collection_id": "6a9a3af5462e4bbfa78e31c9",
      "insert_len": 0,
      "status": "success"
    },
    {
      "url": "https://news.qq.com/rain/a/20260903A07I4300",
      "title": "300-500万准现楼，番禺敏捷·万博金湖壹号2027年底交付",
      "collection_id": "6a9a3af5462e4bbfa78e31f9",
      "insert_len": 0,
      "status": "success"
    },
    {
      "url": "https://news.qq.com/rain/a/20260903A07HX800",
      "title": "新学期，上海基础教育扩优提质跑出加速度",
      "collection_id": "6a9a3af6462e4bbfa78e322e",
      "insert_len": 0,
      "status": "success"
    },
    {
      "url": "https://news.qq.com/rain/a/20260903A07IDC00",
      "title": "科氪 | 一块健康预警手表背后的数据工程",
      "collection_id": "6a9a3af6462e4bbfa78e3264",
      "insert_len": 0,
      "status": "success"
    },
    {
      "url": "https://news.qq.com/rain/a/20260903A06TQ900",
      "title": "微信单删提示登上热搜腾讯客服作出回应",
      "collection_id": "6a9a3af6462e4bbfa78e32ab",
      "insert_len": 0,
      "status": "success"
    },
    {
      "url": "https://news.qq.com/rain/a/20260903A07I4K00",
      "title": "客流量创新高，行业体感却冷热不均，2026暑期旅游市场风向变了",
      "collection_id": "6a9a3af7462e4bbfa78e32fd",
      "insert_len": 0,
      "status": "success"
    },
    {
      "url": "https://news.qq.com/rain/a/20260903A07HU700",
      "title": "浙大二院丁克峰/刘月等：晚期肠癌III期试验，安罗替尼生存获益比肩标准疗法 | 热心肠日报",
      "collection_id": "6a9a3af7462e4bbfa78e3336",
      "insert_len": 0,
      "status": "success"
    },
    {
      "url": "https://news.qq.com/rain/a/20260903A06TS000",
      "title": "月之暗面传本周秘密递表港交所 投前估值上看500亿美元",
      "collection_id": "6a9a3af8462e4bbfa78e336c",
      "insert_len": 0,
      "status": "success"
    },
    {
      "url": "https://news.qq.com/rain/a/20260903A07IQG00",
      "title": "纽约出台严格课堂AI管控新规，低龄学生课堂禁用AI工具",
      "collection_id": "6a9a3af8462e4bbfa78e339d",
      "insert_len": 0,
      "status": "success"
    },
    {
      "url": "https://news.qq.com/rain/a/20260903A07IAN00",
      "title": "当“出海”遇上专利战，中国科技企业要提前做好“功课”",
      "collection_id": "6a9a3af8462e4bbfa78e33cd",
      "insert_len": 0,
      "status": "success"
    },
    {
      "url": "https://news.qq.com/rain/a/20260903A07IDI00",
      "title": "10万亿消费增量来了！七部门新政落地，智能消费风口已至",
      "collection_id": "6a9a3af9462e4bbfa78e342a",
      "insert_len": 0,
      "status": "success"
    },
    {
      "url": "https://news.qq.com/rain/a/20260903A075IG00",
      "title": "60国登顶、4000组广告轰炸，腾讯正在猛投这款“GTA”手游",
      "collection_id": "6a9a3af9462e4bbfa78e33fa",
      "insert_len": 0,
      "status": "success"
    },
    {
      "url": "https://news.qq.com/rain/a/20260903A07HQV00",
      "title": "在成都布下“三基地两中心”宇树科技有何考量？｜科技观察",
      "collection_id": "6a9a3afa462e4bbfa78e3487",
      "insert_len": 0,
      "status": "success"
    },
    {
      "url": "https://news.qq.com/rain/a/20260903A07IBS00",
      "title": "【E汽车】小米澎程N70/N90定档9月7日上市",
      "collection_id": "6a9a3afa462e4bbfa78e345a",
      "insert_len": 0,
      "status": "success"
    },
    {
      "url": "https://news.qq.com/rain/a/20260903A07I4500",
      "title": "马尾低密洋房现房标杆｜三木时光墅楼盘实测测评",
      "collection_id": "6a9a3afa462e4bbfa78e34b5",
      "insert_len": 0,
      "status": "success"
    },
    {
      "url": "https://news.qq.com/rain/a/20260903A07HR000",
      "title": "“账号冻结”需交钱解冻？开平已有市民险些中招！",
      "collection_id": "6a9a3afa462e4bbfa78e34e3",
      "insert_len": 0,
      "status": "success"
    },
    {
      "url": "https://news.qq.com/rain/a/20260903A07H6I00",
      "title": "Science Bulletin | 构建统一工业评估体系，打通锂离子电池预锂化技术的产学研路径",
      "collection_id": "6a9a3afb462e4bbfa78e3510",
      "insert_len": 0,
      "status": "success"
    },
    {
      "url": "https://news.qq.com/rain/a/20260903A07HPL00",
      "title": "165万元起拍！两头海豚将司法拍卖，需持证竞拍、买家自提自运",
      "collection_id": "6a9a3afb462e4bbfa78e353f",
      "insert_len": 0,
      "status": "success"
    },
    {
      "url": "https://news.qq.com/rain/a/20260903A07HTP00",
      "title": "泰国-东盟崛起为“可信连接器” 埃卡尼特打造四大新引擎",
      "collection_id": "6a9a3afb462e4bbfa78e356c",
      "insert_len": 0,
      "status": "success"
    },
    {
      "url": "https://news.qq.com/rain/a/20260903A07HRZ00",
      "title": "因施工，福州电建晋安河桥明起实行交通管制！禁止机动车通行！",
      "collection_id": "6a9a3afc462e4bbfa78e360b",
      "insert_len": 0,
      "status": "success"
    },
    {
      "url": "https://news.qq.com/rain/a/20260903A07IQ900",
      "title": "美光探索近GPU NAND闪存技术，有望支撑更大规模人工智能模型",
      "collection_id": "6a9a3afc462e4bbfa78e35c5",
      "insert_len": 0,
      "status": "success"
    },
    {
      "url": "https://news.qq.com/rain/a/20260903A07IQQ00",
      "title": "为缓解 AI 内存荒 谷歌拆解退役服务器复用 DDR4 内存",
      "collection_id": "6a9a3afc462e4bbfa78e3642",
      "insert_len": 0,
      "status": "success"
    },
    {
      "url": "https://news.qq.com/rain/a/20260903A07IQB00",
      "title": "博通 AI 业务收入暴涨 Anthropic、OpenAI 跃居客户榜单前列",
      "collection_id": "6a9a3afd462e4bbfa78e36c0",
      "insert_len": 0,
      "status": "success"
    },
    {
      "url": "https://news.qq.com/rain/a/20260903A07IRF00",
      "title": "",
      "collection_id": null,
      "insert_len": 0,
      "status": "failed",
      "error": "EOF occurred in violation of protocol (_ssl.c:1006)"
    },
    {
      "url": "https://news.qq.com/rain/a/20260903A07IVS00",
      "title": "新文件支持发展汽车改装，哪些改装项目应该放宽呢？",
      "collection_id": "6a9a3afe462e4bbfa78e3714",
      "insert_len": 0,
      "status": "success"
    },
    {
      "url": "https://news.qq.com/rain/a/20260903A06VSF00",
      "title": "好友把你删除会提示？ 腾讯客服回应",
      "collection_id": "6a9a3afe462e4bbfa78e375e",
      "insert_len": 0,
      "status": "success"
    },
    {
      "url": "https://news.qq.com/rain/a/20260903A07HU500",
      "title": "安徽淮南一液化气站发生爆炸，现场浓烟滚滚，当地应急管理局：暂未接到人员伤亡报告，事故原因正在调查中",
      "collection_id": "6a9a3aff462e4bbfa78e3795",
      "insert_len": 0,
      "status": "success"
    },
    {
      "url": "https://news.qq.com/rain/a/20260903A070F200",
      "title": "微信，新增2个新功能！",
      "collection_id": "6a9a3b00462e4bbfa78e37c2",
      "insert_len": 0,
      "status": "success"
    },
    {
      "url": "https://news.qq.com/rain/a/20260903A07JDN00",
      "title": "日元兑美元日内涨1%，现报157.16点",
      "collection_id": "6a9a3b00462e4bbfa78e37ef",
      "insert_len": 0,
      "status": "success"
    },
    {
      "url": "https://news.qq.com/rain/a/20260903A07HZN00",
      "title": "独家对话 | 张一山：不是什么作品都得谈个恋爱",
      "collection_id": "6a9a3b01462e4bbfa78e381d",
      "insert_len": 0,
      "status": "success"
    },
    {
      "url": "https://news.qq.com/rain/a/20260903A07ISM00",
      "title": "首付款1.1亿美元，和黄医药与葛兰素史克达成授权合作",
      "collection_id": "6a9a3b01462e4bbfa78e388c",
      "insert_len": 0,
      "status": "success"
    },
    {
      "url": "https://news.qq.com/rain/a/20260903A07IOI00",
      "title": "吃完总胀气、没胃口？警惕功能性消化不良！帮你找回好胃口",
      "collection_id": "6a9a3b01462e4bbfa78e3902",
      "insert_len": 0,
      "status": "success"
    },
    {
      "url": "https://news.qq.com/rain/a/20260903A07IJQ00",
      "title": "30118米！华北油区50型钻机首破3万米大关",
      "collection_id": "6a9a3b02462e4bbfa78e3961",
      "insert_len": 0,
      "status": "success"
    },
    {
      "url": "https://news.qq.com/rain/a/20260903A07GVJ00",
      "title": "快船未来能拿回部分首轮签？名记点明调查未结束：也可能加重处罚",
      "collection_id": "6a9a3b02462e4bbfa78e3955",
      "insert_len": 0,
      "status": "success"
    },
    {
      "url": "https://news.qq.com/rain/a/20260903A07IRL00",
      "title": "体检亮红灯，这届年轻人开始用AI减重",
      "collection_id": "6a9a3b02462e4bbfa78e39ac",
      "insert_len": 0,
      "status": "success"
    },
    {
      "url": "https://news.qq.com/rain/a/20260903A07IGL00",
      "title": "港股异动 | 同源康医药-B午后涨超9% EGFR-TKI氘申艾替尼获批一线治疗晚期非小细胞肺癌",
      "collection_id": "6a9a3b02462e4bbfa78e39e4",
      "insert_len": 0,
      "status": "success"
    },
    {
      "url": "https://news.qq.com/rain/a/20260903A07JC400",
      "title": "链接百万小微企业，三条路径拆解供应链金融千亿底盘",
      "collection_id": "6a9a3b03462e4bbfa78e3a1d",
      "insert_len": 0,
      "status": "success"
    },
    {
      "url": "https://news.qq.com/rain/a/20260903A07I3X00",
      "title": "中国女篮惨败后再传两大噩耗，关于王思雨和李月汝，世界杯没戏了？",
      "collection_id": "6a9a3b03462e4bbfa78e3a55",
      "insert_len": 0,
      "status": "success"
    },
    {
      "url": "https://news.qq.com/rain/a/20260903A07IFN00",
      "title": "广汽传祺越7预售开启，17.18万起售，星际屏+三把锁全给你",
      "collection_id": "6a9a3b03462e4bbfa78e3a85",
      "insert_len": 0,
      "status": "success"
    },
    {
      "url": "https://news.qq.com/rain/a/20260903A07JD100",
      "title": "港股创新药午后二度拉升，中国生物制药涨近7%！机构：创新药出海将逐步进入实质兑现阶段",
      "collection_id": "6a9a3b03462e4bbfa78e3ab6",
      "insert_len": 0,
      "status": "success"
    },
    {
      "url": "https://news.qq.com/rain/a/20260903A07JER00",
      "title": "财中基金发行热点丨鑫元鑫选睿享3个月持有期混合启动发行，同类产品128只",
      "collection_id": "6a9a3b04462e4bbfa78e3ae3",
      "insert_len": 0,
      "status": "success"
    },
    {
      "url": "https://news.qq.com/rain/a/20260903A07HRC00",
      "title": "福州全市停课！福清/永泰/闽清/闽侯实行三停一休！部分列车停运...福州受暴雨天气影响最新汇总",
      "collection_id": "6a9a3b04462e4bbfa78e3b2d",
      "insert_len": 0,
      "status": "success"
    },
    {
      "url": "https://news.qq.com/rain/a/20260903A07HOQ00",
      "title": "2026 上门康养合规拐点，武汉本地消费者上门按摩消费决策指南",
      "collection_id": "6a9a3b04462e4bbfa78e3b5f",
      "insert_len": 0,
      "status": "success"
    },
    {
      "url": "https://news.qq.com/rain/a/20260903A07JSB00",
      "title": "凌激会见俄罗斯农业部副部长马尔科维奇",
      "collection_id": "6a9a3b05462e4bbfa78e3b99",
      "insert_len": 0,
      "status": "success"
    },
    {
      "url": "https://news.qq.com/rain/a/20260903A07JSI00",
      "title": "",
      "collection_id": null,
      "insert_len": 0,
      "status": "failed",
      "error": "新闻内容过短。"
    },
    {
      "url": "https://news.qq.com/rain/a/20260903A07IRK00",
      "title": "夏末初秋，防病防虫迎开学度中秋",
      "collection_id": "6a9a3b05462e4bbfa78e3c29",
      "insert_len": 0,
      "status": "success"
    },
    {
      "url": "https://news.qq.com/rain/a/20260903A07J3H00",
      "title": "行业权威荣誉背书！冠能科技黑科技如何破解电网登塔安全难题",
      "collection_id": "6a9a3b05462e4bbfa78e3c58",
      "insert_len": 0,
      "status": "success"
    },
    {
      "url": "https://news.qq.com/rain/a/20260903A07IEW00",
      "title": "",
      "collection_id": null,
      "insert_len": 0,
      "status": "failed",
      "error": "EOF occurred in violation of protocol (_ssl.c:1006)"
    },
    {
      "url": "https://news.qq.com/rain/a/20260903A07HNC00",
      "title": "新进展！沪渝蓉高铁沪宁段正式铺轨",
      "collection_id": "6a9a3b06462e4bbfa78e3c8d",
      "insert_len": 0,
      "status": "success"
    },
    {
      "url": "https://news.qq.com/rain/a/20260903A07JTC00",
      "title": "",
      "collection_id": null,
      "insert_len": 0,
      "status": "failed",
      "error": "新闻内容过短。"
    },
    {
      "url": "https://news.qq.com/rain/a/20260903A07HPI00",
      "title": "即将启幕！大学之城科普盛宴来袭",
      "collection_id": "6a9a3b07462e4bbfa78e3d13",
      "insert_len": 0,
      "status": "success"
    },
    {
      "url": "https://news.qq.com/rain/a/20260903A07IYX00",
      "title": "2026年美白淡斑护肤品测评合集：从短期肤感到长期耐受，哪些成分和指标更值得关注",
      "collection_id": "6a9a3b07462e4bbfa78e3d55",
      "insert_len": 0,
      "status": "success"
    },
    {
      "url": "https://news.qq.com/rain/a/20260903A07JUA00",
      "title": "",
      "collection_id": null,
      "insert_len": 0,
      "status": "failed",
      "error": "新闻内容过短。"
    },
    {
      "url": "https://news.qq.com/rain/a/20260903A07JGG00",
      "title": "特斯拉中国新品上架，全新白色版本终于来了！",
      "collection_id": "6a9a3b08462e4bbfa78e3dc4",
      "insert_len": 0,
      "status": "success"
    },
    {
      "url": "https://news.qq.com/rain/a/20260903A07JSS00",
      "title": "中国纺织品进出口商会：1-7月我国家用纺织品累计出口196.4亿美元，同比增长3.7%",
      "collection_id": "6a9a3b09462e4bbfa78e3e20",
      "insert_len": 0,
      "status": "success"
    },
    {
      "url": "https://news.qq.com/rain/a/20260903A07J5I00",
      "title": "营收净利双增的南京银行，面临隐性考验",
      "collection_id": "6a9a3b0a462e4bbfa78e3e6d",
      "insert_len": 0,
      "status": "success"
    },
    {
      "url": "https://news.qq.com/rain/a/20260903A07JSX00",
      "title": "",
      "collection_id": null,
      "insert_len": 0,
      "status": "failed",
      "error": "新闻内容过短。"
    },
    {
      "url": "https://news.qq.com/rain/a/20260903A07IE500",
      "title": "",
      "collection_id": null,
      "insert_len": 0,
      "status": "failed",
      "error": "EOF occurred in violation of protocol (_ssl.c:1006)"
    },
    {
      "url": "https://news.qq.com/rain/a/20260903A07IQJ00",
      "title": "研究警示：强太阳风暴造成 GPS 十米级偏差，影响自动驾驶与农业生产",
      "collection_id": "6a9a3b0b462e4bbfa78e3ea2",
      "insert_len": 0,
      "status": "success"
    },
    {
      "url": "https://news.qq.com/rain/a/20260903A07J2W00",
      "title": "",
      "collection_id": null,
      "insert_len": 0,
      "status": "failed",
      "error": "新闻正文为空。"
    },
    {
      "url": "https://news.qq.com/rain/a/20260903A07JCZ00",
      "title": "算力浪潮提振有色金属需求，工业有色ETF易方达（159032）标的指数上涨1.5%",
      "collection_id": "6a9a3b0c462e4bbfa78e3ee5",
      "insert_len": 0,
      "status": "success"
    },
    {
      "url": "https://news.qq.com/rain/a/20260903A07JDM00",
      "title": "财中ETF风向标｜创新药板块情绪回暖 科创创新药ETF国泰(589720)盘中涨1.24%",
      "collection_id": "6a9a3b0d462e4bbfa78e3f1e",
      "insert_len": 0,
      "status": "success"
    },
    {
      "url": "https://news.qq.com/rain/a/20260903A07IGR00",
      "title": "港股异动 | 华润万象生活午后涨超4% 购物中心零售额逆势高增 公司全额分派中期核心净利润",
      "collection_id": "6a9a3b0d462e4bbfa78e3f57",
      "insert_len": 0,
      "status": "success"
    },
    {
      "url": "https://news.qq.com/rain/a/20260903A07J4A00",
      "title": "消化不良的隐秘角落，十二指肠菌群揭示患病风险 | 热心肠日报",
      "collection_id": "6a9a3b0e462e4bbfa78e3f89",
      "insert_len": 0,
      "status": "success"
    },
    {
      "url": "https://news.qq.com/rain/a/20260903A07JHK00",
      "title": "周口扶沟：抓实“集中整治周” 推动人居环境提质增效",
      "collection_id": "6a9a3b0f462e4bbfa78e3fe4",
      "insert_len": 0,
      "status": "success"
    },
    {
      "url": "https://news.qq.com/rain/a/20260903A07J5Q00",
      "title": "",
      "collection_id": null,
      "insert_len": 0,
      "status": "failed",
      "error": "新闻正文为空。"
    },
    {
      "url": "https://news.qq.com/rain/a/20260903A07JTF00",
      "title": "",
      "collection_id": null,
      "insert_len": 0,
      "status": "failed",
      "error": "新闻内容过短。"
    },
    {
      "url": "https://news.qq.com/rain/a/20260903A07I9S00",
      "title": "新规，让花式钞票溢价买卖彻底谢幕？普通人该怎么应对",
      "collection_id": "6a9a3b10462e4bbfa78e401c",
      "insert_len": 0,
      "status": "success"
    },
    {
      "url": "https://news.qq.com/rain/a/20260903A07JTX00",
      "title": "",
      "collection_id": null,
      "insert_len": 0,
      "status": "failed",
      "error": "新闻内容过短。"
    },
    {
      "url": "https://news.qq.com/rain/a/20260903A07JCA00",
      "title": "财中ETF风向标｜美国50ETF易方达(513850)盘中涨1.22% 此前连续4日回调后反弹",
      "collection_id": "6a9a3b10462e4bbfa78e406d",
      "insert_len": 0,
      "status": "success"
    },
    {
      "url": "https://news.qq.com/rain/a/20260903A07GKY00",
      "title": "网传“贵州秋假连着中秋国庆连休13天?”辟谣",
      "collection_id": "6a9a3b10462e4bbfa78e40a4",
      "insert_len": 0,
      "status": "success"
    },
    {
      "url": "https://news.qq.com/rain/a/20260903A07IWR00",
      "title": "东营公安快速侦破盗窃案 连夜抓获嫌疑人追回3块智能手表",
      "collection_id": "6a9a3b11462e4bbfa78e40dc",
      "insert_len": 0,
      "status": "success"
    },
    {
      "url": "https://news.qq.com/rain/a/20260903A07JCE00",
      "title": "财中基金发行热点丨工程机械ETF工银启动发行，基金经理超额表现显著",
      "collection_id": "6a9a3b11462e4bbfa78e410c",
      "insert_len": 0,
      "status": "success"
    },
    {
      "url": "https://news.qq.com/rain/a/20260903A07JU000",
      "title": "",
      "collection_id": null,
      "insert_len": 0,
      "status": "failed",
      "error": "新闻内容过短。"
    },
    {
      "url": "https://news.qq.com/rain/a/20260903A07KEQ00",
      "title": "新品与出海接力增长，东方证券：维持通化东宝“买入”评级",
      "collection_id": "6a9a3b11462e4bbfa78e4144",
      "insert_len": 0,
      "status": "success"
    },
    {
      "url": "https://news.qq.com/rain/a/20260903A07JSO00",
      "title": "",
      "collection_id": null,
      "insert_len": 0,
      "status": "failed",
      "error": "新闻内容过短。"
    },
    {
      "url": "https://news.qq.com/rain/a/20260903A07JX100",
      "title": "人民锐评：“勿忘历史”，也要关注容易忽视的角落",
      "collection_id": "6a9a3b12462e4bbfa78e417d",
      "insert_len": 0,
      "status": "success"
    },
    {
      "url": "https://news.qq.com/rain/a/20260903A07JTS00",
      "title": "",
      "collection_id": null,
      "insert_len": 0,
      "status": "failed",
      "error": "新闻内容过短。"
    },
    {
      "url": "https://news.qq.com/rain/a/20260903A06MOF00",
      "title": "FF加速推进“Built in USA”战略并积极参与FCC公众意见征询，与AIBOT签署合作协议强化合规及生产制造相关能力",
      "collection_id": "6a9a3b13462e4bbfa78e41b6",
      "insert_len": 0,
      "status": "success"
    },
    {
      "url": "https://news.qq.com/rain/a/20260903A06WAT00",
      "title": "异动拉升！600703，直线冲涨停，成交额超30亿元！",
      "collection_id": "6a9a3b13462e4bbfa78e41fe",
      "insert_len": 0,
      "status": "success"
    },
    {
      "url": "https://news.qq.com/rain/a/20260903A06XEH00",
      "title": "“五个一工程”奖获得者徐鲁新作《红飘带：那些长征路上的故事》出版",
      "collection_id": "6a9a3b13462e4bbfa78e4237",
      "insert_len": 0,
      "status": "success"
    },
    {
      "url": "https://news.qq.com/rain/a/20260903A06XI100",
      "title": "本菲卡和T-阿劳霍续约至2031年；税后200万+8000万欧解约金",
      "collection_id": "6a9a3b14462e4bbfa78e4267",
      "insert_len": 0,
      "status": "success"
    },
    {
      "url": "https://news.qq.com/rain/a/20260903A05IT900",
      "title": "亚视前两大花旦合体带货被嘲“明星难民营”，老板蔡淇俊霸气回应",
      "collection_id": "6a9a3b14462e4bbfa78e42ac",
      "insert_len": 0,
      "status": "success"
    },
    {
      "url": "https://news.qq.com/rain/a/20260903A06X0D00",
      "title": "“银龄行动”融入城市生长：健康驿站背后的“五位一体”共建样本",
      "collection_id": "6a9a3b14462e4bbfa78e42a8",
      "insert_len": 0,
      "status": "success"
    },
    {
      "url": "https://news.qq.com/rain/a/20260903A06XMA00",
      "title": "花旗：维持美团“买入”评级及目标价120港元",
      "collection_id": "6a9a3b14462e4bbfa78e4320",
      "insert_len": 0,
      "status": "success"
    },
    {
      "url": "https://news.qq.com/rain/a/20260903A06XJM00",
      "title": "Ticketmaster前CEO：联盟处罚不合理，重罚快船伤害的是球迷",
      "collection_id": "6a9a3b14462e4bbfa78e42f3",
      "insert_len": 0,
      "status": "success"
    },
    {
      "url": "https://news.qq.com/rain/a/20260903A06XSJ00",
      "title": "凌激副部长兼国际贸易谈判副代表与欧委会贸易和经济安全总司雷东内副总司长开展经贸磋商",
      "collection_id": "6a9a3b15462e4bbfa78e434d",
      "insert_len": 0,
      "status": "success"
    },
    {
      "url": "https://news.qq.com/rain/a/20260903A06V9R00",
      "title": "很多人现在还不知道捂紧钱袋子的重要性",
      "collection_id": "6a9a3b15462e4bbfa78e437b",
      "insert_len": 0,
      "status": "success"
    },
    {
      "url": "https://news.qq.com/rain/a/20260903A06XEV00",
      "title": "李柏林携新作《青春的刺猬你别慌》亮相南国书香节",
      "collection_id": "6a9a3b15462e4bbfa78e43ac",
      "insert_len": 0,
      "status": "success"
    },
    {
      "url": "https://news.qq.com/rain/a/20260903A06XMT00",
      "title": "泰国亚航为银发族推专属服务：优先值机、快速取行李",
      "collection_id": "6a9a3b16462e4bbfa78e43ec",
      "insert_len": 0,
      "status": "success"
    },
    {
      "url": "https://news.qq.com/rain/a/20260903A06XL700",
      "title": "机构：AI时代传媒从中长叙事IP到渠道如何撬动文化体力？",
      "collection_id": "6a9a3b16462e4bbfa78e4419",
      "insert_len": 0,
      "status": "success"
    },
    {
      "url": "https://news.qq.com/rain/a/20260903A06XMW00",
      "title": "探寻中国质感的“软黄金”密码",
      "collection_id": "6a9a3b16462e4bbfa78e4464",
      "insert_len": 0,
      "status": "success"
    },
    {
      "url": "https://news.qq.com/rain/a/20260903A06Y6800",
      "title": "",
      "collection_id": null,
      "insert_len": 0,
      "status": "failed",
      "error": "新闻内容过短。"
    },
    {
      "url": "https://news.qq.com/rain/a/20260903A06XMU00",
      "title": "雀巢在泰国投资超64亿泰铢 打造全球宠物食品基地",
      "collection_id": "6a9a3b17462e4bbfa78e4493",
      "insert_len": 0,
      "status": "success"
    },
    {
      "url": "https://news.qq.com/rain/a/20260903A06XP900",
      "title": "锦江净利大涨 47%、华住 ADR 四连涨：五大酒店半年报，谁在裸泳",
      "collection_id": "6a9a3b17462e4bbfa78e44c0",
      "insert_len": 0,
      "status": "success"
    },
    {
      "url": "https://news.qq.com/rain/a/20260903A06XIL00",
      "title": "iOS 27 突然更新，彻底解决痛点",
      "collection_id": "6a9a3b17462e4bbfa78e44ef",
      "insert_len": 0,
      "status": "success"
    },
    {
      "url": "https://news.qq.com/rain/a/20260903A06Y3N00",
      "title": "",
      "collection_id": null,
      "insert_len": 0,
      "status": "failed",
      "error": "新闻正文为空。"
    },
    {
      "url": "https://news.qq.com/rain/a/20260903A06XH500",
      "title": "谁还在逛沃尔玛？",
      "collection_id": "6a9a3b18462e4bbfa78e451c",
      "insert_len": 0,
      "status": "success"
    },
    {
      "url": "https://news.qq.com/rain/a/20260903A06XJJ00",
      "title": "2026世界动力电池大会正式开幕 多项重要行动同步启动",
      "collection_id": "6a9a3b18462e4bbfa78e454c",
      "insert_len": 0,
      "status": "success"
    },
    {
      "url": "https://news.qq.com/rain/a/20260903A06RYY00",
      "title": "隐匿在绰号背后的抢劫案主犯续：一审法院以超过追诉期判决无罪，检方抗诉",
      "collection_id": "6a9a3b18462e4bbfa78e4579",
      "insert_len": 0,
      "status": "success"
    },
    {
      "url": "https://news.qq.com/rain/a/20260903A06Y6400",
      "title": "恒生科技指数跌超1%",
      "collection_id": "6a9a3b18462e4bbfa78e45a7",
      "insert_len": 0,
      "status": "success"
    },
    {
      "url": "https://news.qq.com/rain/a/20260903A06XYR00",
      "title": "塞尔比同意小特观点：现行排名方式荒唐 世锦赛冠军权重不应该如此之高",
      "collection_id": "6a9a3b19462e4bbfa78e45f6",
      "insert_len": 0,
      "status": "success"
    },
    {
      "url": "https://news.qq.com/rain/a/20260903A06Y7B00",
      "title": "中邮证券：三重指标验证临床CRO景气度恢复 多因素共振下头部临床CRO将迎上行周期",
      "collection_id": "6a9a3b19462e4bbfa78e462b",
      "insert_len": 0,
      "status": "success"
    },
    {
      "url": "https://news.qq.com/rain/a/20260903A06XDU00",
      "title": "小米卢伟冰预热IFA直播：将带来小米汽车的好消息",
      "collection_id": "6a9a3b19462e4bbfa78e4658",
      "insert_len": 0,
      "status": "success"
    },
    {
      "url": "https://news.qq.com/rain/a/20260903A06Y7200",
      "title": "造纸板块跌超1%",
      "collection_id": "6a9a3b19462e4bbfa78e4685",
      "insert_len": 0,
      "status": "success"
    },
    {
      "url": "https://news.qq.com/rain/a/20260903A06XTM00",
      "title": "从烽火西征到新时代援疆 《日出渤海耀天山》唱响鲁疆70余载守望情",
      "collection_id": "6a9a3b19462e4bbfa78e46b2",
      "insert_len": 0,
      "status": "success"
    },
    {
      "url": "https://news.qq.com/rain/a/20260903A06XX800",
      "title": "阿那亚·虾米音乐节：从听一场演出，到走进一个内容现场",
      "collection_id": "6a9a3b1a462e4bbfa78e46df",
      "insert_len": 0,
      "status": "success"
    },
    {
      "url": "https://news.qq.com/rain/a/20260903A06Y7L00",
      "title": "上瘾，吴易昺美网获胜后面对镜头签下“牛来”",
      "collection_id": "6a9a3b1a462e4bbfa78e4748",
      "insert_len": 0,
      "status": "success"
    },
    {
      "url": "https://news.qq.com/rain/a/20260903A06V6E00",
      "title": "1.1亿美元首付+12.95亿美元里程碑 和黄医药附属公司与葛兰素史克达成独家协议",
      "collection_id": "6a9a3b1a462e4bbfa78e4794",
      "insert_len": 0,
      "status": "success"
    },
    {
      "url": "https://news.qq.com/rain/a/20260903A06G9900",
      "title": "40天买下2家公司，蚂蚁健康的野心跨过互联网医疗边界，布局线下",
      "collection_id": "6a9a3b1a462e4bbfa78e47dd",
      "insert_len": 0,
      "status": "success"
    },
    {
      "url": "https://news.qq.com/rain/a/20260903A06DUV00",
      "title": "阿里、智谱、MiniMax集体“补血”：AI赛道的窗口期，可能只剩这一两年了",
      "collection_id": "6a9a3b1b462e4bbfa78e480e",
      "insert_len": 0,
      "status": "success"
    },
    {
      "url": "https://news.qq.com/rain/a/20260903A06VZM00",
      "title": "同比暴增260%！AI高端铜箔需求彻底引爆，14只概念股获机构看好",
      "collection_id": "6a9a3b1b462e4bbfa78e4851",
      "insert_len": 0,
      "status": "success"
    },
    {
      "url": "https://news.qq.com/rain/a/20260903A06BH400",
      "title": "AI 下一场竞争：谁能成为 Agent 的「上下文操作系统」",
      "collection_id": "6a9a3b1b462e4bbfa78e48b8",
      "insert_len": 0,
      "status": "success"
    },
    {
      "url": "https://news.qq.com/rain/a/20260903A06V9400",
      "title": "财中ETF风向标｜标普生物科技ETF嘉实(159502)盘中涨1.54% 创新药产业链高景气获券商关注",
      "collection_id": "6a9a3b1c462e4bbfa78e4965",
      "insert_len": 0,
      "status": "success"
    },
    {
      "url": "https://news.qq.com/rain/a/20260903A06YC100",
      "title": "关注天气变化！酒泉9月天气趋势预测来了",
      "collection_id": "6a9a3b1c462e4bbfa78e4997",
      "insert_len": 0,
      "status": "success"
    },
    {
      "url": "https://news.qq.com/rain/a/20260903A06YTR00",
      "title": "单周82只基金发行，创出历史新高，权益类基金占比七成",
      "collection_id": "6a9a3b1c462e4bbfa78e4a71",
      "insert_len": 0,
      "status": "success"
    },
    {
      "url": "https://news.qq.com/rain/a/20260903A06Y7K00",
      "title": "​七个月销量超去年全年，中国品牌在欧洲靠什么升至11.2%？",
      "collection_id": "6a9a3b1c462e4bbfa78e4a38",
      "insert_len": 0,
      "status": "success"
    },
    {
      "url": "https://news.qq.com/rain/a/20260903A06YG900",
      "title": "国内首家企业同步辐射平台在沪落成，夯实能源化工基础研究底座",
      "collection_id": "6a9a3b1d462e4bbfa78e4ae0",
      "insert_len": 0,
      "status": "success"
    },
    {
      "url": "https://news.qq.com/rain/a/20260903A06YKU00",
      "title": "",
      "collection_id": null,
      "insert_len": 0,
      "status": "failed",
      "error": "新闻内容过短。"
    },
    {
      "url": "https://news.qq.com/rain/a/20260903A06YHT00",
      "title": "化工ETF鹏华(159870)盘中净申购4250万份，冲刺连续6日资金净流入，板块供需格局持续改善",
      "collection_id": "6a9a3b1d462e4bbfa78e4b48",
      "insert_len": 0,
      "status": "success"
    },
    {
      "url": "https://news.qq.com/rain/a/20260903A06YIL00",
      "title": "从实验室到田埂头，大学生用两天“解码”智慧农业",
      "collection_id": "6a9a3b1d462e4bbfa78e4b88",
      "insert_len": 0,
      "status": "success"
    },
    {
      "url": "https://news.qq.com/rain/a/20260903A06Y5A00",
      "title": "国家能源集团招聘，吉林有岗",
      "collection_id": "6a9a3b1e462e4bbfa78e4bc1",
      "insert_len": 0,
      "status": "success"
    },
    {
      "url": "https://news.qq.com/rain/a/20260903A06XUW00",
      "title": "智能体国产“身份证”将上线 AI开始凭互信“组队”",
      "collection_id": "6a9a3b1e462e4bbfa78e4bf2",
      "insert_len": 0,
      "status": "success"
    },
    {
      "url": "https://news.qq.com/rain/a/20260903A06V4Z00",
      "title": "解放军在南海，亮出一枚从未见过的“战巡黄岩岛”专属图腾",
      "collection_id": "6a9a3b1e462e4bbfa78e4c3a",
      "insert_len": 0,
      "status": "success"
    },
    {
      "url": "https://news.qq.com/rain/a/20260903A06XE700",
      "title": "书写106岁老阿嬷乘风破浪的故事——《外婆的苦茶》出版",
      "collection_id": "6a9a3b1e462e4bbfa78e4c6e",
      "insert_len": 0,
      "status": "success"
    },
    {
      "url": "https://news.qq.com/rain/a/20260903A06YPA00",
      "title": "三分之神降维打击！库里训练视频引爆全网：弧顶连中82记三分如机器般精准，本人回应“轻轻松松”",
      "collection_id": "6a9a3b1f462e4bbfa78e4cc5",
      "insert_len": 0,
      "status": "success"
    },
    {
      "url": "https://news.qq.com/rain/a/20260903A06YHE00",
      "title": "上海“揭榜挂帅”攻克菠菜种源难关 清美联手高校冲刺国产替代",
      "collection_id": "6a9a3b1f462e4bbfa78e4cfd",
      "insert_len": 0,
      "status": "success"
    },
    {
      "url": "https://news.qq.com/rain/a/20260903A06XQ600",
      "title": "新定向、新人群、新增量：阿里妈妈“万相点睛”上线，助商家抢收双11红利",
      "collection_id": "6a9a3b1f462e4bbfa78e4d46",
      "insert_len": 0,
      "status": "success"
    },
    {
      "url": "https://news.qq.com/rain/a/20260903A06YCZ00",
      "title": "山海不为远，四城共此情！闽宁协作30年融媒直播第二场重磅推出",
      "collection_id": "6a9a3b1f462e4bbfa78e4d7f",
      "insert_len": 0,
      "status": "success"
    },
    {
      "url": "https://news.qq.com/rain/a/20260903A06X9500",
      "title": "",
      "collection_id": null,
      "insert_len": 0,
      "status": "failed",
      "error": "EOF occurred in violation of protocol (_ssl.c:1006)"
    },
    {
      "url": "https://news.qq.com/rain/a/20260903A03G4900",
      "title": "只剩下她了！“王左王右”输球遭淘汰，今夜郑钦文将挑战普丁塞娃",
      "collection_id": "6a9a3b20462e4bbfa78e4de6",
      "insert_len": 0,
      "status": "success"
    },
    {
      "url": "https://news.qq.com/rain/a/20260903A06Z4900",
      "title": "汇源与中粮悦享会达成亿级规模战略合作",
      "collection_id": "6a9a3b20462e4bbfa78e4e21",
      "insert_len": 0,
      "status": "success"
    },
    {
      "url": "https://news.qq.com/rain/a/20260903A06YJT00",
      "title": "94只基金盈利投资者占比超90%，博时基金中报亮出持有人成绩单",
      "collection_id": "6a9a3b21462e4bbfa78e4e63",
      "insert_len": 0,
      "status": "success"
    },
    {
      "url": "https://news.qq.com/rain/a/20260903A05JSG00",
      "title": "4700万英镑交易压哨翻车，切尔西到底输在哪里？",
      "collection_id": "6a9a3b22462e4bbfa78e4ebc",
      "insert_len": 0,
      "status": "success"
    },
    {
      "url": "https://news.qq.com/rain/a/20260903A06Z3V00",
      "title": "",
      "collection_id": null,
      "insert_len": 0,
      "status": "failed",
      "error": "EOF occurred in violation of protocol (_ssl.c:1006)"
    },
    {
      "url": "https://news.qq.com/rain/a/20260903A06Z1900",
      "title": "对话澳洲媒体人：不应将中国视为“威胁”，应寻求创造性合作",
      "collection_id": "6a9a3b25462e4bbfa78e4f2d",
      "insert_len": 0,
      "status": "success"
    },
    {
      "url": "https://news.qq.com/rain/a/20260903A06YV200",
      "title": "中曼石油股东朱逢学拟“清仓式”减持股份，今年上半年公司净利降幅扩大",
      "collection_id": "6a9a3b25462e4bbfa78e4f5e",
      "insert_len": 0,
      "status": "success"
    },
    {
      "url": "https://news.qq.com/rain/a/20260903A06YIP00",
      "title": "上海社区长者食堂“优秀生”名单出炉！杨浦有这些点位，一道去吃吃看",
      "collection_id": "6a9a3b26462e4bbfa78e4faa",
      "insert_len": 0,
      "status": "success"
    },
    {
      "url": "https://news.qq.com/rain/a/20260903A06X6L00",
      "title": "家门口的变化 看得见的美好｜一座公园里的“文明会客厅”",
      "collection_id": "6a9a3b26462e4bbfa78e4fe1",
      "insert_len": 0,
      "status": "success"
    },
    {
      "url": "https://news.qq.com/rain/a/20260903A06YUZ00",
      "title": "A股39家定增股投资者平均浮盈25.6%明显跑赢大盘，中国神华“破发”后又收复",
      "collection_id": "6a9a3b27462e4bbfa78e5025",
      "insert_len": 0,
      "status": "success"
    },
    {
      "url": "https://news.qq.com/rain/a/20260903A06Z4C00",
      "title": "蔡司高管称中国还需约15年才能造出EUV光刻机",
      "collection_id": "6a9a3b27462e4bbfa78e506a",
      "insert_len": 0,
      "status": "success"
    },
    {
      "url": "https://news.qq.com/rain/a/20260903A06Q1N00",
      "title": "2026年暑假档电影我看了30部：百亿票房背后，市场只回到了十年前",
      "collection_id": "6a9a3b28462e4bbfa78e509a",
      "insert_len": 0,
      "status": "success"
    },
    {
      "url": "https://news.qq.com/rain/a/20260903A06Z4D00",
      "title": "",
      "collection_id": null,
      "insert_len": 0,
      "status": "failed",
      "error": "EOF occurred in violation of protocol (_ssl.c:1006)"
    },
    {
      "url": "https://news.qq.com/rain/a/20260903A06Z6P00",
      "title": "美媒：快船为了得到伦纳德突破所有底线，只换来了一次重罚",
      "collection_id": "6a9a3b28462e4bbfa78e50e5",
      "insert_len": 0,
      "status": "success"
    },
    {
      "url": "https://news.qq.com/rain/a/20260903A06W4C00",
      "title": "",
      "collection_id": null,
      "insert_len": 0,
      "status": "failed",
      "error": "新闻内容过短。"
    },
    {
      "url": "https://news.qq.com/rain/a/20260903A06YTK00",
      "title": "惊险！凤凰组合81分钟2-1逆转晋级八强，体能消耗巨大",
      "collection_id": "6a9a3b29462e4bbfa78e511c",
      "insert_len": 0,
      "status": "success"
    },
    {
      "url": "https://news.qq.com/rain/a/20260903A06Z5S00",
      "title": "",
      "collection_id": null,
      "insert_len": 0,
      "status": "failed",
      "error": "EOF occurred in violation of protocol (_ssl.c:1006)"
    },
    {
      "url": "https://news.qq.com/rain/a/20260903A06Z4T00",
      "title": "华硕影驰技嘉9月上调RTX50显卡工厂价",
      "collection_id": "6a9a3b2d462e4bbfa78e5159",
      "insert_len": 0,
      "status": "success"
    },
    {
      "url": "https://news.qq.com/rain/a/20260903A06OGJ00",
      "title": "谷歌发新模型全网又高潮？",
      "collection_id": "6a9a3b2e462e4bbfa78e5193",
      "insert_len": 0,
      "status": "success"
    },
    {
      "url": "https://news.qq.com/rain/a/20260903A06YIX00",
      "title": "回收近10吨旧物，这项专场活动“变废为宝”",
      "collection_id": "6a9a3b2f462e4bbfa78e51fc",
      "insert_len": 0,
      "status": "success"
    },
    {
      "url": "https://news.qq.com/rain/a/20260903A06ATZ00",
      "title": "《深渊无间》档期预计9.9桃，《兰香如故》预计9.11上星央八！",
      "collection_id": "6a9a3b2f462e4bbfa78e51fa",
      "insert_len": 0,
      "status": "success"
    },
    {
      "url": "https://news.qq.com/rain/a/20260903A067A900",
      "title": "宾川县深化扫黑除恶专项斗争线索征集通告",
      "collection_id": "6a9a3b30462e4bbfa78e528b",
      "insert_len": 0,
      "status": "success"
    },
    {
      "url": "https://news.qq.com/rain/a/20260903A0680W00",
      "title": "智能体通信网率先跑通，济南市市中区“二次创业”迈出稳健一步",
      "collection_id": "6a9a3b2f462e4bbfa78e525b",
      "insert_len": 0,
      "status": "success"
    },
    {
      "url": "https://news.qq.com/rain/a/20260903A067RG00",
      "title": "国安剧《交锋》9月6日接棒央八，央视这次把硬题材押在了真实上",
      "collection_id": "6a9a3b31462e4bbfa78e52dd",
      "insert_len": 0,
      "status": "success"
    },
    {
      "url": "https://news.qq.com/rain/a/20260903A06YKT00",
      "title": "",
      "collection_id": null,
      "insert_len": 0,
      "status": "failed",
      "error": "新闻内容过短。"
    },
    {
      "url": "https://news.qq.com/rain/a/20260903A06YT200",
      "title": "",
      "collection_id": null,
      "insert_len": 0,
      "status": "failed",
      "error": "EOF occurred in violation of protocol (_ssl.c:1006)"
    },
    {
      "url": "https://news.qq.com/rain/a/20260903A06ZB200",
      "title": "兼职跑外卖被撞受伤，副业能不能获赔误工费？丨快问快答",
      "collection_id": "6a9a3b31462e4bbfa78e5316",
      "insert_len": 0,
      "status": "success"
    },
    {
      "url": "https://news.qq.com/rain/a/20260903A06ZBV00",
      "title": "lululemon诉国产瑜伽服品牌商标侵权，索赔2000万元，法院一审驳回",
      "collection_id": "6a9a3b32462e4bbfa78e5346",
      "insert_len": 0,
      "status": "success"
    },
    {
      "url": "https://news.qq.com/rain/a/20260903A06X0900",
      "title": "新一代理想MEGA发布，李想：每一个进化全部基于用户真实需求",
      "collection_id": "6a9a3b33462e4bbfa78e5377",
      "insert_len": 0,
      "status": "success"
    },
    {
      "url": "https://news.qq.com/rain/a/20260903A06ZPF00",
      "title": "首创环保：上半年累计新增中标25.8亿元，同比增长33%",
      "collection_id": "6a9a3b33462e4bbfa78e53bd",
      "insert_len": 0,
      "status": "success"
    },
    {
      "url": "https://news.qq.com/rain/a/20260903A06ZMQ00",
      "title": "花钱查自己，查完还被罚！鲍尔默遭NBA重罚3000万+禁赛一年，20亿新球馆自己却进不去",
      "collection_id": "6a9a3b34462e4bbfa78e53ee",
      "insert_len": 0,
      "status": "success"
    },
    {
      "url": "https://news.qq.com/rain/a/20260903A06ZKJ00",
      "title": "韩国警方举行全国警察指挥部会议 公开检讨反省",
      "collection_id": "6a9a3b35462e4bbfa78e542e",
      "insert_len": 0,
      "status": "success"
    },
    {
      "url": "https://news.qq.com/rain/a/20260903A06Z4700",
      "title": "一部手机能种万亩田？来看高明田间“黑科技”",
      "collection_id": "6a9a3b35462e4bbfa78e5466",
      "insert_len": 0,
      "status": "success"
    },
    {
      "url": "https://news.qq.com/rain/a/20260903A06YUA00",
      "title": "",
      "collection_id": null,
      "insert_len": 0,
      "status": "failed",
      "error": "新闻内容过短。"
    },
    {
      "url": "https://news.qq.com/rain/a/20260903A06ZP600",
      "title": "正海磁材：公司现有技术体系与人形机器人空心杯电机等核心部件需求高度契合",
      "collection_id": "6a9a3b36462e4bbfa78e5498",
      "insert_len": 0,
      "status": "success"
    },
    {
      "url": "https://news.qq.com/rain/a/20260903A0635Z00",
      "title": "",
      "collection_id": null,
      "insert_len": 0,
      "status": "failed",
      "error": "EOF occurred in violation of protocol (_ssl.c:1006)"
    },
    {
      "url": "https://news.qq.com/rain/a/20260903A0643M00",
      "title": "OLED和miniLED显示器有什么区别？高端玩家会选择哪款产品",
      "collection_id": "6a9a3b36462e4bbfa78e54c8",
      "insert_len": 0,
      "status": "success"
    },
    {
      "url": "https://news.qq.com/rain/a/20260903A06Z4B00",
      "title": "下班别躺平！高明青年夜校“充电”指南来了",
      "collection_id": "6a9a3b37462e4bbfa78e5504",
      "insert_len": 0,
      "status": "success"
    },
    {
      "url": "https://news.qq.com/rain/a/20260903A063J500",
      "title": "东营市中华优秀传统文化宣讲团走进北京师范大学东营实验学校",
      "collection_id": "6a9a3b37462e4bbfa78e5554",
      "insert_len": 0,
      "status": "success"
    },
    {
      "url": "https://news.qq.com/rain/a/20260903A064D200",
      "title": "烽火职业联赛夏季赛：常规赛第五周DAY2赛程一览",
      "collection_id": "6a9a3b38462e4bbfa78e558c",
      "insert_len": 0,
      "status": "success"
    },
    {
      "url": "https://news.qq.com/rain/a/20260903A06ZUL00",
      "title": "",
      "collection_id": null,
      "insert_len": 0,
      "status": "failed",
      "error": "EOF occurred in violation of protocol (_ssl.c:1006)"
    },
    {
      "url": "https://news.qq.com/rain/a/20260903A061OZ00",
      "title": "一起走，这是我们的长征！挑战25000步，请大山的孩子“好好吃饭”！",
      "collection_id": "6a9a3b3b462e4bbfa78e55d9",
      "insert_len": 0,
      "status": "success"
    },
    {
      "url": "https://news.qq.com/rain/a/20260903A06YWN00",
      "title": "浙江苍南遭极端强降雨袭击 武警官兵紧急救援受困民众",
      "collection_id": "6a9a3b3b462e4bbfa78e5610",
      "insert_len": 0,
      "status": "success"
    },
    {
      "url": "https://news.qq.com/rain/a/20260903A062TY00",
      "title": "英特尔酷睿i9-14900HX评测：重回万元级，能否一战Ultra",
      "collection_id": "6a9a3b3c462e4bbfa78e5648",
      "insert_len": 0,
      "status": "success"
    },
    {
      "url": "https://news.qq.com/rain/a/20260903A06YXJ00",
      "title": "跳出流量逻辑扎根生活：Davy的两张专辑打动全圈层听众",
      "collection_id": "6a9a3b3c462e4bbfa78e5685",
      "insert_len": 0,
      "status": "success"
    },
    {
      "url": "https://news.qq.com/rain/a/20260903A06YZ700",
      "title": "4000万砸向武汉站！7大工程同步推进，根治站前多年拥堵顽疾",
      "collection_id": "6a9a3b3d462e4bbfa78e56ec",
      "insert_len": 0,
      "status": "success"
    },
    {
      "url": "https://news.qq.com/rain/a/20260903A06ZU300",
      "title": "霞映巫峡 舟行暮色",
      "collection_id": "6a9a3b3d462e4bbfa78e5725",
      "insert_len": 0,
      "status": "success"
    },
    {
      "url": "https://news.qq.com/rain/a/20260903A06Z0S00",
      "title": "智谱和 MiniMax，把大模型做成了两种生意",
      "collection_id": "6a9a3b3d462e4bbfa78e575d",
      "insert_len": 0,
      "status": "success"
    },
    {
      "url": "https://news.qq.com/rain/a/20260903A06VSG00",
      "title": "华盛顿试图通过制裁迫使投降的每一个政权，要么依然屹立不倒，要么倒在了其他原因之下",
      "collection_id": "6a9a3b3e462e4bbfa78e57b1",
      "insert_len": 0,
      "status": "success"
    },
    {
      "url": "https://news.qq.com/rain/a/20260903A06Z9O00",
      "title": "南京夜市“变形记”",
      "collection_id": "6a9a3b3e462e4bbfa78e57e9",
      "insert_len": 0,
      "status": "success"
    },
    {
      "url": "https://news.qq.com/rain/a/20260903A06ZPC00",
      "title": "机构：三重指标验证临床CRO景气度恢复，头部临床CRO将迎上行周期",
      "collection_id": "6a9a3b3e462e4bbfa78e583c",
      "insert_len": 0,
      "status": "success"
    },
    {
      "url": "https://news.qq.com/rain/a/20260903A06Z6I00",
      "title": "一雪发布预告：第一次做二路直播，有点子紧张，欢迎大家！",
      "collection_id": "6a9a3b3e462e4bbfa78e587a",
      "insert_len": 0,
      "status": "success"
    },
    {
      "url": "https://news.qq.com/rain/a/20260903A06ZEV00",
      "title": "长沙200万以下新房推荐2026：雨花开福岳麓天心望城刚需地铁新房怎么选",
      "collection_id": "6a9a3b3e462e4bbfa78e58bc",
      "insert_len": 0,
      "status": "success"
    },
    {
      "url": "https://news.qq.com/rain/a/20260903A06YRT00",
      "title": "张智勇：收到《管护通知书》不等于被留置，但7天内必须决定去留",
      "collection_id": "6a9a3b3f462e4bbfa78e58f0",
      "insert_len": 0,
      "status": "success"
    },
    {
      "url": "https://news.qq.com/rain/a/20260903A06X6900",
      "title": "券商突然集体拉升！T+0要落地？散户一定要看清3件大事",
      "collection_id": "6a9a3b3f462e4bbfa78e5928",
      "insert_len": 0,
      "status": "success"
    },
    {
      "url": "https://news.qq.com/rain/a/20260903A06ZSV00",
      "title": "阿富汗居民呼吁扩大医疗服务",
      "collection_id": "6a9a3b3f462e4bbfa78e597c",
      "insert_len": 0,
      "status": "success"
    },
    {
      "url": "https://news.qq.com/rain/a/20260903A06ZYP00",
      "title": "德媒：若博埃找不到合适的买家，他将重回拜仁参与训练",
      "collection_id": "6a9a3b3f462e4bbfa78e59ac",
      "insert_len": 0,
      "status": "success"
    },
    {
      "url": "https://news.qq.com/rain/a/20260903A0708J00",
      "title": "自由现金流策略聚焦企业真实现金创造能力，现金流ETF嘉实(159221)构建兼具盈利质量与分红潜力的“现金牛”组合",
      "collection_id": "6a9a3b40462e4bbfa78e59ec",
      "insert_len": 0,
      "status": "success"
    },
    {
      "url": "https://news.qq.com/rain/a/20260903A06V8P00",
      "title": "CSEAC 2026印证半导体设备材料板块高景气趋势延续！科创半导体设备ETF华泰柏瑞（588710）持续获资金加仓",
      "collection_id": "6a9a3b40462e4bbfa78e5a1c",
      "insert_len": 0,
      "status": "success"
    },
    {
      "url": "https://news.qq.com/rain/a/20260903A06XLG00",
      "title": "在清华，接过英雄的战旗！",
      "collection_id": "6a9a3b40462e4bbfa78e5a6d",
      "insert_len": 0,
      "status": "success"
    },
    {
      "url": "https://news.qq.com/rain/a/20260903A06ZD700",
      "title": "唐小兵开讲（9.13）：“有意思”的城市何以可能？——严肃阅读与公共文化",
      "collection_id": "6a9a3b40462e4bbfa78e5a6b",
      "insert_len": 0,
      "status": "success"
    },
    {
      "url": "https://news.qq.com/rain/a/20260903A06ZY000",
      "title": "长白县八道沟镇：开展抗日战争纪念日主题教育",
      "collection_id": "6a9a3b41462e4bbfa78e5abb",
      "insert_len": 0,
      "status": "success"
    },
    {
      "url": "https://news.qq.com/rain/a/20260903A0702N00",
      "title": "",
      "collection_id": null,
      "insert_len": 0,
      "status": "failed",
      "error": "EOF occurred in violation of protocol (_ssl.c:1006)"
    },
    {
      "url": "https://news.qq.com/rain/a/20260903A06ZPI00",
      "title": "周末去重庆路怎么乘车、停车？攻略来了",
      "collection_id": "6a9a3b41462e4bbfa78e5b1a",
      "insert_len": 0,
      "status": "success"
    },
    {
      "url": "https://news.qq.com/rain/a/20260903A06Z6C00",
      "title": "经纪人全欧推销+和葡体有龃龉；但巴萨等不愿付8000万解约金",
      "collection_id": "6a9a3b42462e4bbfa78e5b53",
      "insert_len": 0,
      "status": "success"
    },
    {
      "url": "https://news.qq.com/rain/a/20260903A0708R00",
      "title": "杭州人还去大酒楼吗？近百份问卷给出的答案：没散场，但客人在分流",
      "collection_id": "6a9a3b42462e4bbfa78e5b84",
      "insert_len": 0,
      "status": "success"
    },
    {
      "url": "https://news.qq.com/rain/a/20260903A06WZV00",
      "title": "手机屏幕拍照显示偏红，是屏幕坏了吗？一文说清真相",
      "collection_id": "6a9a3b43462e4bbfa78e5bb9",
      "insert_len": 0,
      "status": "success"
    },
    {
      "url": "https://news.qq.com/rain/a/20260903A06WBX00",
      "title": "毕生跋涉的大地“解码者”——缅怀著名地质学家、中国科学院院士李廷栋",
      "collection_id": "6a9a3b43462e4bbfa78e5bec",
      "insert_len": 0,
      "status": "success"
    },
    {
      "url": "https://news.qq.com/rain/a/20260903A06Z4000",
      "title": "冷空气+台风！高明入秋了？未来天气是",
      "collection_id": "6a9a3b44462e4bbfa78e5c1b",
      "insert_len": 0,
      "status": "success"
    },
    {
      "url": "https://news.qq.com/rain/a/20260903A070FZ00",
      "title": "",
      "collection_id": null,
      "insert_len": 0,
      "status": "failed",
      "error": "EOF occurred in violation of protocol (_ssl.c:1006)"
    },
    {
      "url": "https://news.qq.com/rain/a/20260903A0707300",
      "title": "世界气象组织警告：厄尔尼诺将发展为超强级别",
      "collection_id": "6a9a3b46462e4bbfa78e5cc6",
      "insert_len": 0,
      "status": "success"
    },
    {
      "url": "https://news.qq.com/rain/a/20260903A0707Y00",
      "title": "",
      "collection_id": null,
      "insert_len": 0,
      "status": "failed",
      "error": "EOF occurred in violation of protocol (_ssl.c:1006)"
    },
    {
      "url": "https://news.qq.com/rain/a/20260903A070JO00",
      "title": "荷兰将大量黄金储备从纽约转移到伦敦",
      "collection_id": "6a9a3b49462e4bbfa78e5d0a",
      "insert_len": 0,
      "status": "success"
    },
    {
      "url": "https://news.qq.com/rain/a/20260903A06Z1400",
      "title": "亚太媒体高端论坛深圳启幕，共探区域合作新路径",
      "collection_id": "6a9a3b4a462e4bbfa78e5d42",
      "insert_len": 0,
      "status": "success"
    },
    {
      "url": "https://news.qq.com/rain/a/20260903A06ZU200",
      "title": "秋韵｜李莉作品",
      "collection_id": "6a9a3b4a462e4bbfa78e5d73",
      "insert_len": 0,
      "status": "success"
    },
    {
      "url": "https://news.qq.com/rain/a/20260903A06ZPJ00",
      "title": "辽源这场邻里活动看点十足",
      "collection_id": "6a9a3b4a462e4bbfa78e5db4",
      "insert_len": 0,
      "status": "success"
    },
    {
      "url": "https://news.qq.com/rain/a/20260903A06ZPG00",
      "title": "NH安联：韩妆韩食出口创新高，可作半导体替代投资",
      "collection_id": "6a9a3b4b462e4bbfa78e5de4",
      "insert_len": 0,
      "status": "success"
    },
    {
      "url": "https://news.qq.com/rain/a/20260903A0709J00",
      "title": "",
      "collection_id": null,
      "insert_len": 0,
      "status": "failed",
      "error": "新闻内容过短。"
    },
    {
      "url": "https://news.qq.com/rain/a/20260903A070JR00",
      "title": "以色列将向希腊出口防空系统",
      "collection_id": "6a9a3b4b462e4bbfa78e5e23",
      "insert_len": 0,
      "status": "success"
    },
    {
      "url": "https://news.qq.com/rain/a/20260903A06ZU900",
      "title": "秋韵",
      "collection_id": "6a9a3b4c462e4bbfa78e5e5a",
      "insert_len": 0,
      "status": "success"
    },
    {
      "url": "https://news.qq.com/rain/a/20260903A06U5T00",
      "title": "无论男女，遇到“NPD”恋人，趁早结束关系",
      "collection_id": "6a9a3b4c462e4bbfa78e5e8b",
      "insert_len": 0,
      "status": "success"
    },
    {
      "url": "https://news.qq.com/rain/a/20260903A06ZYU00",
      "title": "港股异动 | 万国黄金集团盘中涨超8% 7月初至今已翻倍 上半年金岭矿保持高增长",
      "collection_id": "6a9a3b4c462e4bbfa78e5ebf",
      "insert_len": 0,
      "status": "success"
    },
    {
      "url": "https://news.qq.com/rain/a/20260903A070K800",
      "title": "",
      "collection_id": null,
      "insert_len": 0,
      "status": "failed",
      "error": "新闻内容过短。"
    },
    {
      "url": "https://news.qq.com/rain/a/20260903A070JU00",
      "title": "特朗普提名下一任美海军部长",
      "collection_id": "6a9a3b4d462e4bbfa78e5f3e",
      "insert_len": 0,
      "status": "success"
    },
    {
      "url": "https://news.qq.com/rain/a/20260903A06JBY00",
      "title": "23分大胜！王岚嵚离辽入鲁终解封，山东阵容彻底成型",
      "collection_id": "6a9a3b4d462e4bbfa78e5f0e",
      "insert_len": 0,
      "status": "success"
    },
    {
      "url": "https://news.qq.com/rain/a/20260903A06ZYF00",
      "title": "港股异动 | 群核科技最高涨近13% 上半年AI新应用收入劲增177% 公司或于本月初纳入港股通",
      "collection_id": "6a9a3b4d462e4bbfa78e5f6e",
      "insert_len": 0,
      "status": "success"
    },
    {
      "url": "https://news.qq.com/rain/a/20260903A0707N00",
      "title": "“新民艺·新国潮”宁波开展：全景呈现浙江工艺传承创新图景",
      "collection_id": "6a9a3b4e462e4bbfa78e5f9e",
      "insert_len": 0,
      "status": "success"
    },
    {
      "url": "https://news.qq.com/rain/a/20260903A070CR00",
      "title": "重庆开发票又能抽奖了！9至12月，最高奖励1万元",
      "collection_id": "6a9a3b4e462e4bbfa78e5fd2",
      "insert_len": 0,
      "status": "success"
    },
    {
      "url": "https://news.qq.com/rain/a/20260903A0709700",
      "title": "中国项城，二十多年房价，跌宕岁月？",
      "collection_id": "6a9a3b4e462e4bbfa78e6036",
      "insert_len": 0,
      "status": "success"
    },
    {
      "url": "https://news.qq.com/rain/a/20260903A070KB00",
      "title": "查风险、护订单、避雷区 护航涉外知识产权",
      "collection_id": "6a9a3b4e462e4bbfa78e6002",
      "insert_len": 0,
      "status": "success"
    },
    {
      "url": "https://news.qq.com/rain/a/20260903A05OLP00",
      "title": "这样睡觉，两周瘦1斤？不知道的亏大了",
      "collection_id": "6a9a3b4f462e4bbfa78e60ad",
      "insert_len": 0,
      "status": "success"
    },
    {
      "url": "https://news.qq.com/rain/a/20260903A070GM00",
      "title": "零陵区人民政府第104次常务会议召开",
      "collection_id": "6a9a3b4f462e4bbfa78e607d",
      "insert_len": 0,
      "status": "success"
    },
    {
      "url": "https://news.qq.com/rain/a/20260903A070JV00",
      "title": "普京就与乌克兰谈判提条件",
      "collection_id": "6a9a3b4f462e4bbfa78e6152",
      "insert_len": 0,
      "status": "success"
    },
    {
      "url": "https://news.qq.com/rain/a/20260903A0703300",
      "title": "“淘宝崩了” 冲上热搜：淘宝App突发大面积服务器故障，导致大量用户无法查看订单及页面报错；截至发稿，淘宝方暂未回应",
      "collection_id": "6a9a3b4f462e4bbfa78e60fa",
      "insert_len": 0,
      "status": "success"
    },
    {
      "url": "https://news.qq.com/rain/a/20260903A06ZPH00",
      "title": "长春绿园举办“向外砺剑 笃行促审”交流讲坛",
      "collection_id": "6a9a3b4f462e4bbfa78e619c",
      "insert_len": 0,
      "status": "success"
    },
    {
      "url": "https://news.qq.com/rain/a/20260903A06YWB00",
      "title": "200米内瞬间烧穿无人机！中国8轮装甲车加装激光炮！",
      "collection_id": "6a9a3b50462e4bbfa78e61cc",
      "insert_len": 0,
      "status": "success"
    },
    {
      "url": "https://news.qq.com/rain/a/20260903A070OG00",
      "title": "意大利米兰的地铁永远在修，当地人笑着说_修了30年还没修好",
      "collection_id": "6a9a3b50462e4bbfa78e6222",
      "insert_len": 0,
      "status": "success"
    },
    {
      "url": "https://news.qq.com/rain/a/20260903A05JV600",
      "title": "只罚70万！NBA白莲花，小卡出淤泥而不染，是三方共同扛下了一切",
      "collection_id": "6a9a3b50462e4bbfa78e6242",
      "insert_len": 0,
      "status": "success"
    },
    {
      "url": "https://news.qq.com/rain/a/20260903A070IA00",
      "title": "国家消防救援局披露长沙一高层住宅火灾原因：充电的手机锂电池热失控引燃床上织物",
      "collection_id": "6a9a3b51462e4bbfa78e62c2",
      "insert_len": 0,
      "status": "success"
    },
    {
      "url": "https://news.qq.com/rain/a/20260903A070JM00",
      "title": "俄最新破冰巡逻舰北极首航",
      "collection_id": "6a9a3b51462e4bbfa78e6292",
      "insert_len": 0,
      "status": "success"
    },
    {
      "url": "https://news.qq.com/rain/a/20260903A070R800",
      "title": "乌称敖德萨市再遭袭 已致17人受伤",
      "collection_id": "6a9a3b51462e4bbfa78e6354",
      "insert_len": 0,
      "status": "success"
    },
    {
      "url": "https://news.qq.com/rain/a/20260903A070JT00",
      "title": "长白边检站圆满完成长白县第一中学军训活动",
      "collection_id": "6a9a3b51462e4bbfa78e6324",
      "insert_len": 0,
      "status": "success"
    },
    {
      "url": "https://news.qq.com/rain/a/20260903A06YS600",
      "title": "詹姆斯退役后，谁能成为NBA门面？满打满算仅三人够资格",
      "collection_id": "6a9a3b51462e4bbfa78e638d",
      "insert_len": 0,
      "status": "success"
    },
    {
      "url": "https://news.qq.com/rain/a/20260903A070GY00",
      "title": "4600千克醇基燃料藏身民房，益阳一村民被立案调查",
      "collection_id": "6a9a3b52462e4bbfa78e63be",
      "insert_len": 0,
      "status": "success"
    },
    {
      "url": "https://news.qq.com/rain/a/20260903A06ZCP00",
      "title": "",
      "collection_id": null,
      "insert_len": 0,
      "status": "failed",
      "error": "新闻内容过短。"
    },
    {
      "url": "https://news.qq.com/rain/a/20260903A070T500",
      "title": "DK发布对阵BFX赛前海报：我们会向你展示最好",
      "collection_id": "6a9a3b52462e4bbfa78e6405",
      "insert_len": 0,
      "status": "success"
    },
    {
      "url": "https://news.qq.com/rain/a/20260903A0704C00",
      "title": "",
      "collection_id": null,
      "insert_len": 0,
      "status": "failed",
      "error": "EOF occurred in violation of protocol (_ssl.c:1006)"
    },
    {
      "url": "https://news.qq.com/rain/a/20260903A070P500",
      "title": "",
      "collection_id": null,
      "insert_len": 0,
      "status": "failed",
      "error": "EOF occurred in violation of protocol (_ssl.c:1006)"
    },
    {
      "url": "https://news.qq.com/rain/a/20260903A070JC00",
      "title": "机器人能像语言模型读文字一样，读懂物理世界吗？",
      "collection_id": "6a9a3b58462e4bbfa78e6465",
      "insert_len": 0,
      "status": "success"
    },
    {
      "url": "https://news.qq.com/rain/a/20260903A070IZ00",
      "title": "梅潮茶产业交流合作座谈会召开：深化交流合作共同推动茶产业高质量发展",
      "collection_id": "6a9a3b58462e4bbfa78e64c6",
      "insert_len": 0,
      "status": "success"
    },
    {
      "url": "https://news.qq.com/rain/a/20260903A070IJ00",
      "title": "100亿次碰撞中“打捞”标准模型密码：量子纠缠让粒子物理探测有了新算法",
      "collection_id": "6a9a3b58462e4bbfa78e6551",
      "insert_len": 0,
      "status": "success"
    },
    {
      "url": "https://news.qq.com/rain/a/20260903A070O000",
      "title": "这些电力股近期一直涨，什么原因？",
      "collection_id": "6a9a3b58462e4bbfa78e650f",
      "insert_len": 0,
      "status": "success"
    },
    {
      "url": "https://news.qq.com/rain/a/20260903A03Z6600",
      "title": "",
      "collection_id": null,
      "insert_len": 0,
      "status": "failed",
      "error": "EOF occurred in violation of protocol (_ssl.c:1006)"
    },
    {
      "url": "https://news.qq.com/rain/a/20260903A070OW00",
      "title": "",
      "collection_id": null,
      "insert_len": 0,
      "status": "failed",
      "error": "EOF occurred in violation of protocol (_ssl.c:1006)"
    },
    {
      "url": "https://news.qq.com/rain/a/20260903A070TZ00",
      "title": "",
      "collection_id": null,
      "insert_len": 0,
      "status": "failed",
      "error": "EOF occurred in violation of protocol (_ssl.c:1006)"
    },
    {
      "url": "https://news.qq.com/rain/a/20260903A070J500",
      "title": "“一树一策”为5株古树保护“开良方”",
      "collection_id": "6a9a3b5e462e4bbfa78e6970",
      "insert_len": 0,
      "status": "success"
    },
    {
      "url": "https://news.qq.com/rain/a/20260903A070D800",
      "title": "",
      "collection_id": null,
      "insert_len": 0,
      "status": "failed",
      "error": "新闻正文为空。"
    },
    {
      "url": "https://news.qq.com/rain/a/20260903A06ZCL00",
      "title": "新学期，上海多所中小学课间延长至15分钟",
      "collection_id": "6a9a3b5f462e4bbfa78e6b39",
      "insert_len": 0,
      "status": "success"
    },
    {
      "url": "https://news.qq.com/rain/a/20260903A070JZ00",
      "title": "@江津人 报警又有新途径！“渝智110”，一键就能报警！",
      "collection_id": "6a9a3b5f462e4bbfa78e6c39",
      "insert_len": 0,
      "status": "success"
    },
    {
      "url": "https://news.qq.com/rain/a/20260903A070RB00",
      "title": "江西71地1236站降雨超过100毫米 今明两天仍有暴雨到大暴雨",
      "collection_id": "6a9a3b60462e4bbfa78e6cdb",
      "insert_len": 0,
      "status": "success"
    },
    {
      "url": "https://news.qq.com/rain/a/20260903A0704R00",
      "title": "",
      "collection_id": null,
      "insert_len": 0,
      "status": "failed",
      "error": "EOF occurred in violation of protocol (_ssl.c:1006)"
    },
    {
      "url": "https://news.qq.com/rain/a/20260903A070QQ00",
      "title": "中报业绩短期承压不改发展底色，创新深耕赋能众生药业长期价值蝶变",
      "collection_id": "6a9a3b63462e4bbfa78e7063",
      "insert_len": 0,
      "status": "success"
    },
    {
      "url": "https://news.qq.com/rain/a/20260903A0702A00",
      "title": "运营8年落幕！上海首座NIO House正式闭店",
      "collection_id": "6a9a3b63462e4bbfa78e7094",
      "insert_len": 0,
      "status": "success"
    },
    {
      "url": "https://news.qq.com/rain/a/20260903A070QJ00",
      "title": "宏碁宣布重启百年品牌Packard Bell",
      "collection_id": "6a9a3b63462e4bbfa78e70c6",
      "insert_len": 0,
      "status": "success"
    },
    {
      "url": "https://news.qq.com/rain/a/20260903A070QE00",
      "title": "2026“李宁·中国农业银行杯”全国匹克球锦标赛挥拍",
      "collection_id": "6a9a3b64462e4bbfa78e7124",
      "insert_len": 0,
      "status": "success"
    },
    {
      "url": "https://news.qq.com/rain/a/20260903A070U700",
      "title": "Steam Frame彩色透视升级模组提前曝光，可DIY拓展配件",
      "collection_id": "6a9a3b64462e4bbfa78e7154",
      "insert_len": 0,
      "status": "success"
    },
    {
      "url": "https://news.qq.com/rain/a/20260903A072M700",
      "title": "F1意大利站前瞻：法拉利主场致敬车王 安东内利罚退恐难争冠",
      "collection_id": "6a9a3b65462e4bbfa78e7184",
      "insert_len": 0,
      "status": "success"
    },
    {
      "url": "https://news.qq.com/rain/a/20260903A06ZP300",
      "title": "效率提升150%！亨通创新FPOD工艺，突破高掺氟管/棒技术",
      "collection_id": "6a9a3b65462e4bbfa78e71b1",
      "insert_len": 0,
      "status": "success"
    },
    {
      "url": "https://news.qq.com/rain/a/20260903A070FP00",
      "title": "体育架起连心桥！宝山维西共筑民族团结少年纽带",
      "collection_id": "6a9a3b66462e4bbfa78e71e3",
      "insert_len": 0,
      "status": "success"
    },
    {
      "url": "https://news.qq.com/rain/a/20260903A070JP00",
      "title": "美媒：多艘航母数年内无法恢复作战能力",
      "collection_id": "6a9a3b66462e4bbfa78e7210",
      "insert_len": 0,
      "status": "success"
    },
    {
      "url": "https://news.qq.com/rain/a/20260903A070OV00",
      "title": "教育部：组织开展多种形式消防安全应急演练 提升师生险情防范与应急处置能力",
      "collection_id": "6a9a3b66462e4bbfa78e726b",
      "insert_len": 0,
      "status": "success"
    },
    {
      "url": "https://news.qq.com/rain/a/20260903A06ZTN00",
      "title": "今日14:00开票｜俄罗斯亚历山大红旗歌舞团唱响“炽热与深情”",
      "collection_id": "6a9a3b66462e4bbfa78e723d",
      "insert_len": 0,
      "status": "success"
    },
    {
      "url": "https://news.qq.com/rain/a/20260903A070JS00",
      "title": "江津实现“零的突破”！珞璜港成功获评国家4A级物流企业",
      "collection_id": "6a9a3b67462e4bbfa78e7299",
      "insert_len": 0,
      "status": "success"
    },
    {
      "url": "https://news.qq.com/rain/a/20260903A070ID00",
      "title": "",
      "collection_id": null,
      "insert_len": 0,
      "status": "failed",
      "error": "EOF occurred in violation of protocol (_ssl.c:1006)"
    },
    {
      "url": "https://news.qq.com/rain/a/20260903A070IK00",
      "title": "IPO雷达｜智岩科技税务引监管关注！未及时完成美国州销售税申报，应交税费达6553万",
      "collection_id": "6a9a3b68462e4bbfa78e734f",
      "insert_len": 0,
      "status": "success"
    },
    {
      "url": "https://news.qq.com/rain/a/20260903A06ZVC00",
      "title": "",
      "collection_id": null,
      "insert_len": 0,
      "status": "failed",
      "error": "EOF occurred in violation of protocol (_ssl.c:1006)"
    },
    {
      "url": "https://news.qq.com/rain/a/20260903A05JIC00",
      "title": "赴美生子要变天？美国会听证强硬点名中国，取消“出生公民权”走到哪步？",
      "collection_id": "6a9a3b6c462e4bbfa78e756d",
      "insert_len": 0,
      "status": "success"
    },
    {
      "url": "https://news.qq.com/rain/a/20260903A070HQ00",
      "title": "“牧人的鞭子啊，只赶云，不惊鸟”",
      "collection_id": "6a9a3b6d462e4bbfa78e762c",
      "insert_len": 0,
      "status": "success"
    },
    {
      "url": "https://news.qq.com/rain/a/20260903A06ZQ200",
      "title": "转涨！美半导体关税消息扰动市场，韩股上演“深V”震荡一度跌1.8%",
      "collection_id": "6a9a3b6d462e4bbfa78e769e",
      "insert_len": 0,
      "status": "success"
    },
    {
      "url": "https://news.qq.com/rain/a/20260903A0718T00",
      "title": "济阳高速公路发布招标计划，路线长42.7公里，工程投资117.8亿元",
      "collection_id": "6a9a3b6e462e4bbfa78e772c",
      "insert_len": 0,
      "status": "success"
    },
    {
      "url": "https://news.qq.com/rain/a/20260903A070K900",
      "title": "俄船只遭扣押，普京发声",
      "collection_id": "6a9a3b6e462e4bbfa78e7778",
      "insert_len": 0,
      "status": "success"
    },
    {
      "url": "https://news.qq.com/rain/a/20260903A0719700",
      "title": "把爱种进心里 “大爱阜宁手牵手”2026暑期亲子夏令营活动举办",
      "collection_id": "6a9a3b6f462e4bbfa78e7918",
      "insert_len": 0,
      "status": "success"
    },
    {
      "url": "https://news.qq.com/rain/a/20260903A070U200",
      "title": "尼泊尔泥石流已致1252遇难4875失联",
      "collection_id": "6a9a3b6e462e4bbfa78e77f0",
      "insert_len": 0,
      "status": "success"
    },
    {
      "url": "https://news.qq.com/rain/a/20260903A070Q100",
      "title": "平衡木、障碍穿越、钻洞……石景山这个主题公园，把“消防员训练场”搬来了！",
      "collection_id": "6a9a3b70462e4bbfa78e7a45",
      "insert_len": 0,
      "status": "success"
    },
    {
      "url": "https://news.qq.com/rain/a/20260903A070PS00",
      "title": "别错过！中山南洋风情旅游周即将开启，百万惠民礼包同步上线",
      "collection_id": "6a9a3b70462e4bbfa78e79ba",
      "insert_len": 0,
      "status": "success"
    },
    {
      "url": "https://news.qq.com/rain/a/20260903A071DU00",
      "title": "上海：进一步扩大老旧小区改造覆盖面",
      "collection_id": "6a9a3b70462e4bbfa78e7b1e",
      "insert_len": 0,
      "status": "success"
    },
    {
      "url": "https://news.qq.com/rain/a/20260903A070RW00",
      "title": "",
      "collection_id": null,
      "insert_len": 0,
      "status": "failed",
      "error": "新闻内容过短。"
    },
    {
      "url": "https://news.qq.com/rain/a/20260903A070WF00",
      "title": "",
      "collection_id": null,
      "insert_len": 0,
      "status": "failed",
      "error": "EOF occurred in violation of protocol (_ssl.c:1006)"
    },
    {
      "url": "https://news.qq.com/rain/a/20260903A070PV00",
      "title": "握指成拳！中山城区五镇街文旅经济合作联盟成立",
      "collection_id": "6a9a3b71462e4bbfa78e7c8e",
      "insert_len": 0,
      "status": "success"
    },
    {
      "url": "https://news.qq.com/rain/a/20260903A06ZNF00",
      "title": "除了一所人大附中，还有什么，能够撑起来苏州园区奥体房价的自信",
      "collection_id": "6a9a3b72462e4bbfa78e7d53",
      "insert_len": 0,
      "status": "success"
    },
    {
      "url": "https://news.qq.com/rain/a/20260903A070Z200",
      "title": "安乐乡开展开学前校园安全隐患排查整治专项行动",
      "collection_id": "6a9a3b73462e4bbfa78e7e4c",
      "insert_len": 0,
      "status": "success"
    },
    {
      "url": "https://news.qq.com/rain/a/20260903A070YT00",
      "title": "",
      "collection_id": null,
      "insert_len": 0,
      "status": "failed",
      "error": "EOF occurred in violation of protocol (_ssl.c:1006)"
    },
    {
      "url": "https://news.qq.com/rain/a/20260903A071AU00",
      "title": "",
      "collection_id": null,
      "insert_len": 0,
      "status": "failed",
      "error": "新闻正文为空。"
    },
    {
      "url": "https://news.qq.com/rain/a/20260903A01V1Q00",
      "title": "大众中国正式宣布开启对星宇裁员事件的调查",
      "collection_id": "6a9a3b77462e4bbfa78e811a",
      "insert_len": 0,
      "status": "success"
    },
    {
      "url": "https://news.qq.com/rain/a/20260903A070YL00",
      "title": "毕节南环公路最新进展！",
      "collection_id": "6a9a3b77462e4bbfa78e81b3",
      "insert_len": 0,
      "status": "success"
    },
    {
      "url": "https://news.qq.com/rain/a/20260903A071EK00",
      "title": "传字节跳动已获296亿美元贷款 为今年亚洲第二大美元贷款",
      "collection_id": "6a9a3b78462e4bbfa78e8243",
      "insert_len": 0,
      "status": "success"
    },
    {
      "url": "https://news.qq.com/rain/a/20260903A070J900",
      "title": "青稞熟遍河谷 高原粮田长出多元收益",
      "collection_id": "6a9a3b78462e4bbfa78e82dd",
      "insert_len": 0,
      "status": "success"
    },
    {
      "url": "https://news.qq.com/rain/a/20260903A0718100",
      "title": "国家自然科学基金委员会：关于发布冠状病毒-宿主免疫互作的全景动态机制与干预策略重大研究计划2026年度项目指南的通告",
      "collection_id": "6a9a3b78462e4bbfa78e836d",
      "insert_len": 0,
      "status": "success"
    },
    {
      "url": "https://news.qq.com/rain/a/20260903A071KX00",
      "title": "【特稿】乌克兰两情报机构人员当街交火",
      "collection_id": "6a9a3b78462e4bbfa78e83ce",
      "insert_len": 0,
      "status": "success"
    },
    {
      "url": "https://news.qq.com/rain/a/20260903A05MP500",
      "title": "发现没，凡是夫妻关系好、家庭幸福的，都有一个共性",
      "collection_id": "6a9a3b79462e4bbfa78e84ba",
      "insert_len": 0,
      "status": "success"
    },
    {
      "url": "https://news.qq.com/rain/a/20260903A070P900",
      "title": "液冷服务器板块午后再度走高，集泰股份4连板",
      "collection_id": "6a9a3b79462e4bbfa78e8459",
      "insert_len": 0,
      "status": "success"
    },
    {
      "url": "https://news.qq.com/rain/a/20260903A071L500",
      "title": "沃尔夫被劳达疯狂质问！汉密尔顿却在新加坡用胜利给出答案",
      "collection_id": "6a9a3b79462e4bbfa78e84f3",
      "insert_len": 0,
      "status": "success"
    },
    {
      "url": "https://news.qq.com/rain/a/20260903A05MAW00",
      "title": "女人愿意靠近你，往往不是因为你会说，而是你会听",
      "collection_id": "6a9a3b7a462e4bbfa78e8592",
      "insert_len": 0,
      "status": "success"
    },
    {
      "url": "https://news.qq.com/rain/a/20260903A070WJ00",
      "title": "广州队前锋暴力击打对手后脑勺！中足联官宣处罚：禁赛4场+罚款2万",
      "collection_id": "6a9a3b7a462e4bbfa78e85d5",
      "insert_len": 0,
      "status": "success"
    },
    {
      "url": "https://news.qq.com/rain/a/20260903A05H1S00",
      "title": "NBA扩军谁被放弃？美媒列30队8人保护名单：火箭湖人勇士都有意外",
      "collection_id": "6a9a3b7a462e4bbfa78e864a",
      "insert_len": 0,
      "status": "success"
    },
    {
      "url": "https://news.qq.com/rain/a/20260903A070YS00",
      "title": "妇科手术后到底要休养多久？",
      "collection_id": "6a9a3b7a462e4bbfa78e8682",
      "insert_len": 0,
      "status": "success"
    },
    {
      "url": "https://news.qq.com/rain/a/20260903A070J200",
      "title": "把最宝贵的东西给予儿童｜有温度不超前，这才是学前教育该有的样子",
      "collection_id": "6a9a3b7b462e4bbfa78e86cd",
      "insert_len": 0,
      "status": "success"
    },
    {
      "url": "https://news.qq.com/rain/a/20260903A0707J00",
      "title": "我们是义乌老板娘⑪｜上过春晚，把企业做到眉笔龙头，她说“我依然是个业务员”",
      "collection_id": "6a9a3b7b462e4bbfa78e86e6",
      "insert_len": 0,
      "status": "success"
    },
    {
      "url": "https://news.qq.com/rain/a/20260903A071CD00",
      "title": "韩国将大规模重组国有能源与交通企业",
      "collection_id": "6a9a3b7b462e4bbfa78e87a8",
      "insert_len": 0,
      "status": "success"
    },
    {
      "url": "https://news.qq.com/rain/a/20260903A071E600",
      "title": "田中心：印象最深的中国球员是张子宇，动漫最喜欢排球少年",
      "collection_id": "6a9a3b7b462e4bbfa78e8778",
      "insert_len": 0,
      "status": "success"
    },
    {
      "url": "https://news.qq.com/rain/a/20260903A071EI00",
      "title": "新股消息 | 江波龙孖展认购超170亿港元 超购26倍 引入传音、联想等基石投资者",
      "collection_id": "6a9a3b7c462e4bbfa78e8817",
      "insert_len": 0,
      "status": "success"
    },
    {
      "url": "https://news.qq.com/rain/a/20260903A070T100",
      "title": "扩招1500个名额，申请量翻倍，港校的“红利”给了谁？",
      "collection_id": "6a9a3b7c462e4bbfa78e8880",
      "insert_len": 0,
      "status": "success"
    },
    {
      "url": "https://news.qq.com/rain/a/20260903A071UY00",
      "title": "希金斯透露可能在两年内退役：能感觉到，我已经走到离终点很近的地方",
      "collection_id": "6a9a3b7c462e4bbfa78e88e9",
      "insert_len": 0,
      "status": "success"
    },
    {
      "url": "https://news.qq.com/rain/a/20260903A0714E00",
      "title": "【安全教育】2026年学校校园开学开工第一课安全教育课——防震安全",
      "collection_id": "6a9a3b7c462e4bbfa78e8939",
      "insert_len": 0,
      "status": "success"
    },
    {
      "url": "https://news.qq.com/rain/a/20260903A070XE00",
      "title": "",
      "collection_id": null,
      "insert_len": 0,
      "status": "failed",
      "error": "EOF occurred in violation of protocol (_ssl.c:1006)"
    },
    {
      "url": "https://news.qq.com/rain/a/20260903A0717V00",
      "title": "Autophagy|兰州兽医研究所团队发现TOLLIP通过选择性自噬拮抗口蹄疫病毒感染的机制",
      "collection_id": "6a9a3b7d462e4bbfa78e899a",
      "insert_len": 0,
      "status": "success"
    },
    {
      "url": "https://news.qq.com/rain/a/20260903A071TX00",
      "title": "安东内利主场遭遇引擎罚退！沃尔夫定下唯一目标：尽可能抢回积分",
      "collection_id": "6a9a3b7d462e4bbfa78e89d0",
      "insert_len": 0,
      "status": "success"
    },
    {
      "url": "https://news.qq.com/rain/a/20260903A0725B00",
      "title": "",
      "collection_id": null,
      "insert_len": 0,
      "status": "failed",
      "error": "新闻内容过短。"
    },
    {
      "url": "https://news.qq.com/rain/a/20260903A071BX00",
      "title": "最高近17倍，这些公司盈利预测大幅上调（附名单）",
      "collection_id": "6a9a3b7e462e4bbfa78e8a7a",
      "insert_len": 0,
      "status": "success"
    },
    {
      "url": "https://news.qq.com/rain/a/20260903A071C300",
      "title": "日本历史原来也是欲望史 ——蒋读日本文库本系列之六十七",
      "collection_id": "6a9a3b7f462e4bbfa78e8abd",
      "insert_len": 0,
      "status": "success"
    },
    {
      "url": "https://news.qq.com/rain/a/20260903A071GZ00",
      "title": "琴声歌声飞扬乡村课堂！美育之光照亮留守儿童的艺术梦想",
      "collection_id": "6a9a3b7f462e4bbfa78e8b33",
      "insert_len": 0,
      "status": "success"
    },
    {
      "url": "https://news.qq.com/rain/a/20260903A071QO00",
      "title": "",
      "collection_id": null,
      "insert_len": 0,
      "status": "failed",
      "error": "EOF occurred in violation of protocol (_ssl.c:1006)"
    },
    {
      "url": "https://news.qq.com/rain/a/20260903A070OQ00",
      "title": "",
      "collection_id": null,
      "insert_len": 0,
      "status": "failed",
      "error": "EOF occurred in violation of protocol (_ssl.c:1006)"
    },
    {
      "url": "https://news.qq.com/rain/a/20260903A06Z0I00",
      "title": "为什么越有格局的人越能忍？看懂韩信胯下之辱，你就明白了！",
      "collection_id": "6a9a3b85462e4bbfa78e8c2f",
      "insert_len": 0,
      "status": "success"
    },
    {
      "url": "https://news.qq.com/rain/a/20260903A071EG00",
      "title": "",
      "collection_id": null,
      "insert_len": 0,
      "status": "failed",
      "error": "EOF occurred in violation of protocol (_ssl.c:1006)"
    },
    {
      "url": "https://news.qq.com/rain/a/20260903A0703A00",
      "title": "视频丨326省道浙江泰顺县段山体塌方清理情况如何？记者直击",
      "collection_id": "6a9a3b87462e4bbfa78e8e0c",
      "insert_len": 0,
      "status": "success"
    },
    {
      "url": "https://news.qq.com/rain/a/20260903A071PJ00",
      "title": "中疾控：建议受种者在9至10月完成接种",
      "collection_id": "6a9a3b88462e4bbfa78e8e44",
      "insert_len": 0,
      "status": "success"
    },
    {
      "url": "https://news.qq.com/rain/a/20260903A0717Z00",
      "title": "",
      "collection_id": null,
      "insert_len": 0,
      "status": "failed",
      "error": "新闻内容过短。"
    },
    {
      "url": "https://news.qq.com/rain/a/20260903A06Z5600",
      "title": "63岁男子与家人闹矛盾喝下三两敌敌畏，自行开车两小时前往医院，医生硬生生把人救回：“他命硬，这种事十个人里九个撑不到医院”",
      "collection_id": "6a9a3b8a462e4bbfa78e8f1b",
      "insert_len": 0,
      "status": "success"
    },
    {
      "url": "https://news.qq.com/rain/a/20260903A071U500",
      "title": "“赛考斯”返美：“我把一部分的心留在了中国”",
      "collection_id": "6a9a3b8a462e4bbfa78e8f4c",
      "insert_len": 0,
      "status": "success"
    },
    {
      "url": "https://news.qq.com/rain/a/20260903A0703N00",
      "title": "福建强降水持续，中南部有暴雨大暴雨！莆田今天13时起“三停一休”，福州火车站部分列车停运",
      "collection_id": "6a9a3b8c462e4bbfa78e9056",
      "insert_len": 0,
      "status": "success"
    },
    {
      "url": "https://news.qq.com/rain/a/20260903A072FG00",
      "title": "",
      "collection_id": null,
      "insert_len": 0,
      "status": "failed",
      "error": "新闻内容过短。"
    },
    {
      "url": "https://news.qq.com/rain/a/20260903A0715A00",
      "title": "赵晓东：从资源下沉到均质化  推动急诊医联体向纵深发展",
      "collection_id": "6a9a3b8b462e4bbfa78e8f96",
      "insert_len": 0,
      "status": "success"
    },
    {
      "url": "https://news.qq.com/rain/a/20260903A0712Y00",
      "title": "主摄长焦双双Pro化！vivo X500标准版影像越级：X300 Pro同款大底+APO长焦",
      "collection_id": "6a9a3b8c462e4bbfa78e8fe7",
      "insert_len": 0,
      "status": "success"
    },
    {
      "url": "https://news.qq.com/rain/a/20260903A071HD00",
      "title": "烟火聚边城！俄罗斯游客打卡黑河夜市，烤冷面、冰糖葫芦轮番尝",
      "collection_id": "6a9a3b8c462e4bbfa78e90a2",
      "insert_len": 0,
      "status": "success"
    },
    {
      "url": "https://news.qq.com/rain/a/20260903A071E700",
      "title": "彩民支持率：图卢兹vs里尔，客胜误差值+29%，显著偏热",
      "collection_id": "6a9a3b8c462e4bbfa78e90d2",
      "insert_len": 0,
      "status": "success"
    },
    {
      "url": "https://news.qq.com/rain/a/20260903A0701Z00",
      "title": "千亿医械龙头栽在房租上！“微创系”因中报集体停牌，背后有什么？",
      "collection_id": "6a9a3b8d462e4bbfa78e9128",
      "insert_len": 0,
      "status": "success"
    },
    {
      "url": "https://news.qq.com/rain/a/20260903A0726300",
      "title": "韩国股市再度翻红",
      "collection_id": "6a9a3b8d462e4bbfa78e9194",
      "insert_len": 0,
      "status": "success"
    },
    {
      "url": "https://news.qq.com/rain/a/20260903A0728N00",
      "title": "世界气象组织警告：厄尔尼诺将发展为超强级别",
      "collection_id": "6a9a3b8d462e4bbfa78e91ed",
      "insert_len": 0,
      "status": "success"
    },
    {
      "url": "https://news.qq.com/rain/a/20260903A0729600",
      "title": "全球股市午后跳水，日韩半导体股下挫，美股三大期指集体走低，黄金直线拉升",
      "collection_id": "6a9a3b8d462e4bbfa78e922c",
      "insert_len": 0,
      "status": "success"
    },
    {
      "url": "https://news.qq.com/rain/a/20260903A071PU00",
      "title": "中国雄安集团成立雄才咨询公司",
      "collection_id": "6a9a3b8e462e4bbfa78e92ac",
      "insert_len": 0,
      "status": "success"
    },
    {
      "url": "https://news.qq.com/rain/a/20260903A0728800",
      "title": "办证少跑腿！盐城警邮携手，把身份证服务窗口搬进小区",
      "collection_id": "6a9a3b8e462e4bbfa78e92d0",
      "insert_len": 0,
      "status": "success"
    },
    {
      "url": "https://news.qq.com/rain/a/20260903A0727100",
      "title": "国家消防救援局：坚决杜绝上班前、下班后形式主义的消防演练活动",
      "collection_id": "6a9a3b8e462e4bbfa78e934d",
      "insert_len": 0,
      "status": "success"
    },
    {
      "url": "https://news.qq.com/rain/a/20260903A0724A00",
      "title": "北大荒58岁副总黎东光被实施留置，从农机科技术员做起，去年升任副总",
      "collection_id": "6a9a3b9d462e4bbfa78e9a00",
      "insert_len": 0,
      "status": "success"
    },
    {
      "url": "https://news.qq.com/rain/a/20260903A072F400",
      "title": "",
      "collection_id": null,
      "insert_len": 0,
      "status": "failed",
      "error": "EOF occurred in violation of protocol (_ssl.c:1006)"
    },
    {
      "url": "https://news.qq.com/rain/a/20260903A072NC00",
      "title": "周鹏：很高兴回到充满回忆的地方，希望整个故事更加完整",
      "collection_id": "6a9a3b94462e4bbfa78e9635",
      "insert_len": 0,
      "status": "success"
    },
    {
      "url": "https://news.qq.com/rain/a/20260903A071UR00",
      "title": "新款理想MEGA上市售50.98万 加量降价还把短板补齐了！",
      "collection_id": "6a9a3b94462e4bbfa78e9685",
      "insert_len": 0,
      "status": "success"
    },
    {
      "url": "https://news.qq.com/rain/a/20260903A0725X00",
      "title": "财中ETF风向标｜家电ETF国泰(159996)盘中涨1.19% 海尔智家(600690)、麦格米特(002851)领涨权重股",
      "collection_id": "6a9a3b94462e4bbfa78e96d6",
      "insert_len": 0,
      "status": "success"
    },
    {
      "url": "https://news.qq.com/rain/a/20260903A072FC00",
      "title": "",
      "collection_id": null,
      "insert_len": 0,
      "status": "failed",
      "error": "新闻内容过短。"
    },
    {
      "url": "https://news.qq.com/rain/a/20260903A06CY900",
      "title": "重庆一所小学新生家长交费648元发现交给了游戏公司，学校通报：不法分子潜入家长群诈骗3240元，已报案",
      "collection_id": "6a9a3b95462e4bbfa78e970e",
      "insert_len": 0,
      "status": "success"
    },
    {
      "url": "https://news.qq.com/rain/a/20260903A071F000",
      "title": "尼泊尔47处历史古迹遭破坏，旅游业遭重创  仅一地就死亡至少12万只鸡、损失2万多条鱼",
      "collection_id": "6a9a3b96462e4bbfa78e9757",
      "insert_len": 0,
      "status": "success"
    },
    {
      "url": "https://news.qq.com/rain/a/20260903A072F200",
      "title": "",
      "collection_id": null,
      "insert_len": 0,
      "status": "failed",
      "error": "新闻内容过短。"
    },
    {
      "url": "https://news.qq.com/rain/a/20260903A072FD00",
      "title": "广东：加快推进低效用地再开发，拟鼓励农村集体经济组织自行改造",
      "collection_id": "6a9a3b9e462e4bbfa78e9a7c",
      "insert_len": 0,
      "status": "success"
    },
    {
      "url": "https://news.qq.com/rain/a/20260903A0726H00",
      "title": "财中ETF风向标｜养殖ETF国泰(159865)盘中跌逾1%，前5日累计上涨2.05%后现获利回吐",
      "collection_id": "6a9a3ba0462e4bbfa78e9bc4",
      "insert_len": 0,
      "status": "success"
    },
    {
      "url": "https://news.qq.com/rain/a/20260903A072FN00",
      "title": "",
      "collection_id": null,
      "insert_len": 0,
      "status": "failed",
      "error": "新闻内容过短。"
    },
    {
      "url": "https://news.qq.com/rain/a/20260903A072EY00",
      "title": "",
      "collection_id": null,
      "insert_len": 0,
      "status": "failed",
      "error": "新闻内容过短。"
    },
    {
      "url": "https://news.qq.com/rain/a/20260903A072FQ00",
      "title": "广东：拟有序推进政府收储改造，鼓励国有企业盘活利用存量土地",
      "collection_id": "6a9a3ba0462e4bbfa78e9b64",
      "insert_len": 0,
      "status": "success"
    },
    {
      "url": "https://news.qq.com/rain/a/20260903A072V700",
      "title": "北京买房两年亏140万后卖房，租房反而活得更自在了",
      "collection_id": "6a9a3ba0462e4bbfa78e9c02",
      "insert_len": 0,
      "status": "success"
    },
    {
      "url": "https://news.qq.com/rain/a/20260903A071MM00",
      "title": "18号线三期最新进展来了！",
      "collection_id": "6a9a3ba0462e4bbfa78e9c5c",
      "insert_len": 0,
      "status": "success"
    },
    {
      "url": "https://news.qq.com/rain/a/20260903A072FO00",
      "title": "",
      "collection_id": null,
      "insert_len": 0,
      "status": "failed",
      "error": "新闻内容过短。"
    },
    {
      "url": "https://news.qq.com/rain/a/20260903A0728H00",
      "title": "医药行业业绩稳中向好，医疗ETF国泰（159828）盘中流入超1000万份",
      "collection_id": "6a9a3ba1462e4bbfa78e9cad",
      "insert_len": 0,
      "status": "success"
    },
    {
      "url": "https://news.qq.com/rain/a/20260903A070R400",
      "title": "TA：马雷斯卡认为胡桑诺夫能踢内收右后卫；奥莱利能踢后腰",
      "collection_id": "6a9a3ba1462e4bbfa78e9d1a",
      "insert_len": 0,
      "status": "success"
    },
    {
      "url": "https://news.qq.com/rain/a/20260903A072F300",
      "title": "",
      "collection_id": null,
      "insert_len": 0,
      "status": "failed",
      "error": "新闻内容过短。"
    },
    {
      "url": "https://news.qq.com/rain/a/20260903A072JS00",
      "title": "印度二季度成全球第四大iPhone市场",
      "collection_id": "6a9a3ba2462e4bbfa78e9dbb",
      "insert_len": 0,
      "status": "success"
    },
    {
      "url": "https://news.qq.com/rain/a/20260903A072FJ00",
      "title": "",
      "collection_id": null,
      "insert_len": 0,
      "status": "failed",
      "error": "新闻内容过短。"
    },
    {
      "url": "https://news.qq.com/rain/a/20260903A070P200",
      "title": "紫百合又见巴蒂巴乔，场上重逢有多温情，场下被骂就有多难听",
      "collection_id": "6a9a3ba3462e4bbfa78e9ea6",
      "insert_len": 0,
      "status": "success"
    },
    {
      "url": "https://news.qq.com/rain/a/20260903A0728000",
      "title": "现代保时捷宝马都在干 为何性能电车要模拟手动换挡？",
      "collection_id": "6a9a3ba3462e4bbfa78e9e76",
      "insert_len": 0,
      "status": "success"
    },
    {
      "url": "https://news.qq.com/rain/a/20260903A072AE00",
      "title": "美国网球公开赛第10比赛日 | 中国男单晋级单打第2轮",
      "collection_id": "6a9a3ba3462e4bbfa78e9f52",
      "insert_len": 0,
      "status": "success"
    },
    {
      "url": "https://news.qq.com/rain/a/20260903A0726I00",
      "title": "",
      "collection_id": null,
      "insert_len": 0,
      "status": "failed",
      "error": "EOF occurred in violation of protocol (_ssl.c:1006)"
    },
    {
      "url": "https://news.qq.com/rain/a/20260903A072EW00",
      "title": "",
      "collection_id": null,
      "insert_len": 0,
      "status": "failed",
      "error": "新闻内容过短。"
    },
    {
      "url": "https://news.qq.com/rain/a/20260903A0712L00",
      "title": "特朗普再拿马岛“敲打”英国，跨大西洋信任危机凸显",
      "collection_id": "6a9a3ba4462e4bbfa78ea0bb",
      "insert_len": 0,
      "status": "success"
    },
    {
      "url": "https://news.qq.com/rain/a/20260903A072F600",
      "title": "",
      "collection_id": null,
      "insert_len": 0,
      "status": "failed",
      "error": "新闻内容过短。"
    },
    {
      "url": "https://news.qq.com/rain/a/20260903A071H500",
      "title": "“在龙江读书”｜高校圈美食天花板，更是黑土地增收的压舱石",
      "collection_id": "6a9a3ba5462e4bbfa78ea1e1",
      "insert_len": 0,
      "status": "success"
    },
    {
      "url": "https://news.qq.com/rain/a/20260903A072FU00",
      "title": "",
      "collection_id": null,
      "insert_len": 0,
      "status": "failed",
      "error": "新闻内容过短。"
    },
    {
      "url": "https://news.qq.com/rain/a/20260903A072GI00",
      "title": "自由现金流策略聚焦企业真实现金创造能力，现金流ETF嘉实(159221)构建兼具盈利质量与分红潜力的“现金牛”组合",
      "collection_id": "6a9a3ba8462e4bbfa78ea2c6",
      "insert_len": 0,
      "status": "success"
    },
    {
      "url": "https://news.qq.com/rain/a/20260903A072FA00",
      "title": "",
      "collection_id": null,
      "insert_len": 0,
      "status": "failed",
      "error": "新闻内容过短。"
    },
    {
      "url": "https://news.qq.com/rain/a/20260903A072FZ00",
      "title": "",
      "collection_id": null,
      "insert_len": 0,
      "status": "failed",
      "error": "新闻内容过短。"
    },
    {
      "url": "https://news.qq.com/rain/a/20260903A072EX00",
      "title": "",
      "collection_id": null,
      "insert_len": 0,
      "status": "failed",
      "error": "新闻内容过短。"
    },
    {
      "url": "https://news.qq.com/rain/a/20260903A072FT00",
      "title": "",
      "collection_id": null,
      "insert_len": 0,
      "status": "failed",
      "error": "新闻内容过短。"
    },
    {
      "url": "https://news.qq.com/rain/a/20260903A0725T00",
      "title": "一汽奔腾汽车股份有限公司新增被执行人信息，执行标的94万元",
      "collection_id": "6a9a3ba9462e4bbfa78ea3a6",
      "insert_len": 0,
      "status": "success"
    },
    {
      "url": "https://news.qq.com/rain/a/20260903A0727C00",
      "title": "博通上季AI半导体收入暴增221%！创业板ETF天弘（159977）标的指数盘中小幅下跌0.31%申购额达100万份",
      "collection_id": "6a9a3bab462e4bbfa78ea525",
      "insert_len": 0,
      "status": "success"
    },
    {
      "url": "https://news.qq.com/rain/a/20260903A072OO00",
      "title": "乌称敖德萨市再遭袭 已致17人受伤",
      "collection_id": "6a9a3baa462e4bbfa78ea416",
      "insert_len": 0,
      "status": "success"
    },
    {
      "url": "https://news.qq.com/rain/a/20260903A072FF00",
      "title": "",
      "collection_id": null,
      "insert_len": 0,
      "status": "failed",
      "error": "新闻内容过短。"
    },
    {
      "url": "https://news.qq.com/rain/a/20260903A0726V00",
      "title": "9月全球半导体产业链再掀涨价潮！科创芯片设计ETF天弘（589070）标的指数盘中跌近1%近20日净流入近2亿元",
      "collection_id": "6a9a3bab462e4bbfa78ea555",
      "insert_len": 0,
      "status": "success"
    },
    {
      "url": "https://news.qq.com/rain/a/20260903A03MOB00",
      "title": "超6.41亿美元！中国全额缴纳2026年会费，联合国感谢",
      "collection_id": "6a9a3bab462e4bbfa78ea67b",
      "insert_len": 0,
      "status": "success"
    },
    {
      "url": "https://news.qq.com/rain/a/20260903A0712N00",
      "title": "西汉文帝废了肉刑却留下三百五百笞——杖政史谈之十一",
      "collection_id": "6a9a3bab462e4bbfa78ea621",
      "insert_len": 0,
      "status": "success"
    },
    {
      "url": "https://news.qq.com/rain/a/20260903A072G500",
      "title": "港股通创新药ETF易方达(159316)跟踪指数已处近1年估值低位",
      "collection_id": "6a9a3bac462e4bbfa78ea76d",
      "insert_len": 0,
      "status": "success"
    },
    {
      "url": "https://news.qq.com/rain/a/20260903A072FH00",
      "title": "",
      "collection_id": null,
      "insert_len": 0,
      "status": "failed",
      "error": "新闻内容过短。"
    },
    {
      "url": "https://news.qq.com/rain/a/20260903A071GS00",
      "title": "幼儿园蹲守，家门口动手，5岁女童被当街抢走",
      "collection_id": "6a9a3bac462e4bbfa78ea804",
      "insert_len": 0,
      "status": "success"
    },
    {
      "url": "https://news.qq.com/rain/a/20260903A072FI00",
      "title": "储能电池ETF易方达(159566)跟踪指数已处近1年估值低位",
      "collection_id": "6a9a3bac462e4bbfa78ea87b",
      "insert_len": 0,
      "status": "success"
    },
    {
      "url": "https://news.qq.com/rain/a/20260903A071R700",
      "title": "7000亿复星，“瘦身”再出发！",
      "collection_id": "6a9a3bad462e4bbfa78ea988",
      "insert_len": 0,
      "status": "success"
    },
    {
      "url": "https://news.qq.com/rain/a/20260903A0723Z00",
      "title": "第十一届衢州·烂柯杯中国围棋冠军赛决赛启幕在即",
      "collection_id": "6a9a3bad462e4bbfa78ea9e4",
      "insert_len": 0,
      "status": "success"
    },
    {
      "url": "https://news.qq.com/rain/a/20260903A0719900",
      "title": "视频丨受“沙德尔”影响 福建沿海多条航线停航项目停工",
      "collection_id": "6a9a3bad462e4bbfa78eaad6",
      "insert_len": 0,
      "status": "success"
    },
    {
      "url": "https://news.qq.com/rain/a/20260903A072GO00",
      "title": "",
      "collection_id": null,
      "insert_len": 0,
      "status": "failed",
      "error": "新闻内容过短。"
    },
    {
      "url": "https://news.qq.com/rain/a/20260903A0725M00",
      "title": "财中ETF风向标｜港股通创新药医疗ETF富国(159506) 盘中涨1.48% 创新药政策利好持续催化",
      "collection_id": "6a9a3bae462e4bbfa78eabd2",
      "insert_len": 0,
      "status": "success"
    },
    {
      "url": "https://news.qq.com/rain/a/20260903A071R900",
      "title": "试桩开钻！长江新区站来了，武汉北部新增一座高颜值高铁站",
      "collection_id": "6a9a3bae462e4bbfa78ead14",
      "insert_len": 0,
      "status": "success"
    },
    {
      "url": "https://news.qq.com/rain/a/20260903A072F500",
      "title": "",
      "collection_id": null,
      "insert_len": 0,
      "status": "failed",
      "error": "新闻内容过短。"
    },
    {
      "url": "https://news.qq.com/rain/a/20260903A0734O00",
      "title": "冲击工业三万亿俱乐部，又一座地级市来了",
      "collection_id": "6a9a3baf462e4bbfa78ead93",
      "insert_len": 0,
      "status": "success"
    },
    {
      "url": "https://news.qq.com/rain/a/20260903A072BP00",
      "title": "关税“猛药”治不了美国制造“虚火”",
      "collection_id": "6a9a3baf462e4bbfa78eae2c",
      "insert_len": 0,
      "status": "success"
    },
    {
      "url": "https://news.qq.com/rain/a/20260903A072KO00",
      "title": "",
      "collection_id": null,
      "insert_len": 0,
      "status": "failed",
      "error": "EOF occurred in violation of protocol (_ssl.c:1006)"
    },
    {
      "url": "https://news.qq.com/rain/a/20260903A072XO00",
      "title": "《广西住房发展“十五五”规划》拟改造城市危旧房不少于4万套",
      "collection_id": "6a9a3bb0462e4bbfa78eaed6",
      "insert_len": 0,
      "status": "success"
    },
    {
      "url": "https://news.qq.com/rain/a/20260903A071OU00",
      "title": "同样都是歼-10CE，巴铁版为啥和乌兹别克斯坦版不一样？",
      "collection_id": "6a9a3bb0462e4bbfa78eaf7d",
      "insert_len": 0,
      "status": "success"
    },
    {
      "url": "https://news.qq.com/rain/a/20260903A071PT00",
      "title": "",
      "collection_id": null,
      "insert_len": 0,
      "status": "failed",
      "error": "EOF occurred in violation of protocol (_ssl.c:1006)"
    },
    {
      "url": "https://news.qq.com/rain/a/20260903A070PJ00",
      "title": "94只基金盈利投资者占比超90%，博时基金中报亮出持有人成绩单",
      "collection_id": "6a9a3bb4462e4bbfa78eb1c0",
      "insert_len": 0,
      "status": "success"
    },
    {
      "url": "https://news.qq.com/rain/a/20260903A072CP00",
      "title": "列车停运、高速交通管制、“三停一休”！福建继续发布“暴雨预警Ⅰ级”",
      "collection_id": "6a9a3bb5462e4bbfa78eb240",
      "insert_len": 0,
      "status": "success"
    },
    {
      "url": "https://news.qq.com/rain/a/20260903A0536900",
      "title": "“赛考斯”返美：“我把一部分的心留在了中国”",
      "collection_id": "6a9a3bb5462e4bbfa78eb27e",
      "insert_len": 0,
      "status": "success"
    },
    {
      "url": "https://news.qq.com/rain/a/20260903A06Y9Y00",
      "title": "乌克兰两大情报机构爆发枪战，泽连斯基“严斥涉事机构负责人”",
      "collection_id": "6a9a3bb6462e4bbfa78eb2bf",
      "insert_len": 0,
      "status": "success"
    },
    {
      "url": "https://news.qq.com/rain/a/20260903A072M100",
      "title": "泰国政府将建“铁路沿线安居房”，1个月内动工援助玛卡森火灾灾民",
      "collection_id": "6a9a3bb6462e4bbfa78eb2f7",
      "insert_len": 0,
      "status": "success"
    },
    {
      "url": "https://news.qq.com/rain/a/20260903A071KJ00",
      "title": "4年926万！官宣加盟骑士！哈登等到彩票大中锋",
      "collection_id": "6a9a3bb6462e4bbfa78eb35b",
      "insert_len": 0,
      "status": "success"
    },
    {
      "url": "https://news.qq.com/rain/a/20260903A0727500",
      "title": "盐城市亭湖区五星街道新河社区开展帮扶独居老人志愿服务",
      "collection_id": "6a9a3bb6462e4bbfa78eb3c4",
      "insert_len": 0,
      "status": "success"
    },
    {
      "url": "https://news.qq.com/rain/a/20260903A0732F00",
      "title": "自然资源部组织开展我国台湾岛以东管辖海域海洋地球物理综合调查",
      "collection_id": "6a9a3bb7462e4bbfa78eb44f",
      "insert_len": 0,
      "status": "success"
    },
    {
      "url": "https://news.qq.com/rain/a/20260903A072XK00",
      "title": "贵港市公安局港北分局发布通告",
      "collection_id": "6a9a3bb7462e4bbfa78eb4ad",
      "insert_len": 0,
      "status": "success"
    },
    {
      "url": "https://news.qq.com/rain/a/20260903A070VK00",
      "title": "美媒拍到神秘基地，4个80米宽机库，隐形战略轰炸机要来了？",
      "collection_id": "6a9a3bb7462e4bbfa78eb52f",
      "insert_len": 0,
      "status": "success"
    },
    {
      "url": "https://news.qq.com/rain/a/20260903A070HL00",
      "title": "《醒来》大结局太虐！全员悲情，金宝意难平，陈开来、苏门等待唤醒！",
      "collection_id": "6a9a3bb7462e4bbfa78eb59e",
      "insert_len": 0,
      "status": "success"
    },
    {
      "url": "https://news.qq.com/rain/a/20260903A073EJ00",
      "title": "",
      "collection_id": null,
      "insert_len": 0,
      "status": "failed",
      "error": "新闻内容过短。"
    },
    {
      "url": "https://news.qq.com/rain/a/20260903A071QM00",
      "title": "一张票根在深圳，可以有多“香”？",
      "collection_id": "6a9a3bb8462e4bbfa78eb66b",
      "insert_len": 0,
      "status": "success"
    },
    {
      "url": "https://news.qq.com/rain/a/20260903A073DK00",
      "title": "",
      "collection_id": null,
      "insert_len": 0,
      "status": "failed",
      "error": "EOF occurred in violation of protocol (_ssl.c:1006)"
    },
    {
      "url": "https://news.qq.com/rain/a/20260903A072UI00",
      "title": "“家长班级群自报干部身份”最新进展：纪检组已介入，正在调查",
      "collection_id": "6a9a3bb8462e4bbfa78eb6ec",
      "insert_len": 0,
      "status": "success"
    },
    {
      "url": "https://news.qq.com/rain/a/20260903A071MY00",
      "title": "民政部：近期两项强制性国标发布，对养老机构电源火源管理等提出明确要求",
      "collection_id": "6a9a3bb9462e4bbfa78eb75c",
      "insert_len": 0,
      "status": "success"
    },
    {
      "url": "https://news.qq.com/rain/a/20260903A06I0K00",
      "title": "女子残害7旬夫妇因精神疾病未获刑，司法鉴定行凶者患妄想性障碍，公安机关撤案，嫌疑人曾由家属接回治疗",
      "collection_id": "6a9a3bb9462e4bbfa78eb78c",
      "insert_len": 0,
      "status": "success"
    },
    {
      "url": "https://news.qq.com/rain/a/20260903A072KY00",
      "title": "夫妻一起看：保护生育力的诀窍，藏在这些小事里",
      "collection_id": "6a9a3bba462e4bbfa78eb81d",
      "insert_len": 0,
      "status": "success"
    },
    {
      "url": "https://news.qq.com/rain/a/20260903A05M4P00",
      "title": "耳朵总是痒，却啥也掏不出来？可能暗示这些问题，快自查",
      "collection_id": "6a9a3bba462e4bbfa78eb88a",
      "insert_len": 0,
      "status": "success"
    },
    {
      "url": "https://news.qq.com/rain/a/20260903A0726000",
      "title": "财中ETF风向标｜恒生创新药ETF华泰柏瑞(520500)盘中涨1.50% 政策利好催化创新药行情",
      "collection_id": "6a9a3bbb462e4bbfa78eb90b",
      "insert_len": 0,
      "status": "success"
    },
    {
      "url": "https://news.qq.com/rain/a/20260903A0738S00",
      "title": "华策影视等成立新公司，含AI软件开发业务",
      "collection_id": "6a9a3bbb462e4bbfa78eb983",
      "insert_len": 0,
      "status": "success"
    },
    {
      "url": "https://news.qq.com/rain/a/20260903A072L600",
      "title": "奥科吉：詹姆斯就像奇异博士，他已经见过所有比赛答案",
      "collection_id": "6a9a3bbc462e4bbfa78eba77",
      "insert_len": 0,
      "status": "success"
    },
    {
      "url": "https://news.qq.com/rain/a/20260903A073G200",
      "title": "文班成第三了，塔科-法尔加盟76人后成NBA现役最高球员",
      "collection_id": "6a9a3bbc462e4bbfa78ebb1f",
      "insert_len": 0,
      "status": "success"
    },
    {
      "url": "https://news.qq.com/rain/a/20260903A0739V00",
      "title": "理响中国·一笔一画｜释放内需潜能，经济高质量发展动能澎湃",
      "collection_id": "6a9a3bbd462e4bbfa78ebba1",
      "insert_len": 0,
      "status": "success"
    },
    {
      "url": "https://news.qq.com/rain/a/20260903A073C500",
      "title": "",
      "collection_id": null,
      "insert_len": 0,
      "status": "failed",
      "error": "EOF occurred in violation of protocol (_ssl.c:1006)"
    },
    {
      "url": "https://news.qq.com/rain/a/20260903A073G700",
      "title": "",
      "collection_id": null,
      "insert_len": 0,
      "status": "failed",
      "error": "EOF occurred in violation of protocol (_ssl.c:1006)"
    },
    {
      "url": "https://news.qq.com/rain/a/20260903A072NX00",
      "title": "邮报独家：6月份萨尔经纪人就开闹想走，水晶宫坚持强留主力",
      "collection_id": "6a9a3bc2462e4bbfa78ec02e",
      "insert_len": 0,
      "status": "success"
    },
    {
      "url": "https://news.qq.com/rain/a/20260903A072T800",
      "title": "",
      "collection_id": null,
      "insert_len": 0,
      "status": "failed",
      "error": "EOF occurred in violation of protocol (_ssl.c:1006)"
    },
    {
      "url": "https://news.qq.com/rain/a/20260903A05K1400",
      "title": "惊了！26岁小伙体内取出248颗结石，整个器官被塞满！医生提醒：顿顿吃这些，入秋后高发",
      "collection_id": "6a9a3bc3462e4bbfa78ec150",
      "insert_len": 0,
      "status": "success"
    },
    {
      "url": "https://news.qq.com/rain/a/20260903A0738800",
      "title": "联创电子新设精密制造公司，含AI硬件销售业务",
      "collection_id": "6a9a3bc3462e4bbfa78ec227",
      "insert_len": 0,
      "status": "success"
    },
    {
      "url": "https://news.qq.com/rain/a/20260903A0746000",
      "title": "化解纠纷893件 办案1300余件！济南知识产权法治服务成效显著",
      "collection_id": "6a9a3bc4462e4bbfa78ec372",
      "insert_len": 0,
      "status": "success"
    },
    {
      "url": "https://news.qq.com/rain/a/20260903A073IH00",
      "title": "小额贴息贷款“撬动”乡村振兴金融新样本",
      "collection_id": "6a9a3bc4462e4bbfa78ec446",
      "insert_len": 0,
      "status": "success"
    },
    {
      "url": "https://news.qq.com/rain/a/20260903A0739F00",
      "title": "机构：AI基础设施景气延续，国产算力与折叠终端迎来验证窗口",
      "collection_id": "6a9a3bc5462e4bbfa78ec58b",
      "insert_len": 0,
      "status": "success"
    },
    {
      "url": "https://news.qq.com/rain/a/20260903A072CW00",
      "title": "芷江受降纪念馆，这段视频他找了26年",
      "collection_id": "6a9a3bc6462e4bbfa78ec668",
      "insert_len": 0,
      "status": "success"
    },
    {
      "url": "https://news.qq.com/rain/a/20260903A0739D00",
      "title": "",
      "collection_id": null,
      "insert_len": 0,
      "status": "failed",
      "error": "EOF occurred in violation of protocol (_ssl.c:1006)"
    },
    {
      "url": "https://news.qq.com/rain/a/20260903A072QD00",
      "title": "生日当天新东家被重罚，英格拉姆被快船坑惨，球迷喊话快跑路",
      "collection_id": "6a9a3bc8462e4bbfa78ec70f",
      "insert_len": 0,
      "status": "success"
    },
    {
      "url": "https://news.qq.com/rain/a/20260903A0738500",
      "title": "",
      "collection_id": null,
      "insert_len": 0,
      "status": "failed",
      "error": "EOF occurred in violation of protocol (_ssl.c:1006)"
    },
    {
      "url": "https://news.qq.com/rain/a/20260903A0736J00",
      "title": "",
      "collection_id": null,
      "insert_len": 0,
      "status": "failed",
      "error": "EOF occurred in violation of protocol (_ssl.c:1006)"
    },
    {
      "url": "https://news.qq.com/rain/a/20260903A0727T00",
      "title": "港媒：反中乱港分子何韵诗等5人上诉被驳回",
      "collection_id": "6a9a3bd3462e4bbfa78ecb9b",
      "insert_len": 0,
      "status": "success"
    },
    {
      "url": "https://news.qq.com/rain/a/20260903A072L300",
      "title": "秋季容易感冒？养肺可提高免疫力",
      "collection_id": "6a9a3bd0462e4bbfa78ec9d5",
      "insert_len": 0,
      "status": "success"
    },
    {
      "url": "https://news.qq.com/rain/a/20260903A0740M00",
      "title": "",
      "collection_id": null,
      "insert_len": 0,
      "status": "failed",
      "error": "EOF occurred in violation of protocol (_ssl.c:1006)"
    },
    {
      "url": "https://news.qq.com/rain/a/20260903A06ZBG00",
      "title": "",
      "collection_id": null,
      "insert_len": 0,
      "status": "failed",
      "error": "EOF occurred in violation of protocol (_ssl.c:1006)"
    },
    {
      "url": "https://news.qq.com/rain/a/20260903A073MW00",
      "title": "地铁都修过去了，肥东肥西在很多人心里依旧是县城？",
      "collection_id": "6a9a3bd6462e4bbfa78ecc95",
      "insert_len": 0,
      "status": "success"
    },
    {
      "url": "https://news.qq.com/rain/a/20260903A071Q400",
      "title": "高位人气股下挫！003032、605179跌停",
      "collection_id": "6a9a3bd6462e4bbfa78ecd07",
      "insert_len": 0,
      "status": "success"
    },
    {
      "url": "https://news.qq.com/rain/a/20260903A072DP00",
      "title": "“这是我的最后一班哨，一切正常！”老兵，祝一切顺利！",
      "collection_id": "6a9a3bd7462e4bbfa78ecd9b",
      "insert_len": 0,
      "status": "success"
    },
    {
      "url": "https://news.qq.com/rain/a/20260903A073GX00",
      "title": "U20女足参加世青赛名单：欧阳玉环、卢家玉、余星悦在列",
      "collection_id": "6a9a3bd7462e4bbfa78ecdd8",
      "insert_len": 0,
      "status": "success"
    },
    {
      "url": "https://news.qq.com/rain/a/20260903A0727S00",
      "title": "财中ETF风向标｜港股医疗ETF银华(513620)盘中涨0.92% 创新药产业链景气获券商确认",
      "collection_id": "6a9a3bd8462e4bbfa78ece09",
      "insert_len": 0,
      "status": "success"
    },
    {
      "url": "https://news.qq.com/rain/a/20260903A073G400",
      "title": "莱加内斯主席：目前未接触卡瓦哈尔，未来什么都有可能发生",
      "collection_id": "6a9a3bd8462e4bbfa78ece8e",
      "insert_len": 0,
      "status": "success"
    },
    {
      "url": "https://news.qq.com/rain/a/20260903A072G900",
      "title": "成立不到一年连融三轮，专治失眠的 AI 床头灯「火」了",
      "collection_id": "6a9a3bd8462e4bbfa78ecebe",
      "insert_len": 0,
      "status": "success"
    },
    {
      "url": "https://news.qq.com/rain/a/20260903A06UJU00",
      "title": "曝王嘉尔公司高管疑涉案逃往海外！与王嘉尔是好兄弟，曾共同创业",
      "collection_id": "6a9a3bd9462e4bbfa78ecf1b",
      "insert_len": 0,
      "status": "success"
    },
    {
      "url": "https://news.qq.com/rain/a/20260903A0741900",
      "title": "2000万索赔被驳回！lululemon诉国产瑜伽服品牌侵权，一审败诉，法院：双方图形商标核心识别部分差异显著",
      "collection_id": "6a9a3bd9462e4bbfa78ecf8b",
      "insert_len": 0,
      "status": "success"
    },
    {
      "url": "https://news.qq.com/rain/a/20260903A06SC200",
      "title": "体育单招180分只是门槛，文化课到底该考多少？",
      "collection_id": "6a9a3bd9462e4bbfa78ecfd3",
      "insert_len": 0,
      "status": "success"
    },
    {
      "url": "https://news.qq.com/rain/a/20260903A073ST00",
      "title": "CCTV+5直播，泰山队争联赛第二，依木兰+杨瑞琦别丢信心，深圳体能占优",
      "collection_id": "6a9a3bda462e4bbfa78ed043",
      "insert_len": 0,
      "status": "success"
    },
    {
      "url": "https://news.qq.com/rain/a/20260903A0726100",
      "title": "辟谣！网传“贵州秋假连着中秋国庆连休13天?”系不实信息",
      "collection_id": "6a9a3bda462e4bbfa78ed074",
      "insert_len": 0,
      "status": "success"
    },
    {
      "url": "https://news.qq.com/rain/a/20260903A0747M00",
      "title": "",
      "collection_id": null,
      "insert_len": 0,
      "status": "failed",
      "error": "新闻正文为空。"
    },
    {
      "url": "https://news.qq.com/rain/a/20260903A0748600",
      "title": "河声丨招聘禁用“高薪”“面议”模糊表述是一种多赢之举",
      "collection_id": "6a9a3bdb462e4bbfa78ed0cc",
      "insert_len": 0,
      "status": "success"
    },
    {
      "url": "https://news.qq.com/rain/a/20260903A0720K00",
      "title": "",
      "collection_id": null,
      "insert_len": 0,
      "status": "failed",
      "error": "新闻内容过短。"
    },
    {
      "url": "https://news.qq.com/rain/a/20260903A0745500",
      "title": "社区晨报读者日走进张江园区 赋能科创人才安居理想",
      "collection_id": "6a9a3bdb462e4bbfa78ed105",
      "insert_len": 0,
      "status": "success"
    },
    {
      "url": "https://news.qq.com/rain/a/20260903A0744100",
      "title": "解难题 办实事！济南政法系统解决企业诉求318条 办理法务事务2268件",
      "collection_id": "6a9a3bdb462e4bbfa78ed135",
      "insert_len": 0,
      "status": "success"
    },
    {
      "url": "https://news.qq.com/rain/a/20260903A0742D00",
      "title": "上市公司突发公告：涉嫌欺诈发行，公司及7名时任高管被提起公诉",
      "collection_id": "6a9a3bdc462e4bbfa78ed19f",
      "insert_len": 0,
      "status": "success"
    },
    {
      "url": "https://news.qq.com/rain/a/20260903A073FD00",
      "title": "精耕见韧性：看威海银行的“攻守之道”",
      "collection_id": "6a9a3bdc462e4bbfa78ed1db",
      "insert_len": 0,
      "status": "success"
    },
    {
      "url": "https://news.qq.com/rain/a/20260903A05CVT00",
      "title": "花费万元定制PPT的老师，困在AI课堂的表演里",
      "collection_id": "6a9a3bdc462e4bbfa78ed22d",
      "insert_len": 0,
      "status": "success"
    },
    {
      "url": "https://news.qq.com/rain/a/20260903A072HK00",
      "title": "明日直播预告：科普之光·智涌江海，下午两点准时开播",
      "collection_id": "6a9a3bdd462e4bbfa78ed299",
      "insert_len": 0,
      "status": "success"
    },
    {
      "url": "https://news.qq.com/rain/a/20260903A074DC00",
      "title": "地平线征程芯片量产达1500万套，定点储备充足",
      "collection_id": "6a9a3bdd462e4bbfa78ed2d5",
      "insert_len": 0,
      "status": "success"
    },
    {
      "url": "https://news.qq.com/rain/a/20260903A0726B00",
      "title": "财中ETF风向标｜港股通互联网ETF富国(159792)盘中下挫1.24%，冲击四连跌",
      "collection_id": "6a9a3bdd462e4bbfa78ed33a",
      "insert_len": 0,
      "status": "success"
    },
    {
      "url": "https://news.qq.com/rain/a/20260903A073GR00",
      "title": "OceanBase登顶亚太，国产数据库如何破局全球？",
      "collection_id": "6a9a3bdd462e4bbfa78ed3e4",
      "insert_len": 0,
      "status": "success"
    },
    {
      "url": "https://news.qq.com/rain/a/20260903A071SH00",
      "title": "中东这些事儿｜【知识点】联合国的由来；联合国还能不能亮剑？",
      "collection_id": "6a9a3bde462e4bbfa78ed448",
      "insert_len": 0,
      "status": "success"
    },
    {
      "url": "https://news.qq.com/rain/a/20260903A0745L00",
      "title": "精准靶向赋能！济南法院为“13+34”产业链开展法治体检",
      "collection_id": "6a9a3bde462e4bbfa78ed55d",
      "insert_len": 0,
      "status": "success"
    },
    {
      "url": "https://news.qq.com/rain/a/20260903A0743Q00",
      "title": "数智赋能+精准防控！济南公安以精细化警务服务护航企业高质量发展",
      "collection_id": "6a9a3bde462e4bbfa78ed5b2",
      "insert_len": 0,
      "status": "success"
    },
    {
      "url": "https://news.qq.com/rain/a/20260903A0715800",
      "title": "郭涛：为乳腺癌患者在根治与美学之间架起“高清”桥梁 | 致敬第九个中国医师节·健康中国 你我同行㉔",
      "collection_id": "6a9a3bdf462e4bbfa78ed712",
      "insert_len": 0,
      "status": "success"
    },
    {
      "url": "https://news.qq.com/rain/a/20260903A074HN00",
      "title": "博通在法兰克福上市的股票价格下跌2%",
      "collection_id": "6a9a3be0462e4bbfa78ed8d7",
      "insert_len": 0,
      "status": "success"
    },
    {
      "url": "https://news.qq.com/rain/a/20260903A071O100",
      "title": "",
      "collection_id": null,
      "insert_len": 0,
      "status": "failed",
      "error": "EOF occurred in violation of protocol (_ssl.c:1006)"
    },
    {
      "url": "https://news.qq.com/rain/a/20260903A074DB00",
      "title": "谷歌发布两款全新Gemini模型，强化编程与网络安全能力",
      "collection_id": "6a9a3be1462e4bbfa78edb20",
      "insert_len": 0,
      "status": "success"
    },
    {
      "url": "https://news.qq.com/rain/a/20260903A073NM00",
      "title": "",
      "collection_id": null,
      "insert_len": 0,
      "status": "failed",
      "error": "EOF occurred in violation of protocol (_ssl.c:1006)"
    },
    {
      "url": "https://news.qq.com/rain/a/20260903A0741L00",
      "title": "A股液冷概念掀涨停潮，300亿龙头创新高，半导体巨头炸板后再回封，大金融板块集体走强",
      "collection_id": "6a9a3be4462e4bbfa78edd49",
      "insert_len": 0,
      "status": "success"
    },
    {
      "url": "https://news.qq.com/rain/a/20260903A074IP00",
      "title": "何超琼：不是生在豪门就是幸运，也要去争取，提供你的价值，不然你可能也没机会，“父亲何鸿燊永远是人群中最抢眼的人，很好看，很潇洒”",
      "collection_id": "6a9a3be6462e4bbfa78edea5",
      "insert_len": 0,
      "status": "success"
    },
    {
      "url": "https://news.qq.com/rain/a/20260903A0746T00",
      "title": "日均2亿人次绿色出行，丈量城市治理的民生刻度",
      "collection_id": "6a9a3be6462e4bbfa78edff1",
      "insert_len": 0,
      "status": "success"
    },
    {
      "url": "https://news.qq.com/rain/a/20260903A0747H00",
      "title": "",
      "collection_id": null,
      "insert_len": 0,
      "status": "failed",
      "error": "EOF occurred in violation of protocol (_ssl.c:1006)"
    },
    {
      "url": "https://news.qq.com/rain/a/20260903A0740O00",
      "title": "文旅观察丨暑期游“交作业” 游客的钱在成都花哪了",
      "collection_id": "6a9a3be7462e4bbfa78ee18e",
      "insert_len": 0,
      "status": "success"
    },
    {
      "url": "https://news.qq.com/rain/a/20260903A074DL00",
      "title": "广东：有序推进政府收储改造 鼓励国有企业盘活利用存量土地",
      "collection_id": "6a9a3be8462e4bbfa78ee249",
      "insert_len": 0,
      "status": "success"
    },
    {
      "url": "https://news.qq.com/rain/a/20260903A073G900",
      "title": "港股异动 | 中海油田服务午后跌超4% 油井服务及海洋业务逊预期 大摩下调后续盈利预测",
      "collection_id": "6a9a3be9462e4bbfa78ee394",
      "insert_len": 0,
      "status": "success"
    },
    {
      "url": "https://news.qq.com/rain/a/20260903A073B700",
      "title": "水利部针对江西启动洪水防御Ⅳ级应急响应",
      "collection_id": "6a9a3be9462e4bbfa78ee40b",
      "insert_len": 0,
      "status": "success"
    },
    {
      "url": "https://news.qq.com/rain/a/20260903A071UM00",
      "title": "“外卖诗人”王计兵：领完鲁迅文学奖，我接着送外卖",
      "collection_id": "6a9a3bea462e4bbfa78ee4dc",
      "insert_len": 0,
      "status": "success"
    },
    {
      "url": "https://news.qq.com/rain/a/20260903A073ID00",
      "title": "400只小动物挤在一个小救助站 于文文：如果不爱，至少不要伤害",
      "collection_id": "6a9a3bea462e4bbfa78ee5fd",
      "insert_len": 0,
      "status": "success"
    },
    {
      "url": "https://news.qq.com/rain/a/20260903A0747700",
      "title": "古音渡南洋，文脉暖相知",
      "collection_id": "6a9a3beb462e4bbfa78ee6e8",
      "insert_len": 0,
      "status": "success"
    },
    {
      "url": "https://news.qq.com/rain/a/20260903A072DJ00",
      "title": "",
      "collection_id": null,
      "insert_len": 0,
      "status": "failed",
      "error": "EOF occurred in violation of protocol (_ssl.c:1006)"
    },
    {
      "url": "https://news.qq.com/rain/a/20260903A0744400",
      "title": "没有时间的人：一个人为什么用我很忙来证明自身价值？",
      "collection_id": "6a9a3bec462e4bbfa78ee8d3",
      "insert_len": 0,
      "status": "success"
    },
    {
      "url": "https://news.qq.com/rain/a/20260903A0739200",
      "title": "有望被调入港股通，中科闻歌涨超6%",
      "collection_id": "6a9a3bed462e4bbfa78eea2a",
      "insert_len": 0,
      "status": "success"
    },
    {
      "url": "https://news.qq.com/rain/a/20260903A0742J00",
      "title": "A股午评：上证指数上涨0.43%，培育钻石概念涨幅居前",
      "collection_id": "6a9a3bee462e4bbfa78eeb07",
      "insert_len": 0,
      "status": "success"
    },
    {
      "url": "https://news.qq.com/rain/a/20260903A0745I00",
      "title": "渝鲁同行·产销互联 重庆市商务委赴花田玑密调研 探访平阴玫瑰电商跃升样本",
      "collection_id": "6a9a3bee462e4bbfa78eeb8a",
      "insert_len": 0,
      "status": "success"
    },
    {
      "url": "https://news.qq.com/rain/a/20260903A0747G00",
      "title": "河声丨81年了，这三个“必胜”依然滚烫",
      "collection_id": "6a9a3bef462e4bbfa78eebfc",
      "insert_len": 0,
      "status": "success"
    },
    {
      "url": "https://news.qq.com/rain/a/20260903A0743O00",
      "title": "世界气象组织警告：厄尔尼诺将发展为超强级别",
      "collection_id": "6a9a3bef462e4bbfa78eec58",
      "insert_len": 0,
      "status": "success"
    },
    {
      "url": "https://news.qq.com/rain/a/20260903A074HY00",
      "title": "广东：鼓励探索“先征收、再置换”等方式 实施国有建设用地与集体建设用地置换",
      "collection_id": "6a9a3bf0462e4bbfa78eece3",
      "insert_len": 0,
      "status": "success"
    },
    {
      "url": "https://news.qq.com/rain/a/20260903A074EL00",
      "title": "江西省气象台发布大风蓝色预警信号",
      "collection_id": "6a9a3bf0462e4bbfa78eed62",
      "insert_len": 0,
      "status": "success"
    },
    {
      "url": "https://news.qq.com/rain/a/20260903A074ID00",
      "title": "养殖ETF国泰（159865）标的指数飘绿，“养猪”行情持续，盘中流入近1亿份",
      "collection_id": "6a9a3bf0462e4bbfa78eed31",
      "insert_len": 0,
      "status": "success"
    },
    {
      "url": "https://news.qq.com/rain/a/20260903A074KK00",
      "title": "受台风“沙德尔”影响 福建莆田停工（业）、停产、停课、休市",
      "collection_id": "6a9a3bf1462e4bbfa78eeda2",
      "insert_len": 0,
      "status": "success"
    },
    {
      "url": "https://news.qq.com/rain/a/20260903A0737G00",
      "title": "",
      "collection_id": null,
      "insert_len": 0,
      "status": "failed",
      "error": "新闻内容过短。"
    },
    {
      "url": "https://news.qq.com/rain/a/20260903A074SD00",
      "title": "江西71地1236站降雨超过100毫米，今明两天仍有暴雨到大暴雨",
      "collection_id": "6a9a3bf1462e4bbfa78eee0e",
      "insert_len": 0,
      "status": "success"
    },
    {
      "url": "https://news.qq.com/rain/a/20260903A0747N00",
      "title": "河声丨“空中校车”，奇观里藏着中国基建的温度",
      "collection_id": "6a9a3bf1462e4bbfa78eee4a",
      "insert_len": 0,
      "status": "success"
    },
    {
      "url": "https://news.qq.com/rain/a/20260903A074WN00",
      "title": "个人信息保护政策法规问答（2026年4月）",
      "collection_id": "6a9a3bf2462e4bbfa78eeea7",
      "insert_len": 0,
      "status": "success"
    },
    {
      "url": "https://news.qq.com/rain/a/20260903A074VB00",
      "title": "起凤桥边洗过衣捉过蟹，她把日子住进了网名里 | 泉居记",
      "collection_id": "6a9a3bf2462e4bbfa78eeee7",
      "insert_len": 0,
      "status": "success"
    },
    {
      "url": "https://news.qq.com/rain/a/20260903A071RA00",
      "title": "《醒来》咆哮三连，娜扎伪女主！剧情稀碎，爱恨情仇比谍战多！",
      "collection_id": "6a9a3bf2462e4bbfa78eef2b",
      "insert_len": 0,
      "status": "success"
    },
    {
      "url": "https://news.qq.com/rain/a/20260903A074MZ00",
      "title": "智驾双雄，为何亏损差了120倍",
      "collection_id": "6a9a3bf2462e4bbfa78eefce",
      "insert_len": 0,
      "status": "success"
    },
    {
      "url": "https://news.qq.com/rain/a/20260903A074E200",
      "title": "重庆市县奉节县气象台发布森林（草原）火险红色预警信号",
      "collection_id": "6a9a3bf2462e4bbfa78eefc4",
      "insert_len": 0,
      "status": "success"
    },
    {
      "url": "https://news.qq.com/rain/a/20260903A074R300",
      "title": "道达尔能源完成收购纳米比亚PEL83区块40%权益",
      "collection_id": "6a9a3bf3462e4bbfa78ef0ab",
      "insert_len": 0,
      "status": "success"
    },
    {
      "url": "https://news.qq.com/rain/a/20260903A074TO00",
      "title": "《海河流域水土保持公报（2025年）》发布",
      "collection_id": "6a9a3bf3462e4bbfa78ef07b",
      "insert_len": 0,
      "status": "success"
    },
    {
      "url": "https://news.qq.com/rain/a/20260903A074T800",
      "title": "南泽仁：我的文字不只是一个人的乡愁",
      "collection_id": "6a9a3bf3462e4bbfa78ef142",
      "insert_len": 0,
      "status": "success"
    },
    {
      "url": "https://news.qq.com/rain/a/20260903A0737W00",
      "title": "行进的海岸线｜从一块钢板到全球最大海上柔性直流换流站 “海风之心”创多项世界第一",
      "collection_id": "6a9a3bf3462e4bbfa78ef144",
      "insert_len": 0,
      "status": "success"
    },
    {
      "url": "https://news.qq.com/rain/a/20260903A074HS00",
      "title": "印尼最大镍工业园或减产多达四成！有色金属ETF天弘（159157）标的指数盘中逆市涨近1%，估值处于近1年最低点",
      "collection_id": "6a9a3bf4462e4bbfa78ef1f4",
      "insert_len": 0,
      "status": "success"
    },
    {
      "url": "https://news.qq.com/rain/a/20260903A074SX00",
      "title": "广州数智应急科技集团有限公司成立，注册资本3亿元",
      "collection_id": "6a9a3bf4462e4bbfa78ef1f9",
      "insert_len": 0,
      "status": "success"
    },
    {
      "url": "https://news.qq.com/rain/a/20260903A074P400",
      "title": "",
      "collection_id": null,
      "insert_len": 0,
      "status": "failed",
      "error": "新闻内容过短。"
    },
    {
      "url": "https://news.qq.com/rain/a/20260903A0743M00",
      "title": "2026年济南市“质量月”活动精彩开启",
      "collection_id": "6a9a3bf4462e4bbfa78ef2be",
      "insert_len": 0,
      "status": "success"
    },
    {
      "url": "https://news.qq.com/rain/a/20260903A06TTY00",
      "title": "法国为什么对中埃联合军演既兴奋又担心？",
      "collection_id": "6a9a3bf4462e4bbfa78ef30d",
      "insert_len": 0,
      "status": "success"
    },
    {
      "url": "https://news.qq.com/rain/a/20260903A074QR00",
      "title": "湖北洪湖莲藕进入采收季",
      "collection_id": "6a9a3bf5462e4bbfa78ef36e",
      "insert_len": 0,
      "status": "success"
    },
    {
      "url": "https://news.qq.com/rain/a/20260903A074M500",
      "title": "1-2！美网再爆冷门：大满贯单打冠军被逆转，3位中国选手2胜1负",
      "collection_id": "6a9a3bf5462e4bbfa78ef3e7",
      "insert_len": 0,
      "status": "success"
    },
    {
      "url": "https://news.qq.com/rain/a/20260903A074PZ00",
      "title": "德化白瓷主题展在上海举行",
      "collection_id": "6a9a3bf5462e4bbfa78ef43d",
      "insert_len": 0,
      "status": "success"
    },
    {
      "url": "https://news.qq.com/rain/a/20260903A074TE00",
      "title": "TA：水晶宫桑德兰组织联合体检；福法纳打完电动选择去黑猫",
      "collection_id": "6a9a3bf5462e4bbfa78ef4bb",
      "insert_len": 0,
      "status": "success"
    },
    {
      "url": "https://news.qq.com/rain/a/20260903A074QY00",
      "title": "",
      "collection_id": null,
      "insert_len": 0,
      "status": "failed",
      "error": "EOF occurred in violation of protocol (_ssl.c:1006)"
    },
    {
      "url": "https://news.qq.com/rain/a/20260903A074LR00",
      "title": "福建三明启动防暴雨Ⅳ级应急响应 多地迎强降雨天气",
      "collection_id": "6a9a3bf6462e4bbfa78ef518",
      "insert_len": 0,
      "status": "success"
    },
    {
      "url": "https://news.qq.com/rain/a/20260903A074J400",
      "title": "开发区最后一宗宅地入市，2.1万㎡的宜禾鸣樾台到底怎么样？",
      "collection_id": "6a9a3bf6462e4bbfa78ef5ad",
      "insert_len": 0,
      "status": "success"
    },
    {
      "url": "https://news.qq.com/rain/a/20260903A074W900",
      "title": "庐山云庐天街品牌签约仪式举行",
      "collection_id": "6a9a3bf7462e4bbfa78ef636",
      "insert_len": 0,
      "status": "success"
    },
    {
      "url": "https://news.qq.com/rain/a/20260903A072MB00",
      "title": "泰国泰建泰党促政府救学生贷款基金 斥总理只顾唱歌 学生痛哭",
      "collection_id": "6a9a3bf7462e4bbfa78ef6a0",
      "insert_len": 0,
      "status": "success"
    },
    {
      "url": "https://news.qq.com/rain/a/20260903A074HX00",
      "title": "广东：在符合国土空间规划的前提下 农村集体经济组织可按新规划用途（商品住宅除外）实行低效用地再开发",
      "collection_id": "6a9a3bf8462e4bbfa78ef6e1",
      "insert_len": 0,
      "status": "success"
    },
    {
      "url": "https://news.qq.com/rain/a/20260903A074US00",
      "title": "执结拖欠企业账款案件144件 ，407家企业完成信用修复，济南法院打出司法护企组合拳",
      "collection_id": "6a9a3bf8462e4bbfa78ef755",
      "insert_len": 0,
      "status": "success"
    },
    {
      "url": "https://news.qq.com/rain/a/20260903A074JE00",
      "title": "《2025/2026中国出版品牌影响力报告》发布，“原力”蝉联科学新知类第一",
      "collection_id": "6a9a3bf9462e4bbfa78ef815",
      "insert_len": 0,
      "status": "success"
    },
    {
      "url": "https://news.qq.com/rain/a/20260903A0730D00",
      "title": "松江的居住质感，被这场交付拉到了新高度",
      "collection_id": "6a9a3bf9462e4bbfa78ef8cd",
      "insert_len": 0,
      "status": "success"
    },
    {
      "url": "https://news.qq.com/rain/a/20260903A073H900",
      "title": "外卖大战周年财报复盘：三张利润表，三种胜利",
      "collection_id": "6a9a3bfa462e4bbfa78ef970",
      "insert_len": 0,
      "status": "success"
    },
    {
      "url": "https://news.qq.com/rain/a/20260903A070IR00",
      "title": "搜索智能体需要“会犯错的老师”还是“永远正确的老师”？",
      "collection_id": "6a9a3bfa462e4bbfa78efa24",
      "insert_len": 0,
      "status": "success"
    },
    {
      "url": "https://news.qq.com/rain/a/20260903A0751Z00",
      "title": "秒变露营神器！小米澎程N90 Max车顶帐篷定制版实车曝光",
      "collection_id": "6a9a3bfa462e4bbfa78efa8d",
      "insert_len": 0,
      "status": "success"
    },
    {
      "url": "https://news.qq.com/rain/a/20260903A074SY00",
      "title": "",
      "collection_id": null,
      "insert_len": 0,
      "status": "failed",
      "error": "EOF occurred in violation of protocol (_ssl.c:1006)"
    },
    {
      "url": "https://news.qq.com/rain/a/20260903A074DA00",
      "title": "当新能源进入“拼运营”时代，山高新能源靠什么突围",
      "collection_id": "6a9a3bfb462e4bbfa78efb80",
      "insert_len": 0,
      "status": "success"
    },
    {
      "url": "https://news.qq.com/rain/a/20260903A074KN00",
      "title": "",
      "collection_id": null,
      "insert_len": 0,
      "status": "failed",
      "error": "新闻内容过短。"
    },
    {
      "url": "https://news.qq.com/rain/a/20260903A074VN00",
      "title": "江西71地1236站降雨超过100毫米 今明两天仍有暴雨到大暴雨",
      "collection_id": "6a9a3bfc462e4bbfa78efc8f",
      "insert_len": 0,
      "status": "success"
    },
    {
      "url": "https://news.qq.com/rain/a/20260903A0745E00",
      "title": "数据见证担当！办案127件 挽损590万 济南检察精准护企",
      "collection_id": "6a9a3bfc462e4bbfa78efd35",
      "insert_len": 0,
      "status": "success"
    },
    {
      "url": "https://news.qq.com/rain/a/20260903A074VT00",
      "title": "泰国初三男生校内开枪 母称其患抑郁症 曾发威胁信息无人当真",
      "collection_id": "6a9a3bfd462e4bbfa78efde3",
      "insert_len": 0,
      "status": "success"
    },
    {
      "url": "https://news.qq.com/rain/a/20260903A0741M00",
      "title": "佰仁医疗：上半年介入瓣终端植入量同比增长超150%",
      "collection_id": "6a9a3bfd462e4bbfa78efe5b",
      "insert_len": 0,
      "status": "success"
    },
    {
      "url": "https://news.qq.com/rain/a/20260903A074VC00",
      "title": "万辰集团VS鸣鸣很忙：利润少5亿，市值却差约2倍，市场在定价什么？",
      "collection_id": "6a9a3bfe462e4bbfa78efefd",
      "insert_len": 0,
      "status": "success"
    },
    {
      "url": "https://news.qq.com/rain/a/20260903A073AG00",
      "title": "科尔沁草原上重新长出了信心——中国教育学会帮扶内蒙古库伦旗教育振兴纪实",
      "collection_id": "6a9a3bfe462e4bbfa78f0014",
      "insert_len": 0,
      "status": "success"
    },
    {
      "url": "https://news.qq.com/rain/a/20260903A0755X00",
      "title": "国务院任免国家工作人员",
      "collection_id": "6a9a3bff462e4bbfa78f0121",
      "insert_len": 0,
      "status": "success"
    },
    {
      "url": "https://news.qq.com/rain/a/20260903A074YG00",
      "title": "大和：首予安克创新“买入”评级及目标价170港元",
      "collection_id": "6a9a3bff462e4bbfa78f01a3",
      "insert_len": 0,
      "status": "success"
    },
    {
      "url": "https://news.qq.com/rain/a/20260903A0745R00",
      "title": "闪电深1度｜一声“来了”，三份答卷——菏泽民生保障的温度与厚度",
      "collection_id": "6a9a3c00462e4bbfa78f023f",
      "insert_len": 0,
      "status": "success"
    },
    {
      "url": "https://news.qq.com/rain/a/20260903A071PS00",
      "title": "",
      "collection_id": null,
      "insert_len": 0,
      "status": "failed",
      "error": "新闻内容过短。"
    },
    {
      "url": "https://news.qq.com/rain/a/20260903A074IZ00",
      "title": "",
      "collection_id": null,
      "insert_len": 0,
      "status": "failed",
      "error": "新闻内容过短。"
    },
    {
      "url": "https://news.qq.com/rain/a/20260903A0752700",
      "title": "美妆大牌领涨、破亿品牌超500个：天猫快消增长逻辑生变",
      "collection_id": "6a9a3c00462e4bbfa78f030a",
      "insert_len": 0,
      "status": "success"
    },
    {
      "url": "https://news.qq.com/rain/a/20260903A074UJ00",
      "title": "江西信丰：长征精神润童心",
      "collection_id": "6a9a3c00462e4bbfa78f034d",
      "insert_len": 0,
      "status": "success"
    },
    {
      "url": "https://news.qq.com/rain/a/20260903A074TR00",
      "title": "雷神26.5英寸QD-OLED显示器首发3499元",
      "collection_id": "6a9a3c01462e4bbfa78f03ef",
      "insert_len": 0,
      "status": "success"
    },
    {
      "url": "https://news.qq.com/rain/a/20260903A074IQ00",
      "title": "",
      "collection_id": null,
      "insert_len": 0,
      "status": "failed",
      "error": "新闻内容过短。"
    },
    {
      "url": "https://news.qq.com/rain/a/20260903A074WI00",
      "title": "",
      "collection_id": null,
      "insert_len": 0,
      "status": "failed",
      "error": "新闻内容过短。"
    },
    {
      "url": "https://news.qq.com/rain/a/20260903A074UC00",
      "title": "起凤桥边洗过衣捉过蟹，她把日子住进了网名里 | 泉居记",
      "collection_id": "6a9a3c01462e4bbfa78f04e0",
      "insert_len": 0,
      "status": "success"
    },
    {
      "url": "https://news.qq.com/rain/a/20260903A074XJ00",
      "title": "预期MEGA月销量将逐步复苏，大摩：维持理想汽车“增持”评级",
      "collection_id": "6a9a3c01462e4bbfa78f053d",
      "insert_len": 0,
      "status": "success"
    },
    {
      "url": "https://news.qq.com/rain/a/20260903A074WM00",
      "title": "亲历也门撤侨，3次参与护航任务，这位一级军士长太硬核！",
      "collection_id": "6a9a3c02462e4bbfa78f05be",
      "insert_len": 0,
      "status": "success"
    },
    {
      "url": "https://news.qq.com/rain/a/20260903A074U800",
      "title": "京彩展览｜今日美术馆“万物自有角落——中国原创绘本展”持续展出至10月11日！",
      "collection_id": "6a9a3c02462e4bbfa78f05fc",
      "insert_len": 0,
      "status": "success"
    },
    {
      "url": "https://news.qq.com/rain/a/20260903A075RK00",
      "title": "社校开展垃圾分类环保实践活动",
      "collection_id": "6a9a3c02462e4bbfa78f069c",
      "insert_len": 0,
      "status": "success"
    },
    {
      "url": "https://news.qq.com/rain/a/20260903A075GE00",
      "title": "",
      "collection_id": null,
      "insert_len": 0,
      "status": "failed",
      "error": "新闻内容过短。"
    },
    {
      "url": "https://news.qq.com/rain/a/20260903A0755J00",
      "title": "北京试点启用“京彩消费码” 多方联动构建消费治理新格局",
      "collection_id": "6a9a3c02462e4bbfa78f071b",
      "insert_len": 0,
      "status": "success"
    },
    {
      "url": "https://news.qq.com/rain/a/20260903A074XT00",
      "title": "出口企业持续抛售美元！韩元兑美元汇率时隔1年多首次突破1360",
      "collection_id": "6a9a3c03462e4bbfa78f0760",
      "insert_len": 0,
      "status": "success"
    },
    {
      "url": "https://news.qq.com/rain/a/20260903A0737N00",
      "title": "动用实弹，解放军在黄岩岛对菲律宾上强度？",
      "collection_id": "6a9a3c03462e4bbfa78f07b3",
      "insert_len": 0,
      "status": "success"
    },
    {
      "url": "https://news.qq.com/rain/a/20260903A06ZQG00",
      "title": "蒋梦婕的“一日恋情”，来得快，去得更快",
      "collection_id": "6a9a3c03462e4bbfa78f0842",
      "insert_len": 0,
      "status": "success"
    },
    {
      "url": "https://news.qq.com/rain/a/20260903A075HH00",
      "title": "华为Mate XT 2非凡大师外观细节公布：星钻设计传承，新增青云纹理",
      "collection_id": "6a9a3c03462e4bbfa78f08a1",
      "insert_len": 0,
      "status": "success"
    },
    {
      "url": "https://news.qq.com/rain/a/20260903A075GB00",
      "title": "",
      "collection_id": null,
      "insert_len": 0,
      "status": "failed",
      "error": "新闻内容过短。"
    },
    {
      "url": "https://news.qq.com/rain/a/20260903A0742A00",
      "title": "“体养结合”进长堰 科学运动护晚年 他们把运动健康服务送到老年人身边",
      "collection_id": "6a9a3c04462e4bbfa78f0939",
      "insert_len": 0,
      "status": "success"
    },
    {
      "url": "https://news.qq.com/rain/a/20260903A0755100",
      "title": "规范短视频内容标注答记者问",
      "collection_id": "6a9a3c04462e4bbfa78f0974",
      "insert_len": 0,
      "status": "success"
    },
    {
      "url": "https://news.qq.com/rain/a/20260903A075HD00",
      "title": "iOS 27“iPhone接力”曝光：两台iPhone可共用同一手机号自由切换",
      "collection_id": "6a9a3c05462e4bbfa78f09a8",
      "insert_len": 0,
      "status": "success"
    },
    {
      "url": "https://news.qq.com/rain/a/20260903A0751P00",
      "title": "惠然微电子推出首台双场景高端CD量测设备",
      "collection_id": "6a9a3c05462e4bbfa78f09ea",
      "insert_len": 0,
      "status": "success"
    },
    {
      "url": "https://news.qq.com/rain/a/20260903A0753Q00",
      "title": "西安主城区周边养老宜居新房推荐2026：150—500万元预算，公园医院双近邻的低密电梯洋房这样选",
      "collection_id": "6a9a3c05462e4bbfa78f0a1b",
      "insert_len": 0,
      "status": "success"
    },
    {
      "url": "https://news.qq.com/rain/a/20260903A0751100",
      "title": "《每周一法》| 提高防范意识 守护自身安全",
      "collection_id": "6a9a3c05462e4bbfa78f0a96",
      "insert_len": 0,
      "status": "success"
    },
    {
      "url": "https://news.qq.com/rain/a/20260903A074Y800",
      "title": "湖北这些单位正在招人",
      "collection_id": "6a9a3c05462e4bbfa78f0abb",
      "insert_len": 0,
      "status": "success"
    },
    {
      "url": "https://news.qq.com/rain/a/20260903A074BN00",
      "title": "群防群治百日攻坚（86）｜守护夕阳红！垫江筑牢养老机构消防安全防线",
      "collection_id": "6a9a3c06462e4bbfa78f0b08",
      "insert_len": 0,
      "status": "success"
    },
    {
      "url": "https://news.qq.com/rain/a/20260903A075GF00",
      "title": "",
      "collection_id": null,
      "insert_len": 0,
      "status": "failed",
      "error": "新闻内容过短。"
    },
    {
      "url": "https://news.qq.com/rain/a/20260903A0765V00",
      "title": "送法入企，“典”亮绿色！省生态环境志愿服务普法宣传活动走进四川射洪经开区",
      "collection_id": "6a9a3c06462e4bbfa78f0b81",
      "insert_len": 0,
      "status": "success"
    },
    {
      "url": "https://news.qq.com/rain/a/20260903A075IO00",
      "title": "港股异动 | 康诺亚-B涨超3% 公司国际化战略迎重要里程碑 与Aeira签署独家许可协议",
      "collection_id": "6a9a3c06462e4bbfa78f0bb9",
      "insert_len": 0,
      "status": "success"
    },
    {
      "url": "https://news.qq.com/rain/a/20260903A0754300",
      "title": "9宗地块！总面积约477亩，吸引22家实力房企！泉州土拍市场再出招！",
      "collection_id": "6a9a3c07462e4bbfa78f0c98",
      "insert_len": 0,
      "status": "success"
    },
    {
      "url": "https://news.qq.com/rain/a/20260903A075K100",
      "title": "国际油价跌超1%",
      "collection_id": "6a9a3c08462e4bbfa78f0e07",
      "insert_len": 0,
      "status": "success"
    },
    {
      "url": "https://news.qq.com/rain/a/20260903A075W100",
      "title": "国家体育总局：“十五五”时期将完善竞技体育新型举国体制",
      "collection_id": "6a9a3c07462e4bbfa78f0d76",
      "insert_len": 0,
      "status": "success"
    },
    {
      "url": "https://news.qq.com/rain/a/20260903A0728Y00",
      "title": "舒马赫珍贵遗物来了！三套比赛战袍将在蒙扎公开竞拍",
      "collection_id": "6a9a3c08462e4bbfa78f0e48",
      "insert_len": 0,
      "status": "success"
    },
    {
      "url": "https://news.qq.com/rain/a/20260903A076JI00",
      "title": "遂宁各县（市、区）、市直园区传达学习市第九次党代会精神",
      "collection_id": "6a9a3c08462e4bbfa78f0ef3",
      "insert_len": 0,
      "status": "success"
    },
    {
      "url": "https://news.qq.com/rain/a/20260903A074XC00",
      "title": "江波龙（09976.HK）孖展认购超170亿港元 超购26倍 引入传音、联想等基石投资者",
      "collection_id": "6a9a3c08462e4bbfa78f0f2f",
      "insert_len": 0,
      "status": "success"
    },
    {
      "url": "https://news.qq.com/rain/a/20260903A073BE00",
      "title": "从豪门到绝境！法甲六冠王遭遇绝境，连续踩雷，这次真要消失了？",
      "collection_id": "6a9a3c09462e4bbfa78f1004",
      "insert_len": 0,
      "status": "success"
    },
    {
      "url": "https://news.qq.com/rain/a/20260903A075HP00",
      "title": "SIM卡托零件曝光：iPhone 18 Pro/Max配色再起分歧，黑色或将缺席",
      "collection_id": "6a9a3c09462e4bbfa78f0fd3",
      "insert_len": 0,
      "status": "success"
    },
    {
      "url": "https://news.qq.com/rain/a/20260903A075Z700",
      "title": "又有C919暂时停飞？这次并非是因发动机",
      "collection_id": "6a9a3c09462e4bbfa78f1056",
      "insert_len": 0,
      "status": "success"
    },
    {
      "url": "https://news.qq.com/rain/a/20260903A0760700",
      "title": "开学思政第一课 感悟伟大长征精神",
      "collection_id": "6a9a3c09462e4bbfa78f10ae",
      "insert_len": 0,
      "status": "success"
    },
    {
      "url": "https://news.qq.com/rain/a/20260903A074P100",
      "title": "",
      "collection_id": null,
      "insert_len": 0,
      "status": "failed",
      "error": "EOF occurred in violation of protocol (_ssl.c:1006)"
    },
    {
      "url": "https://news.qq.com/rain/a/20260903A075T300",
      "title": "褪去非议，胡明轩：中国男篮绝境里的沉默关键先生",
      "collection_id": "6a9a3c0a462e4bbfa78f1172",
      "insert_len": 0,
      "status": "success"
    },
    {
      "url": "https://news.qq.com/rain/a/20260903A0751400",
      "title": "松原石化园区：拼经济、稳增长，坚决完成全年目标任务",
      "collection_id": "6a9a3c0a462e4bbfa78f1245",
      "insert_len": 0,
      "status": "success"
    },
    {
      "url": "https://news.qq.com/rain/a/20260903A076BD00",
      "title": "规范电梯维保行业行为 防范电梯安全事故",
      "collection_id": "6a9a3c0b462e4bbfa78f132c",
      "insert_len": 0,
      "status": "success"
    },
    {
      "url": "https://news.qq.com/rain/a/20260903A071II00",
      "title": "",
      "collection_id": null,
      "insert_len": 0,
      "status": "failed",
      "error": "新闻内容过短。"
    },
    {
      "url": "https://news.qq.com/rain/a/20260903A0761600",
      "title": "美媒：中国PHL-191火箭炮发射新型“钢雨”空爆弹药，可重点压制人员与装备",
      "collection_id": "6a9a3c13462e4bbfa78f1cd8",
      "insert_len": 0,
      "status": "success"
    },
    {
      "url": "https://news.qq.com/rain/a/20260903A075JX00",
      "title": "曼晚：曼联今夏曾想签佩奇，遭莱斯特老板叫停",
      "collection_id": "6a9a3c0e462e4bbfa78f1761",
      "insert_len": 0,
      "status": "success"
    },
    {
      "url": "https://news.qq.com/rain/a/20260903A075WM00",
      "title": "Lululemon诉国产瑜伽服品牌商标侵权，索赔2000万元，法院一审驳回",
      "collection_id": "6a9a3c0f462e4bbfa78f188a",
      "insert_len": 0,
      "status": "success"
    },
    {
      "url": "https://news.qq.com/rain/a/20260903A075KJ00",
      "title": "安顺：敲门送医，温暖失能老人",
      "collection_id": "6a9a3c10462e4bbfa78f199e",
      "insert_len": 0,
      "status": "success"
    },
    {
      "url": "https://news.qq.com/rain/a/20260903A0750U00",
      "title": "",
      "collection_id": null,
      "insert_len": 0,
      "status": "failed",
      "error": "EOF occurred in violation of protocol (_ssl.c:1006)"
    },
    {
      "url": "https://news.qq.com/rain/a/20260903A0764900",
      "title": "历时半年15亿定增戛然而止 优刻得乌兰察布智算中心梦碎",
      "collection_id": "6a9a3c14462e4bbfa78f1df7",
      "insert_len": 0,
      "status": "success"
    },
    {
      "url": "https://news.qq.com/rain/a/20260903A076PW00",
      "title": "泰国被遗忘的人口危机",
      "collection_id": "6a9a3c15462e4bbfa78f1e7a",
      "insert_len": 0,
      "status": "success"
    },
    {
      "url": "https://news.qq.com/rain/a/20260903A075H200",
      "title": "首发澎湃OS 4！小米18 Fold预热上新，中折叠新品9月7日亮相",
      "collection_id": "6a9a3c15462e4bbfa78f1f5b",
      "insert_len": 0,
      "status": "success"
    },
    {
      "url": "https://news.qq.com/rain/a/20260903A075W000",
      "title": "下半年央行将维持流动性充裕，超长债配置机遇凸显，30年国债ETF博时(511130)最新资金净流入1.57亿元",
      "collection_id": "6a9a3c15462e4bbfa78f1fa8",
      "insert_len": 0,
      "status": "success"
    },
    {
      "url": "https://news.qq.com/rain/a/20260903A076JH00",
      "title": "华侨城退出，招商蛇口超5亿接下深圳国际会展中心全盘运营权",
      "collection_id": "6a9a3c16462e4bbfa78f206b",
      "insert_len": 0,
      "status": "success"
    },
    {
      "url": "https://news.qq.com/rain/a/20260903A076MF00",
      "title": "重拳整治停车收费乱象 规范收费系统运营秩序",
      "collection_id": "6a9a3c16462e4bbfa78f209b",
      "insert_len": 0,
      "status": "success"
    },
    {
      "url": "https://news.qq.com/rain/a/20260903A075D100",
      "title": "2026年暑运福建口岸出入境旅客近154万人次",
      "collection_id": "6a9a3c16462e4bbfa78f2119",
      "insert_len": 0,
      "status": "success"
    },
    {
      "url": "https://news.qq.com/rain/a/20260903A076B000",
      "title": "砸44亿！近50年澳洲最大文化地标，即将开馆！",
      "collection_id": "6a9a3c16462e4bbfa78f2182",
      "insert_len": 0,
      "status": "success"
    },
    {
      "url": "https://news.qq.com/rain/a/20260903A0767600",
      "title": "大行评级丨瑞银：上调九龙仓置业目标价至31.7港元，上调2026至28年股息预测",
      "collection_id": "6a9a3c17462e4bbfa78f21fd",
      "insert_len": 0,
      "status": "success"
    },
    {
      "url": "https://news.qq.com/rain/a/20260903A070M000",
      "title": "开学第一天，班级群33名家长被骗9108元",
      "collection_id": "6a9a3c17462e4bbfa78f228c",
      "insert_len": 0,
      "status": "success"
    },
    {
      "url": "https://news.qq.com/rain/a/20260903A075P100",
      "title": "宝宝睡觉要不要穿袜子？光着脚丫，有哪些好处",
      "collection_id": "6a9a3c17462e4bbfa78f22d9",
      "insert_len": 0,
      "status": "success"
    },
    {
      "url": "https://news.qq.com/rain/a/20260903A0754Q00",
      "title": "央视王炸年代剧今晚开播！《生逢其时》集齐国民爸妈+闺女，众星打call",
      "collection_id": "6a9a3c17462e4bbfa78f2344",
      "insert_len": 0,
      "status": "success"
    },
    {
      "url": "https://news.qq.com/rain/a/20260903A075WX00",
      "title": "300亿液冷龙头，创新高",
      "collection_id": "6a9a3c19462e4bbfa78f2451",
      "insert_len": 0,
      "status": "success"
    },
    {
      "url": "https://news.qq.com/rain/a/20260903A076O300",
      "title": "【杨柳科普】补牙材料那么多，到底该选哪一种？",
      "collection_id": "6a9a3c18462e4bbfa78f23dd",
      "insert_len": 0,
      "status": "success"
    },
    {
      "url": "https://news.qq.com/rain/a/20260903A075EI00",
      "title": "",
      "collection_id": null,
      "insert_len": 0,
      "status": "failed",
      "error": "EOF occurred in violation of protocol (_ssl.c:1006)"
    },
    {
      "url": "https://news.qq.com/rain/a/20260903A075QY00",
      "title": "“前所未有”！超过1.53亿份被泄露？包括美国防长赫格塞思的信息，FBI紧急调查",
      "collection_id": "6a9a3c19462e4bbfa78f248a",
      "insert_len": 0,
      "status": "success"
    },
    {
      "url": "https://news.qq.com/rain/a/20260903A075T500",
      "title": "中东局势升级，亚洲LNG现货升至2022年12月以来新高",
      "collection_id": "6a9a3c1a462e4bbfa78f253a",
      "insert_len": 0,
      "status": "success"
    },
    {
      "url": "https://news.qq.com/rain/a/20260903A075WU00",
      "title": "盘中，南向资金连买7日！港股红利低波ETF招商(520550)份额历史新高，中信证券点名这一方向",
      "collection_id": "6a9a3c1b462e4bbfa78f25b2",
      "insert_len": 0,
      "status": "success"
    },
    {
      "url": "https://news.qq.com/rain/a/20260903A06RO000",
      "title": "赶紧关窗！8级大风马上到武汉，原因竟是台风罕见“复活”",
      "collection_id": "6a9a3c1b462e4bbfa78f2626",
      "insert_len": 0,
      "status": "success"
    },
    {
      "url": "https://news.qq.com/rain/a/20260903A076AB00",
      "title": "地平线征程智驾芯片量产突破1500万",
      "collection_id": "6a9a3c1c462e4bbfa78f2750",
      "insert_len": 0,
      "status": "success"
    },
    {
      "url": "https://news.qq.com/rain/a/20260903A075RN00",
      "title": "",
      "collection_id": null,
      "insert_len": 0,
      "status": "failed",
      "error": "EOF occurred in violation of protocol (_ssl.c:1006)"
    }
  ]
}
